"Document Title",Authors,"Author Affiliations","Publication Title",Date Added To Xplore,"Publication Year","Volume","Issue","Start Page","End Page","Abstract","ISSN",ISBNs,"DOI",Funding Information,PDF Link,"Author Keywords","IEEE Terms","Mesh_Terms",Article Citation Count,Patent Citation Count,"Reference Count","License",Online Date,Issue Date,"Meeting Date","Publisher",Document Identifier
"Generative Adversarial Networks (GANs) for Crop Simulation and Enhancement: Exploring Synthetic Data for Agricultural Research","K. R. Ahmed; S. I. Chowdhury; S. T. Chowdhury","Miyan Research Institute, International University of Business Agriculture and Technology, Dhaka, Bangladesh; AMAYRAH Research and Development, Dhaka, Bangladesh; United International University, Dhaka, Bangladesh","2026 IEEE 2nd International Conference on Quantum Photonics, Artificial Intelligence & Networking (QPAIN)","11 Jun 2026","2026","","","1","6","Real-world data collection in agriculture is not only highly expensive but also faces challenges due to seasonal variations and limited generalization capabilities for capturing unusual disease patterns and environmental changes, as is required for deep learning models. We propose a new GAN-based model aimed at crop simulation and disease data augmentation. A class-conditional Deep Convolutional GAN will be designed to generate high-resolution, biologically plausible crop disease images by jointly learning visual structures and class-specific disease characteristics. The real samples in our dataset will be combined with these generated synthetic samples to increase training for crop disease classification. The multi-class plant dataset available in PlantVillage is used in the experimental scenario, with classes for healthy and diseased crops. Extensive ablation experiments confirm that the classifier's performance can be enhanced by GAN-based training compared to state-of-the-art deep learning architectures such as ResNet50, DenseNet121, EfficientNetB3, and VGG16. The accuracy of the proposed model, ResNet50 + GAN, is about 98.65%. This shows not only higher precision levels but also a higher recall rate with an F1-score computed accordingly. This validates the realism of the synthetic images developed. This is an implication of the usefulness of synthetic data in addressing data scarcity and class imbalance in the domain of intelligent agriculture.","","979-8-3315-4990-9","10.1109/QPAIN69676.2026.11546197","","https://ieeexplore.ieee.org/stamp/stamp.jsp?arnumber=11546197","Generative Adversarial Networks;Synthetic Data Generation;Crop Disease Classification;Precision Agriculture;Deep Learning;Data Augmentation","Modeling;Crops;Generative adversarial networks;Diseases;Training;Labeling;Equations;Printing;Architecture;Computer architecture","","","","17","IEEE","11 Jun 2026","16-18 April 2026","16-18 April 2026","IEEE","IEEE Conferences"
"Predictive Analytics for Enhancing Crop Yield using Generative Adversarial Networks and its Challenges","U. Bharambe; C. Kakade; C. Narvekar",University of Mumbai; University of Mumbai; University of Mumbai,2024 IEEE India Geoscience and Remote Sensing Symposium (InGARSS),"9 May 2025","2024","","","1","4","In the contemporary landscape of agriculture, predictive analytics has emerged as a pivotal tool for enhancing crop yields. The integration of Generative Adversarial Networks (GANs) into this domain presents a novel approach that promises to significantly improve predictive accuracy. This research delves into the application of GANs for crop yield prediction, highlighting both the potential benefits and inherent challenges. Advanced machine learning approaches provide powerful crop production forecasting solutions, making predictive analytics an increasingly significant tool for enhancing agricultural output. GANs are a unique approach in this subject that generates synthetic data while modelling intricate interactions within agricultural information. This research looks into the use of GANs for crop yield prediction, specifically its capacity to mimic diverse environmental and soil conditions for better yield optimisation. It also highlights major problems in the use of GANs, such as data quality, model stability, and the intrinsic complexity of agricultural systems. The study’s goal is to provide a balanced picture of GANs’ potential and restrictions in predictive agriculture, so helping to build more efficient and sustainable farming practices.","","979-8-3503-9034-6","10.1109/InGARSS61818.2024.10984042","","https://ieeexplore.ieee.org/stamp/stamp.jsp?arnumber=10984042","Generative Adversarial Network (GAN);t-SNE;Variational Auto-Encoders (VAEs);Gross Cropped Area (gca)","Accuracy;Machine learning;Production;Generative adversarial networks;Data models;Agriculture;Predictive analytics;Forecasting;Crop yield;Synthetic data","","","","12","IEEE","9 May 2025","2-5 Dec. 2024","2-5 Dec. 2024","IEEE","IEEE Conferences"
"Hybrid GAN-Augmented Machine Learning for Crop Yield Prediction in Smart Agriculture","S. Sriram; D. S. Kumar; P. Kumar","Dept of ECE, VNR VJIET, Hyderabad, India; Dept of ECE, VNR VJIET, Hyderabad, India; Dept of ECE, VNR VJIET, Hyderabad, India",2025 7th International Conference on Innovative Data Communication Technologies and Application (ICIDCA),"16 Dec 2025","2025","","","1332","1336","Accurate crop yield prediction is vital for resource-efficient agriculture, yet most models suffer from limited and inconsistent datasets. This paper presents a hybrid framework that integrates real-world agricultural records with synthetic data generated using Conditional Tabular GAN (CTGAN) and a custom GAN architecture to enhance model generalization. Six models—CatBoost, XGBoost, Random Forest, Multilayer Perceptron (MLP), Long Short-Term Memory (LSTM), and Convolutional Neural Network (CNN)—were evaluated across diverse crop–season combinations. Experimental results show that GAN-based augmentation significantly improves accuracy, particularly for deep learning models. CatBoost achieved the lowest Mean Squared Error (MSE) of 0.030897, while Random Forest obtained the highest R2 score of 0.895. A deployment-ready prediction system was developed using the best-performing models, enabling real-time yield inference via an interactive user interface. This approach demonstrates the potential of GAN-augmented AI frameworks for scalable, data-driven decision-making in smart agriculture.","","979-8-3315-1414-3","10.1109/ICIDCA66325.2025.11280535","","https://ieeexplore.ieee.org/stamp/stamp.jsp?arnumber=11280535","Smart Agriculture;Crop Yield Prediction;GAN;Machine Learning;Deep Learning;Synthetic Data","Deep learning;Accuracy;Predictive models;Generative adversarial networks;Data models;Convolutional neural networks;Random forests;Long short term memory;Crop yield;Synthetic data","","","","10","IEEE","16 Dec 2025","6-8 Oct. 2025","6-8 Oct. 2025","IEEE","IEEE Conferences"
"Addressing Class Imbalance in Crop Disease Classification Through GAN-Based Synthetic Image Augmentation","V. P. Reddy; D. C. V. R. Reddy; D. R. Nuvvusetty","Department of CSE, Gandhi Institute of Engineering and Technology University, Gunupur, Odisha, India; Department of CSE, Gandhi Institute of Engineering and Technology University, Gunupur, Odisha, India; IT Department, Gokaraju Rangaraju Institute of Engineering & Technology, Nizampet, Hyderabad","2025 Third International Conference on Cyber Physical Systems, Power Electronics and Electric Vehicles (ICPEEV)","22 Dec 2025","2025","","","1","6","Imbalanced datasets are a major challenge in the classification of crop diseases, as they often result in inadequate identification of uncommon disease classes. This study presents a new synthetic data augmentation approach based on Conditional Generative Adversarial Networks (cGANs) to address class imbalance in agricultural image datasets. The proposed framework creates biologically authentic images for disease classes that are scarce, which are validated for relevance and quality using statistical similarity measures and expert agronomist feedback. A lightweight convolutional neural network (CNN) augmented with attention mechanisms is trained on the augmented dataset to improve feature learning and model interpretability. Evaluation in the PlantVillage dataset showed a classification performance boost with the new approach, reaching 92% overall accuracy, 0.89 in F1-score for the minority class, and 38 % reduction in training loss compared to traditional approaches. The framework also adds disease-specific attention focus verifications with Grad-CAM visualizations. Results from this study validated the proposed augmentation as effective in increasing the robustness and generalization of crop disease classification systems, especially for rare and underrepresented diseases.","","979-8-3315-8606-5","10.1109/ICPEEV67897.2025.11291466","","https://ieeexplore.ieee.org/stamp/stamp.jsp?arnumber=11291466","Crop Disease Classification;Generative Adversarial Networks;Synthetic Data Augmentation;Class Imbalance;Attention Mechanism;Conditional GAN;Precision Agriculture;Deep Learning","Training;Precision agriculture;Deep learning;Accuracy;Attention mechanisms;Crops;Generative adversarial networks;Convolutional neural networks;Diseases;Synthetic data","","","","15","IEEE","22 Dec 2025","25-27 Sept. 2025","25-27 Sept. 2025","IEEE","IEEE Conferences"
"Hybrid GAN–Diffusion and Lesion-Aware Generative Models for Crop Disease Classification in Precision Agriculture","P. M. G. Jegathambal; J. Madhavan; K. M. Monica; B. Gayathri; Z. Justin; D. Simon","Department of Computer Science Engineering, Vels Institute of Science, Technology and Advanced Studies (VISTAS), Chennai, India; Department of Electronics and Communication Engineering, Bhoj Reddy Engineering College for Women, Hyderabad, India; School of Computer Science Engineering, Vellore Institute of Technology, Chennai, India; Department of Computer Science, Bishop Heber College Autonomous, Affiliated To Bharathidasan University, Tiruchirapalli, India; Department of English, RMK College of Engineering and Technology, Thiruvallur, India; Department of Manufacturing, Saveetha Institute of Science Technology, Chennai, India",2025 International Conference on Emerging Technologies and Innovation for Sustainability (EmergIN),"30 Mar 2026","2025","","","791","796","Crop diseases are an ongoing threat to global food production, and advancements made in automated diagnosis are limited due to the public image datasets being sparse and disorganized. Applications of Generative Adversarial Networks (GANs) to training set augmentation mostly neglect important lesion characteristics or produce images that focus on idealized laboratory conditions, and therefore, miss capturing conditions in the field. To address this gap, we created a hybrid framework that combines conditional GANs, lesion-aware synthesis, diffusion-based refinement, and Cycle GAN-driven domain adaptation. This framework was validated on Plant Village and the New Plant Disease dataset for tomato late blight and grape Esca. We evaluated image quality using SSIM, FID, and LPIPS metrics. Classification performance was evaluated using CNN and lightweight models, Mobile Net and Efficient Net. The pipeline showed a 7.2% increase in recall and 6.6% increase in F1-score compared to standard augmentation, specifically targeting the under sampled disease class, where augmentation impact was most significant. All figures are reproducible given the five independent iterations per dataset. These were executed on an NVIDIA RTX 3090 (24 GB) GPU, with PyTorch 2.1. The additional computational burden that diffusion refinement entails and the dependence on the quality of segmentation in lesion-aware synthesis do not overshadow the framework’s enhancement in reliability and robustness, nor the fully operational pathway toward edge-ready solutions in precision agriculture.","","979-8-3315-5603-7","10.1109/EmergIN67762.2025.11450654","","https://ieeexplore.ieee.org/stamp/stamp.jsp?arnumber=11450654","Synthetic image generation;Crop disease classification;Conditional GAN;Diffusion models;Lesion-aware GANs;Domain adaptation;Precision agriculture","Precision agriculture;Training;Adaptation models;Technological innovation;Pipelines;Crops;Generative adversarial networks;Robustness;Sustainable development;Standards","","","","15","IEEE","30 Mar 2026","28-29 Nov. 2025","28-29 Nov. 2025","IEEE","IEEE Conferences"
"Maize Growth and Condition Monitoring with Multisensor Remotely Sensed Time Series","G. Ghazaryan; O. Dubovyk; J. Schreier; V. Graw; J. Schellberg","Center for Remote Sensing of Land Surfaces (ZFL), University of Bonn, Germany; Center for Remote Sensing of Land Surfaces (ZFL), University of Bonn, Germany; Center for Remote Sensing of Land Surfaces (ZFL), University of Bonn, Germany; Center for Remote Sensing of Land Surfaces (ZFL), University of Bonn, Germany; Institute of Crop Science and Resource Conservation (INRES), University of Bonn, Germany",IGARSS 2019 - 2019 IEEE International Geoscience and Remote Sensing Symposium,"14 Nov 2019","2019","","","2818","2821","Crop growth and condition monitoring is important for estimating crop production and supporting agricultural management. We used several remotely sensed datasets for mapping phenometrics and assessing maize condition. For the derivation of phenometrics, MODIS data were integrated with Landsat-8 and Sentinel-2 to create synthetic time series in order to fill the missing values in original data. For crop condition monitoring, indicators were derived based on vegetation index time series and Land Surface Temperature (LST). The synthetic data could estimate the start and the end of the season with 3-12 days deviation. Vegetation indices were sensitive to crop condition during growing seasons with unfavorable hydroclimatic conditions. LST was a useful indicator of drought-induced crop stress with prediction rates over 80%. The developed approach can be further used to assess crop condition on field level in areas vulnerable to extreme events such as droughts.","2153-7003","978-1-5386-9154-0","10.1109/IGARSS.2019.8898224","","https://ieeexplore.ieee.org/stamp/stamp.jsp?arnumber=8898224","Maize condition;Landsat-8;Sentinel-2 agriculture;crop management","Remote sensing;Agriculture;Earth;Artificial satellites;MODIS;Time series analysis;Vegetation mapping","","1","","19","IEEE","14 Nov 2019","28 July-2 Aug. 2019","28 July-2 Aug. 2019","IEEE","IEEE Conferences"
"Synthetic Climate Data Generation Using Generative Adversarial Networks for Drought Modelling in Southern Africa","J. Katambo; L. Ribbe; V. Kongo","Informatics Namibia University of Science and Technology, Windhoek, Namibia; Spatial Development TH Köln, University of Applied Sciences, Cologne, Germany; Climate Resilience, Global Water Partnership Tanzania, Dar es Salaam, Tanzania",2025 International Conference on Emerging Trends in Networks and Computer Communications (ETNCC),"23 Dec 2025","2025","","","1","8","This study investigates the application of generative adversarial networks (GANs) for generating synthetic climate data to support drought modelling in datascarce regions of Southern Africa. The primary focus was to reconstruct long-term time series of soil moisture and sunshine duration. These variables are crucial for understanding drought dynamics but are often characterised by incomplete records. Soil moisture and sunshine duration data were obtained from online sources. Subsequently, the GAN model was trained on these real-world datasets containing substantial gaps to learn their temporal structures and generate realistic synthetic values for the missing periods. A key contribution of this work is the application of GANs to reconstruct these critical variables, producing a 50-year hybrid dataset (1972-2022) that combines observed and synthetic data. The GAN discriminator achieved an area under the receiver operating characteristic curve score of 0.889. This indicates strong classification capability and aligns with results reported in comparable studies. To evaluate the practical utility of the synthetic data, the hybrid datasets were employed as inputs for random forest and feedforward neural network models for drought prediction. The results demonstrate that integrating these synthetic variables improved drought prediction model accuracy, with some synthetic variables outperforming traditional ones in feature importance rankings. This underscores the potential of GANs to mitigate observational data limitations in climate applications. The study contributes to developing hybrid modelling strategies and highlights the role of generative models in enhancing predictive capabilities in regions with limited observational data.","","979-8-3315-2565-1","10.1109/ETNCC66224.2025.11299720","German Government through the Federal Ministry of Education and Research (BMBF)(grant numbers:01LG2091A); ","https://ieeexplore.ieee.org/stamp/stamp.jsp?arnumber=11299720","prediction;classification;modelling;data augmentation;synthetic data","Computational modeling;Droughts;Soil moisture;Time series analysis;Training data;Africa;Predictive models;Generative adversarial networks;Data models;Synthetic data","","","","34","IEEE","23 Dec 2025","5-7 Aug. 2025","5-7 Aug. 2025","IEEE","IEEE Conferences"
"Detection of Crop Leaf Diseases Using Gl-Cgan Based Data Augmentation","C. Hu; Y. Liu; J. Xiang; Z. Chen","College of Informatics Huazhong Agricultural University, Wuhan, China; College of Informatics Huazhong Agricultural University, Wuhan, China; College of Informatics Huazhong Agricultural University, Wuhan, China; College of Informatics Huazhong Agricultural University, Wuhan, China",2021 International Conference on Machine Learning and Cybernetics (ICMLC),"24 Mar 2022","2021","","","1","5","Diagnosis and identification of crop diseases are of great significance for improving crop quality. The application of computer vision technology based on deep learning models in crop disease identification has incomparable advantages over traditional artificial diagnosis and recognition methods and improves the ability of crop disease monitoring and early prediction. On the other hand, training the models requires a large amount of data, but most of the crop leaf diseases image data are insufficient or unbalanced, which results in a great limitation of performance for various tasks. To solve the data imbalance problem, the application of augmentation methods based on Generative Adversarial Networks(GAN) is proposed. In this paper, we present a data augmentation method using conditional GL-GAN(GL-CGAN) based on adaptive global and local bilevel optimization model(GL-GAN) and Auxiliary Classifier GANs(ACGAN). We first train the model based on the Plant Village dataset and then employ it to the expanded image datasets. By adding the synthetic data the accuracy of the classifier is higher than the models which are trained only on the original dataset","2160-1348","978-1-6654-6608-0","10.1109/ICMLC54886.2021.9737251","National Key R&D Program of China(grant numbers:2018YFC1604000); Fundamental Research Funds for the Central Universities(grant numbers:2662021JC008,2662019TYJ003); ","https://ieeexplore.ieee.org/stamp/stamp.jsp?arnumber=9737251","Leaf diseases detection;Imbalance data;Data enhancement;Generative Adversarial Networks;GL-GAN","Deep learning;Training;Adaptation models;Computational modeling;Crops;Generative adversarial networks;Data models","","2","","33","IEEE","24 Mar 2022","4-5 Dec. 2021","4-5 Dec. 2021","IEEE","IEEE Conferences"
"Advanced Generative Adversarial Network Based Image Augmentation for Agricultural Applications Using Convolutional Neural Networks","P. Bhaskar; G. Himabindu; N. M. Reddy","Department of Computer Science and Engineering, Santhiram Engineering College, Nandyal, Andhra Pradesh; Department of Computer Science and Engineering (AI&ML), Santhiram Engineering College, Nandyal, Andhra Pradesh; Department of Computer Science and Engineering, Rajeev Gandhi Memorial College of Engineering and Technology, Nandyal, Andhra Pradesh",2026 5th International Conference on Sentiment Analysis and Deep Learning (ICSADL),"31 Mar 2026","2026","","","1","5","To improve the efficiency of agricultural output, vision-driven smart agriculture has arisen as a crucial strategy. Though deep learning approaches have many potential applications in agriculture, the high expense and difficulty of picture tagging in varied and unstructured field settings is a big obstacle to their widespread use. We propose an Advanced Generation Adversarial Network and a Convolutional Neural Network, also called to create synthetic agricultural photographs that seem realistic, in order to address this difficulty. Three essential elements of field scenescrops, weeds, and soilwere included into the synthetic visuals. At first, we used Excess Greens and minimal error threshold segmentation to automatically remove weed and crop sections. With the help of the CNN to direct feature learning and guarantee semantic coherence between created and actual pictures, the suggested Advanced GAN was trained using these segmented areas, and it synthesized very varied and realistic variants. The CNNAdvanced GAN framework that was suggested was thoroughly tested on three main computer vision tasks: semantic segmentation, object identification, and picture classification. ResNet, YOLOv5, and DeeplabV3 were among the benchmark models used. Model generalizability and robustness were shown to have significantly improved based on the experimental findings. Accuracy was 0.99 for the classification model, 0.98 for object identification, and 0.96 for semantic segmentation in terms of Intersection over Union. Another benefit of using high-quality synthetic data is that it helped speed up the data set preparation process by decreasing the amount of human annotation effort. In sum, the suggested approach proves that a combination of convolutional neural networks and advanced generative adversarial networks is a powerful tool for agricultural picture augmentation, resulting in enhanced deep learning capabilities in complicated field settings. By using this method, not only is manual labelling made easier, but future smart agricultural applications like automated weed identification, crop monitoring, and precision farming will also be able to scale more easily.","","979-8-3315-6883-2","10.1109/ICSADL67539.2026.11451786","","https://ieeexplore.ieee.org/stamp/stamp.jsp?arnumber=11451786","Automated Farming;Artificial Intelligence;Advanced Generative Adversarial Network;Deep Learning;Excess Green;Resent;Image Enhancement;Synthetic Images Classification of Images;Object Recognition;Semantic Segmentation using YOLOv5 and DeeplabV3","Deep learning;Training;Accuracy;Computational modeling;Semantic segmentation;Generative adversarial networks;Convolutional neural networks;Object recognition;Diseases;Farming","","1","","8","IEEE","31 Mar 2026","18-20 Feb. 2026","18-20 Feb. 2026","IEEE","IEEE Conferences"
"Time Series Mixup for Crop Segmentation in Domain Adaptation","B. Andrei; A. -A. Dinescu; S. -C. Cândea; C. Florea","Image Processing and Analysis Laboratory, National University of Science and Technology Politehnica, Bucharest, Romania; Image Processing and Analysis Laboratory, National University of Science and Technology Politehnica, Bucharest, Romania; Image Processing and Analysis Laboratory, National University of Science and Technology Politehnica, Bucharest, Romania; Electronics and Computers Dept, Transilvania University of Brasov and National Univ. of Sc. and Tech. Politehnica",2025 International Conference on Machine Intelligence for GeoAnalytics and Remote Sensing (MIGARS),"12 Nov 2025","2025","","","1","4","Scalable crop monitoring from satellite time series requires models that generalize across regions and seasons with limited labeled data. We propose a domain adaptation framework using pixel-set encoders and temporal self-attention to reduce reliance on large annotations. Leveraging the PASTIS dataset and a smaller Romanian dataset, we introduce a mixup strategy to adapt source data and regularize low-resource targets. Experiments show a noticeable improvement over baselines, highlighting the value of targeted augmentation and temporal alignment in low-resource settings. The method promises to support the use of data-intensive models in low-resource agricultural monitoring scenarios.","","979-8-3315-7920-3","10.1109/MIGARS67156.2025.11232009","","https://ieeexplore.ieee.org/stamp/stamp.jsp?arnumber=11232009","Satellite image time series;Crop classification;Region-adaptive learning;Data augmentation;Remote sensing in agriculture","Training;Adaptation models;Satellites;Time series analysis;Crops;Satellite images;Spatial resolution;Remote sensing;Monitoring;Machine intelligence","","1","","14","IEEE","12 Nov 2025","2-4 Sept. 2025","2-4 Sept. 2025","IEEE","IEEE Conferences"
"Augmenting the Proficiencies of GANs Through Modernizing Agriculture and Healthcare","M. Jothi; T. Veeramakali","Department of Data Science and Business Systems, School of Computing, SRM Institute of Science and Technology, Kattankulathur, Tamilnadu, India; Department of Data Science and Business Systems, School of Computing, SRM Institute of Science and Technology, Kattankulathur, Tamilnadu, India",2025 8th International Conference on Trends in Electronics and Informatics (ICOEI),"30 May 2025","2025","","","203","208","Nowadays, generative models with deep learning have a focus and give enormous success in various real-time experience domains. Deep learning (DL) is a subdivision of machine learning that is inspired by the structure and function of human brain activity, known as artificial neural networks. It is a data-driven technique that achieves the best accuracy while using a large number of input samples. Generative Adversarial Networks (GANs) are a robust class of neural networks used for unsupervised learning under DL categories. GAN is one of the most influential architectures demonstrating remarkable success in generating high-quality data. The reusable feature learning process from a huge number of unlabelled data paves the way for research. This survey article discusses an overview of the GAN model, such as the original GAN, Conditional GANs, and resolution GANs, along with their specific adaptations for various tasks. Additionally, we examine the situations faced by Generative Adversarial Networks depending on various applications such as image and video generation, medical image analysis, text-to-image synthesis, agriculture, and creative industries such as music and art. This survey explores diverse applications of recently developed frameworks and benchmark datasets used for development, along with their architecture and metric evaluations.","","979-8-3315-4460-7","10.1109/ICOEI65986.2025.11013056","","https://ieeexplore.ieee.org/stamp/stamp.jsp?arnumber=11013056","Artificial intelligence;Deep learning;Generative Adversarial Network;Image processing techniques","Deep learning;Surveys;Measurement;Image analysis;Accuracy;Generative adversarial networks;Agriculture;Real-time systems;Medical diagnostic imaging;Farming","","1","","18","IEEE","30 May 2025","24-26 April 2025","24-26 April 2025","IEEE","IEEE Conferences"
"Leveraging Generative AI for Accurate Crop Disease Detection","L. Deepak; N. H D; P. K J; S. A; H. S. Jayanna","Dept. of Information Science, Siddaganga Institute of Technology, Tumakuru, India; Dept. of Information Science, Siddaganga Institute of Technology, Tumakuru, India; Dept. of Information Science, Siddaganga Institute of Technology, Tumakuru, India; Dept. of Information Science, Siddaganga Institute of Technology, Tumakuru, India; Dept. of Information Science, Siddaganga Institute of Technology, Tumakuru, India",2025 3rd International Conference on Smart Systems for applications in Electrical Sciences (ICSSES),"2 Jun 2025","2025","","","1","5","Crop diseases are one of the major threats to agriculture. They severely impact productivity and sustainability. This paper presents a Artificial Intelligence-driven framework for accurate crop disease detection using Conditional Generative Adversarial Networks (cGANs) and ResNet18. cGANs are used to generate high-quality synthetic images of diseased crops, which enrich datasets usually constrained by data scarcity. These enriched data are utilized in fine-tuning ResNet18. Notable classification accuracies are observed for both training, at 96.15%, and validation set, at 95.26%, despite having changed environmental conditions. Further integrating with the Gemini Application Program Interface, it is designed to deliver real-time and actionable disease-related information. It comes equipped with a friendly web interface developed in Streamlit to provide farmers easy access for the disease diagnosis and sustainable remedies. It is an easy-to-scale solution that exhibits how Generative AI can change agriculture through timely interventions and the development of healthy crops with sustainable agriculture practices.","","979-8-3315-0767-1","10.1109/ICSSES64899.2025.11009749","","https://ieeexplore.ieee.org/stamp/stamp.jsp?arnumber=11009749","Generative AI;cGAN;ResNet;Gemini API;Disease Detection;Sustainable Agriculture","Training;Productivity;Accuracy;Generative AI;Crops;Smart systems;Agriculture;Real-time systems;Sustainable development;Diseases","","","","12","IEEE","2 Jun 2025","21-22 March 2025","21-22 March 2025","IEEE","IEEE Conferences"
"A GAN-Augmented Multi-Scale Feature Fusion Framework for Explainable Crop Disease Detection","G. Sunitha; B. Reddy.A; G. P. Harshitha; M. Likitha; K. U. Rani; M. Dinesh Kumar Reddy","Dept. of CSE, School of Computing, Mohan Babu University, Tirupati, A.P, India; Dept. of CSE, School of Computing, Mohan Babu University, Tirupati, A.P, India; Dept. of CSE, Mohan Babu University, Tirupati, AP, India; Dept. of CSE, Mohan Babu University, Tirupati, AP, India; Dept. of CSE, Mohan Babu University, Tirupati, AP, India; Dept. of CSE, Mohan Babu University, Tirupati, AP, India",2026 6th International Conference on Image Processing and Capsule Networks (ICIPCN),"23 Mar 2026","2026","","","1282","1289","The identification of crop diseases plays a crucial role in safeguarding agricultural productivity and ensuring global food security by enabling timely intervention and minimizing yield losses. Early diagnosis mitigates economic repercussions, optimizes pesticide application, and promotes sustainable agricultural practices. Automated detection systems enhance effective crop management and facilitate informed decision-making through increased accuracy and scalability. This research introduces a GAN-augmented multi-scale feature fusion network as an innovative methodology for crop disease detection and interpretability. To address class imbalance and improve generalization in real-world agricultural contexts, we employ generative adversarial networks (GANs) to enrich training datasets with diverse, high-quality synthetic crop images. The proposed framework utilizes a deep convolutional architecture with multi-scale feature fusion to extract hierarchical disease characteristics from leaf images, thereby enhancing recognition of subtle symptomatology across varying conditions. Our solution achieves cutting-edge detection accuracy (99.95% validation accuracy, AUC = 1.0), robust performance with limited data, and enhanced explainability through SHAP and LIME techniques. Comprehensive experiments conducted on publicly available crop disease datasets demonstrate superior performance compared to traditional methods including VGG16, ResNet50, and conventional augmentation approaches. This research advances precision agriculture and supports informed strategies for crop disease management by offering a scalable, interpretable deep learning instrument.","","979-8-3315-9981-2","10.1109/ICIPCN67432.2026.11438678","","https://ieeexplore.ieee.org/stamp/stamp.jsp?arnumber=11438678","Crop Disease Detection;Generative Adversarial Networks (GAN);Multi-Scale Feature Fusion;Deep Learning;Data Augmentation;Class Imbalance;Explainable Artificial Intelligence (XAI);SHAP;LIME;Precision Agriculture","Precision agriculture;Deep learning;Accuracy;Explainable AI;Biological system modeling;Scalability;Crops;Feature extraction;Generative adversarial networks;Diseases","","","","15","IEEE","23 Mar 2026","27-29 Jan. 2026","27-29 Jan. 2026","IEEE","IEEE Conferences"
"Soil Moisture Prediction Model Based on Variable Attention Data-Augmented Transformer","G. Yin; X. Huang; Y. Guo; Z. Ren; W. Ding","College of Computer and Information Engineering, Tianjin Normal University, Tianjin, China; College of Computer and Information Engineering, Tianjin Normal University, Tianjin, China; College of Computer and Information Engineering, Tianjin Normal University, Tianjin, China; College of Computer and Information Engineering, Tianjin Normal University, Tianjin, China; College of Computer and Information Engineering, Tianjin Normal University, Tianjin, China","2025 IEEE 7th Advanced Information Management, Communicates, Electronic and Automation Control Conference (IMCEC)","20 Jan 2026","2025","7","","479","483","Accurate soil moisture prediction is crucial for sustainable agricultural water management in semi-arid regions, but traditional deep learning models often face overfitting and prediction instability in small-sample scenarios. This paper proposes an improved Transformer model for soil moisture prediction, integrating Gaussian noise data augmentation. The model employs “variable as token” design, capturing correlations among meteorological factors via multi-variable attention mechanisms and introducing controllable Gaussian perturbations to construct multi-scale augmented training sets, enhancing generalization under sparse data conditions. Based on data from 2005-2014 at two monitoring stations across four depth levels at Huibei Hydrological Experimental Station, experiments show that the model with 32 × data augmentation improved the Nash-Sutcliffe Efficiency coefficient by 99.3 % and reduced the Root Mean Square Error by 47.0 % compared to the unaugmented standard Transformer. The method achieved NSE above 0.75 across depths and stations, excelling in deep soil prediction. This approach effectively addresses sparse data and observation uncertainty in agricultural time series, providing reliable support for intelligent soil moisture monitoring and precision irrigation decisions.","2693-2776","979-8-3315-1355-9","10.1109/IMCEC66174.2025.11331787","","https://ieeexplore.ieee.org/stamp/stamp.jsp?arnumber=11331787","Soil Moisture Prediction;Transformer;Data Augmentation;Time Series","Training;Uncertainty;Gaussian noise;Soil moisture;Time series analysis;Predictive models;Transformers;Data augmentation;Data models;Monitoring","","","","14","IEEE","20 Jan 2026","5-7 Dec. 2025","5-7 Dec. 2025","IEEE","IEEE Conferences"
"Generative Adversarial Networks Based Approach for Data Augmentation in Mango Leaf Disease Detection System","A. Sharma; H. Kaur; D. Prashar","Department of Computer Science and Engineering, Lovely Professional University, Phagwara, Punjab; Department of Computer Science and Engineering, Lovely Professional University, Phagwara, Punjab; Department of Computer Science and Engineering, Lovely Professional University, Phagwara, Punjab",2023 IEEE 12th International Conference on Communication Systems and Network Technologies (CSNT),"31 May 2023","2023","","","816","821","Mango is a precious commodity in India as it is also known as the ‘‘king of Fruits However much of the crop yield is lost due to diseases, even if the government intends to use some machine learning algorithms to reduce the human workforce required to identify and classify the plants there is not an extensive dataset available to train models and get good accuracy. The solution to this issue can be found in the field of Reinforcement learning algorithms to generate new images of infected and healthy Mango leaves. This is a form of data augmentation. In this study, three algorithms were trained to create an entirely new dataset based on a manually collected Mango leaves dataset as inputs. The three algorithms Wasserstein Generative Adversarial Networks (WGAN), Deep Convolutional Generative Adversarial Networks (DCGAN) and Generative Adversarial Networks (GAN) are then compared with each other to find the best algorithm to produce the new dataset","2473-5655","978-1-6654-6261-7","10.1109/CSNT57126.2023.10134707","","https://ieeexplore.ieee.org/stamp/stamp.jsp?arnumber=10134707","Disease Detection Systenb;GAN;WGAN;DCGAN;LeafDisease Classification","Training;Deep learning;Machine learning algorithms;Government;Crops;Reinforcement learning;Generative adversarial networks","","5","","19","IEEE","31 May 2023","8-9 April 2023","8-9 April 2023","IEEE","IEEE Conferences"
"Intelligent Cotton Yield Prediction Using Hybrid Random Forest–LSTM Model with Synthetic Data Augmentation","N. V. S. Natteshan; G. S. Sai; K. V. Krishna","Department of Computer Science and Engineering, Vel Tech University, Chennai, Tamil Nadu, India; Department of Computer Science and Engineering, Vel Tech University, Chennai, Tamil Nadu, India; Department of Computer Science and Engineering, Vel Tech University, Chennai, Tamil Nadu, India",2026 World Conference on Computational Science and Technology (WcCST),"5 May 2026","2026","","","294","300","This paper proposes an intelligent system for the prediction of cotton crop yield and the classification of diseases using a hybrid Random Forest-LSTM network with synthetic data augmentation. This system combines the advantages of Random Forest and LSTM networks using synthetic data augmentation techniques. Several machine learning algorithms were compared with the proposed system, including Linear Regression, Random Forest, LSTM, and XGBoost. Experimental results show that the proposed system outperforms the baseline models with an RMSE of 0.421, MAE of 0.298, and $\mathrm{R}^{2}$ score of 0.93, indicating the accuracy of the proposed system. Moreover, the proposed system was also utilized to classify the diseases affecting the cotton crop using the MobileNet-based convolutional neural network with up to 93","","979-8-3315-9966-9","10.1109/WcCST67302.2026.11495991","","https://ieeexplore.ieee.org/stamp/stamp.jsp?arnumber=11495991","Cotton Yield Prediction;Machine Learning;Synthetic Data;Field Data;Multi Linear Regression;Support Vector Machine (SVM);Random Forest;LightGBM;Neural Networks;Decision Tree;Disease Classification;CNN;MobileNet","Satellite images;Earth Observing System;Radio frequency;Protocols;HTTP;Radio communication;Long short term memory;Machine learning;Random forests;Support vector machines","","","","15","IEEE","5 May 2026","26-27 March 2026","26-27 March 2026","IEEE","IEEE Conferences"
"Reconstruction of Airborne Radargrams Using a Generative Adversarial Network Trained on Synthetic Data","M. Li; G. P. Redding; P. Delmas; M. Fukuoka; S. T. McColl; S. L. Moan; D. Parker","Sch. of Natural Science and Food Technology, Massey University, Palmerston North, New Zealand; Sch. of Natural Science and Food Technology, Massey University, Palmerston North, New Zealand; Dept. of Computer Science, The University of Auckland, Auckland, New Zealand; MoriTech Ltd., Palmerston North, New Zealand; GNS Science, Lower Hutt 5040, New Zealand; Dept. of Computer Science, Norwegian University of Science and Technology, Gjøvik, Norway; inSite Archaeology Ltd., Levin, New Zealand",2025 13th International Workshop on Advanced Ground Penetrating Radar (IWAGPR),"14 Aug 2025","2025","","","1","5","Airborne ground penetrating radar has become a viable archaeological or civil engineering subsurface survey method. One of the key challenges in obtaining quality data is the shape distortion introduced by the antenna-ground air gap. In this work, we explored an approach to overcome it by training a generative adversarial network that generates equivalent groundcoupled radargrams from airborne radargrams. Due to limited real airborne dataset availability, we generated synthetic data to train a model. The trained model was then tested on real field data we collected using a controlled setup. The results show that the generated radargrams are comparable to the ground truth data, demonstrating proof of concept. More varied data could be used to improve the model for future work.","2687-7899","979-8-3315-2335-0","10.1109/IWAGPR65621.2025.11108996","","https://ieeexplore.ieee.org/stamp/stamp.jsp?arnumber=11108996","Airborne GPR;GAN;synthetic data","Training;Surveys;Ground penetrating radar;Shape;Atmospheric modeling;Conferences;Generative adversarial networks;Distortion;Data models;Synthetic data","","","","19","IEEE","14 Aug 2025","2-4 July 2025","2-4 July 2025","IEEE","IEEE Conferences"
"Tomato Leaf Disease Detection Using Conditional Generative Adversarial Network","N. G. S; M. Al-Farouni; P. Sakthivel; E. Suganya; Ambrayya","Department of Information Science and Engineering, S.E.A. College Of Engineering and Technology, Bangalore, India; The Islamic university, Najaf, Iraq; Information Technology, Sona College of Technology, Salem, Tamilnadu, India; Dept of ECE, Nitte Meenakshi Institute of Technology, Bengaluru, India; Electronics and Communication Engineering, Ballari Institute of Technology and Management, Karnataka, India",2024 International Conference on Distributed Computing and Optimization Techniques (ICDCOT),"8 May 2024","2024","","","1","4","The accurate and timely detection of tomato leaf disease enhances production quality, amount, efficiency that satisfies the customer with much affordable rate. The farmer efforts for harvests through the season are not misused. The Deep Learning (DL) techniques are used to identify and detect the infected crops. The conditional Generative Adversarial Network (GAN) is proposed in this paper for tomato leaf disease detection. The PlantVillage dataset is used that covers ten classes with 16012 tomato leaf images and it is preprocessed by noise removal. Then, the conditional GAN is used for leaf disease detection. The GAN with conditional setting is applied that minimize the solution space. The super-resolved images unable to has huge reliability but much realistic and huge perceptual quality. The accuracy, sensitivity, f1score and precision are used to estimate the conditional GAN performance. The conditional GAN obtains accuracy 99.79%, sensitivity 99.35%, f1-score 99.21% and precision 99.53% when compared to existing techniques like ResNet and Compact Convolutional Neural Network (CNN).","","979-8-3503-8295-2","10.1109/ICDCOT61034.2024.10515893","","https://ieeexplore.ieee.org/stamp/stamp.jsp?arnumber=10515893","deep learning;convolutional neural network;generative adversarial network;noise removal;tomato leaf disease","Sensitivity;Image resolution;Noise;Neural networks;Production;Generative adversarial networks;Convolutional neural networks","","5","","13","IEEE","8 May 2024","15-16 March 2024","15-16 March 2024","IEEE","IEEE Conferences"
"Random Pixel Selection through Image Cropping for Data Augmentation and Classification","B. Nouara; M. Bilal","LESIA Laboratory, University of Mohamed Khider, Biskra, Algeria; Dept. of computer science, University of Mohamed Khider, Biskra, Algeria",2022 International Symposium on iNnovative Informatics of Biskra (ISNIB),"28 Mar 2023","2022","","","1","6","Data augmentation is one of the strategies addressing the challenge of lack of data, which constitutes an obstacle to getting high accuracy during training Deep Neural Networks. Through this paper, we propose a new method based on the random selection of pixels by cropping some rows and columns from a given image to create new images with a reduced number of pixels. It allows the creation of images with new rows and columns which differ from the original image. This assures enriching and diversifying the original dataset while trying to capture the regions of interest and dismiss the other regions, which leads to better generalization of the training model, The accuracy of the proposed method on Deep Convolution Neural Network applied to the Kaggle Cat VS Dog dataset achieves 77.05% with 40000 samples, whereas the accuracy when applied the original dataset (with 10000 samples) was 73.65%.","","979-8-3503-2065-7","10.1109/ISNIB57382.2022.10076253","","https://ieeexplore.ieee.org/stamp/stamp.jsp?arnumber=10076253","Image classification;data augmentation;pixel selection;image cropping","Training;Deep learning;Backpropagation;Databases;Convolution;Neural networks;Optimization methods","","3","","19","IEEE","28 Mar 2023","7-8 Dec. 2022","7-8 Dec. 2022","IEEE","IEEE Conferences"
"YOLO8-GAN Fusion for Precision Weed Detection: A Novel Approach in Agriculture","C. Dhavale; T. Pawar; A. Singh; S. Pole; K. Sabat","Department of Information Technology, Xavier Institute of Engineering, Mumbai, India; Department of Information Technology, University of Mumbai, Mumbai, India; Department of Information Technology, University of Mumbai, Mumbai, India; Department of Information Technology, University of Mumbai, Mumbai, India; Department of Information Technology, University of Mumbai, Mumbai, India",2024 IEEE International Conference on Smart Power Control and Renewable Energy (ICSPCRE),"25 Nov 2024","2024","","","1","5","This research introduces an innovative method for identifying weeds in agricultural settings to help farmers reduce the weed infestation. It combines YOLOv8 for precise object detection with Generative Adversarial Networks (GANs) for enhancing the dataset through data augmentation. The research intends to increase the precision and effectiveness of weed detection in agriculture by combining various technologies. In simpler terms, the YOLO8 model is used to find and pinpoint weeds in pictures taken on farms. Additionally, artificial images created by GANs are added to make the model stronger and more effective. This study's primary objective is to achieve very accurate and comprehensive results, which are vital for reducing both mistaken identifications and missed detections in precision farming applications. The research analyzes Precision-Recall curves to understand how well the model can distinguish between different categories at various decision thresholds. Early findings show promising results, suggesting that combining YOLO8 with GANs has the potential to significantly improve weed detection in agricultural settings.","","979-8-3503-7700-2","10.1109/ICSPCRE62303.2024.10675088","","https://ieeexplore.ieee.org/stamp/stamp.jsp?arnumber=10675088","Weed Detection;YOLOv8;Generative Adversarial Network (GAN)","Representation learning;Renewable energy sources;Power control;Object detection;Generative adversarial networks;Data augmentation;Agriculture","","","","17","IEEE","25 Nov 2024","19-21 July 2024","19-21 July 2024","IEEE","IEEE Conferences"
"A Cyber-Physical Precision Agriculture System for Plant Growth and Yield Prediction","B. W. Rong Ng; J. KiatNg; M. A. Juman; V. R. Sampath Kumar; A. J. Jin Leong","School of Engineering, Monash University Malaysia, Bandar Sunway; School of Engineering, Monash University Malaysia, Bandar Sunway; School of Engineering, Monash University Malaysia, Bandar Sunway; School of Engineering, Monash University Malaysia, Bandar Sunway; Sunway XFarms, Malaysia","2024 IEEE International Conference on Agrosystem Engineering, Technology & Applications (AGRETA)","9 Apr 2025","2024","","","73","78","This paper addresses the research gap in precision agriculture by focusing on crop quality assessment and data interpretation. Through the use of data-driven methods and time series forecasting, a Cyber- Physical System based vertical farming system is proposed, with the integration of actuators and sensors. In combination with control and automation, the system allows for precise monitoring and adjustment of environmental parameters, optimizing resource utilization and increasing crop yield. Time series-based prediction using Decision Trees and Random Forest Regression resulted in a Mean Absolute Percentage Error (MAPE) of 31.42 % on average for crop weight prediction, which was further enhanced by using ensemble learning to create a stacked model with a MAPE of 8.30%. The outcomes of this research contribute to the advancement of precision agriculture practices and provide valuable insights for future applications in vertical farming automation.","","979-8-3503-7366-0","10.1109/AGRETA61912.2024.10948892","","https://ieeexplore.ieee.org/stamp/stamp.jsp?arnumber=10948892","Precision Agriculture;Cyber-Physical Systems;Vertical Farming;Plant Yield Prediction;Growth Monitoring","Precision agriculture;Plants (biology);Time series analysis;Predictive models;Prediction algorithms;Quality assessment;Resource management;Monitoring;Crop yield;Farming","","","","16","IEEE","9 Apr 2025","7-7 Sept. 2024","7-7 Sept. 2024","IEEE","IEEE Conferences"
"GAN-Sim-GAN: Generative Data Augmentation for Apple Leaf Disease Classification","S. M. Moosavi; M. Gholipour; Y. Baleghi","Faculty of Electrical and Computer Engineering, Babol Noshirvani University of Technology, Babol, Iran; Faculty of Electrical and Computer Engineering, Babol Noshirvani University of Technology, Babol, Iran; Faculty of Electrical and Computer Engineering, Babol Noshirvani University of Technology, Babol, Iran",IEEE Access,"1 Jul 2026","2026","14","","96590","96601","Data augmentation is essential for improving the generalization of machine learning models, particularly in plant disease detection where annotated datasets are limited and costly to obtain. This paper introduces GAN-Sim-GAN, a generative adversarial network (GAN)-based augmentation pipeline designed for apple leaf disease classification. The pipeline first employs an enhanced cycle generative adversarial network (CycleGAN) to transform healthy soybean leaf images into healthy apple leaf counterparts. Simulation-based data augmentation (SDA) is then applied to synthesize diseased leaves by replicating the texture and morphology of apple scab lesions, using statistical moments to guide the generation process. These synthetic samples are further refined using a GAN model, style-consistent image translation (SCIT), which transfers disease features across classes while preserving source style. The augmented dataset by improved CycleGan was evaluated using t-SNE visualization for distribution analysis. Experimental results demonstrate that SegNet achieved an F1 score of 86.75% on simulated diseased data, while DenseNet classification of SDA-SCIT images yielded an 8% accuracy improvement compared to baseline training. The proposed GAN-Sim-GAN framework effectively expands dataset diversity and enhances disease classification performance, offering a scalable solution for agricultural imaging applications.","2169-3536","","10.1109/ACCESS.2026.3706432","Babol Noshirvani University of Technology(grant numbers:BNUT/389023/1405); ","https://ieeexplore.ieee.org/stamp/stamp.jsp?arnumber=11575296","Data augmentation;computational imaging;plant disease classification;precision agriculture;generative adversarial networks (GANs);SCIT","Licenses;Diseases;Modeling;Nuclear facility regulation;Training;Simulation;Generative adversarial networks;Data augmentation;Lesions;Labeling","","","","36","CCBY","23 Jun 2026","2026","","IEEE","IEEE Journals"
"Generative Adversarial Networks (GANs) for Image Augmentation in Farming: A Review","Z. U. Rahman; M. S. M. Asaari; H. Ibrahim; I. S. Z. Abidin; M. K. Ishak","School of Electrical and Electronic Engineering, Universiti Sains Malaysia, Engineering Campus, Nibong Tebal, Penang, Malaysia; School of Electrical and Electronic Engineering, Universiti Sains Malaysia, Engineering Campus, Nibong Tebal, Penang, Malaysia; School of Electrical and Electronic Engineering, Universiti Sains Malaysia, Engineering Campus, Nibong Tebal, Penang, Malaysia; School of Electrical and Electronic Engineering, Universiti Sains Malaysia, Engineering Campus, Nibong Tebal, Penang, Malaysia; Department of Electrical and Computer Engineering, College of Engineering and Information Technology, Ajman University, Ajman, United Arab Emirates",IEEE Access,"5 Dec 2024","2024","12","","179912","179943","Enhancing model performance in agricultural image analysis faces challenges due to limited datasets, biological variability, and uncontrolled environments. Deep learning models require large, realistic datasets, which are often difficult to obtain. Data augmentation, especially through Generative Adversarial Networks (GANs), has become essential in farming applications, generating synthetic images to improve model training and reduce the need for extensive image collection. This review explores various GAN approaches for image augmentation in farming, investigating their challenges and limitations. Following the Preferred Reporting Items for Systematic Reviews and Meta-Analyses (PRISMA) guidelines, 128 publications were analyzed to identify research trends and gaps in GAN applications within the farming industry. Key applications of GANs include plant classification, weed detection, animal detection and behavior recognition, animal health and disease analysis, plant disease detection, phenotyping, and fruit quality assessment. Persistent issues like limited training datasets, occlusion challenges, and imbalanced data hinder model performance across these applications. Recognizing these challenges is critical for enhancing the efficiency and effectiveness of farming operations. Finally, this review concludes with insights and future directions to foster progress in this field.","2169-3536","","10.1109/ACCESS.2024.3505989","Ministry of Higher Education Malaysia (MOHE) Fundamental Research(grant numbers:FRGS/1/2023/TK07/USM/02/6); Ajman University, United Arab Emirates; ","https://ieeexplore.ieee.org/stamp/stamp.jsp?arnumber=10767244","Image augmentation;synthetic data generation;data scarcity;agriculture analytics;computer vision;deep learning;generative adversarial networks","Farming;Generative adversarial networks;Agriculture;Data augmentation;Livestock;Image augmentation;Deep learning;Databases;Image analysis;Crops","","53","","182","CCBY","25 Nov 2024","2024","","IEEE","IEEE Journals"
"Simulation-Based Data Augmentation for Apple Leaf Disease Using Statistical Moments and HSV Color Features","S. M. Moosavi; M. Gholipour; Y. Baleghi","Department of ECE, Babol Noshirvani University of Technology, Babol, Iran; Department of ECE, Babol Noshirvani University of Technology, Babol, Iran; Department of ECE, Babol Noshirvani University of Technology, Babol, Iran",2025 15th International Conference on Computer and Knowledge Engineering (ICCKE),"10 Dec 2025","2025","","","1","6","Traditionally, plant disease detection relied on labor-intensive visual inspection. With the rise of precision agriculture, machine learning methods have gained traction for automated detection but require large labeled datasets, which are often difficult to collect due to disease rarity and annotation costs. To overcome this limitation, this study introduces a realistic data augmentation method based on statistical analysis of apple leaf lesions infected by apple scab, using the publicly available PlantVillage dataset. The method reconstructs the color texture of disease lesions by analyzing their statistical and color space properties. Lesion distribution masks are created at various scales to simulate a range of lesion sizes and spatial patterns. Smooth transitions and natural appearances are achieved by gradually blurring lesion boundaries using a Gaussian function. The leaf skeleton is extracted through a median-based approach to place lesions at anatomically plausible locations, resulting in visually realistic synthetic images. These synthetic lesions are then fused with healthy leaf images by pixel-wise multiplication to generate realistic diseased samples. The effectiveness of the proposed approach was evaluated using the SegNet architecture and the F1-score as the evaluation metric. Experimental results show that pretraining the model on synthetic images and fine-tuning with real data improves the F1-score by 25% compared to training solely on real data. This method offers a practical solution to the challenge of data scarcity in plant health monitoring and smart agriculture.","2643-279X","979-8-3315-8973-8","10.1109/ICCKE68588.2025.11273855","","https://ieeexplore.ieee.org/stamp/stamp.jsp?arnumber=11273855","Precision Agriculture;Data Augmentation;Simulation-based Augmentation;Plant Disease","Precision agriculture;Training;Plant diseases;Visualization;Image color analysis;Statistical distributions;Data augmentation;Lesions;Monitoring;Synthetic data","","1","","14","IEEE","10 Dec 2025","28-29 Oct. 2025","28-29 Oct. 2025","IEEE","IEEE Conferences"
"GT&I GAN: A Generative Adversarial Network for Data Augmentation in Regression and Segmentation Tasks","H. Hammouch; S. Mohapatra; M. El-Yacoubi; H. Qin; H. Berbia","SAMOVAR & SSLab, Institut Polytechnique de Paris & Mohammed V University Palaiseau, France, Rabat, Morocco; Department of Ranging Sensors, Valeo, Stuttgart, Germany; SAMOVAR, CNRS, Institut Polytechnique de Paris, Palaiseau, France; Chongqing Engineering Laboratory, Chongqing Technology and Business University, Chongqing, China; SSLab Mohammed V University, Rabat, Morocco",2024 16th International Conference on Human System Interaction (HSI),"9 Aug 2024","2024","","","1","6","For data augmentation (DA), Generative Adversarial Networks (GANs) are typically integrated with CNNs or MLPs to generate samples in classification and segmentation tasks. For classification, categorical ground truth is leveraged in conditional GANs to generate samples for each class. For regression, data generation becomes complex as the aim now is to generate both the samples (images) and their continuous ground truth vectors. GANs for classification can no longer, therefore, be leveraged for DA on regression. To address this issue, we propose GT&I_GAN, a novel GAN-based DA model that generates jointly image samples and their ground truth continuous vectors by learning their conjoint distribution. The main idea behind GT $\mathbf{\& I-GAN}$ is to add, to the RGB sample image, an additional (fourth) channel associated with the ground vector. GT&I_GAN offers the great advantage of generating conjointly the samples and their ground truths by a single model without needing an additional network. We assess our approach on an image dataset where the ground truth consists of a high dimensional vector of continuous values. The results show that the synthetic data consisting of the image & ground truth vector pairs are realistic and allow improving the CNN regressor performance. Moreover, we show that our GT&I_GAN can be leveraged seamlessly for segmentation tasks by adding, in a similar way, the ground truth segmentation mask as an additional channel to the input RGB image.","2158-2254","979-8-3503-6291-6","10.1109/HSI61632.2024.10613542","","https://ieeexplore.ieee.org/stamp/stamp.jsp?arnumber=10613542","deep neural networks;generative adversarial networks;regression task;segmentation task","Image segmentation;Adaptation models;Neural networks;Generative adversarial networks;Data augmentation;Vectors;Robustness","","","","32","IEEE","9 Aug 2024","8-11 July 2024","8-11 July 2024","IEEE","IEEE Conferences"
"Enhanced Rice Leaf Diseases Diagnosis Using Deep Learning Model with GAN-Based Synthetic Data Augmentation","S. Jain; R. Kumar; K. Agrawal","Department of Computer Science and Engineering, Maharishi Markandeshwar Engineering College, MM (Deemed to be University), Mullana, Ambala, India; Department of Computer Science and Engineering, Maharishi Markandeshwar Engineering College, MM (Deemed to be University), Mullana, Ambala, India; Department of Computer Science and Engineering, Manav Rachna International Institute of Research & Studies, Faridabad, Haryana, India","2025 3rd International Conference on Communication, Security, and Artificial Intelligence (ICCSAI)","14 Jul 2025","2025","3","","1334","1339","Rice is a widely cultivated crop and a crucial staple food in many South Asian nations. Diseases that affect rice leaves can significantly decrease crop yields, but early identification can help mitigate their effects. Recently, machine learning has been applied to address the issue of disease spread. A major challenge, however, is the scarcity of balanced diseased leaf images compared to healthy ones, which limits the effectiveness of model training due to the need for extensive datasets. To overcome this limitation, Generative Adversarial Networks (GANs) have been increasingly used to generate synthetic images that closely mimic real ones. This approach has gained popularity in identifying leaf diseases, although research focusing specifically on rice diseases is still limited. In this research, GAN is utilized as a data augmentation method to create synthetic images for balancing Paddy doctor dataset. Subsequently, a hybrid model and Modified ResNet50 are employed for paddy disease classification. The experimental findings reveal that with image augmentation deep learning models learns well and performs best, achieving an accuracy of 99.92% by hybrid model and 98.8% by Modified ResNet50 which is 1% – 10% better when compared with existing models.","","979-8-3315-3607-7","10.1109/ICCSAI64074.2025.11064529","","https://ieeexplore.ieee.org/stamp/stamp.jsp?arnumber=11064529","Rice leaf Disease;Generative AI;GANs;CNN;InceptionV3;Modified ResNet50","Deep learning;Training;Accuracy;Computational modeling;Generative adversarial networks;Data augmentation;Data models;Diseases;Residual neural networks;Synthetic data","","1","","27","IEEE","14 Jul 2025","4-6 April 2025","4-6 April 2025","IEEE","IEEE Conferences"
"Classification and Detection of Rice Crop Using Deep Learning for Smart Agriculture","Y. Y. S. Elhammamy; G. C. Chung; M. T. Gan; J. J. Tiang; K. V. Teong","Faculty of Engineering, Multimedia University, Cyberjaya, Malaysia; Faculty of Engineering, Multimedia University, Cyberjaya, Malaysia; Faculty of Engineering, Multimedia University, Cyberjaya, Malaysia; Faculty of Engineering, Multimedia University, Cyberjaya, Malaysia; Preparatory Centre For Science and Technology, University Malaysia Sabah, Kota Kinabalu, Malaysia",2024 Multimedia University Engineering Conference (MECON),"10 Dec 2024","2024","","","1","6","Rice is the fundamental food source, particularly in countries like Malaysia, where it forms the cornerstone of the diet. However, the task of monitoring and managing rice crops poses significant challenges, especially considering the vast expanses of land dedicated to their cultivation. Traditional methods, reliant on manual labor and visual inspection, are time-consuming and often imprecise, leading to sub-optimal agricultural outcomes. This paper aims to implement advanced image processing techniques such as data masking, data annotation, and data augmentation applied to drone-captured images of rice fields in Malaysia, a critical region for rice production. By leveraging TensorFlow and PyTorch, tools for training deep learning models, this study attempts to improve the accuracy for image classification, object detection, and segmentation of rice crops, which are crucial for effective crop management. After substantial training and validation, the models are able to achieve an accuracy of nearly 99%, and 90% for the classification of rice fields and the segmentation of rice growth. For rice crop detection, the model shows considerably high precision, recall, and mean average precision scores. Hence, the results underscore the transformative potential of integrating machine learning with aerial imagery to refine and improve traditional farming practices, making them more accurate and effective.","","979-8-3315-3074-7","10.1109/MECON62796.2024.10776260","","https://ieeexplore.ieee.org/stamp/stamp.jsp?arnumber=10776260","Rice crop;deep learning;drone images;smart agriculture","Training;Deep learning;Image segmentation;Adaptation models;Visualization;Accuracy;Surveillance;Crops;Object detection;Data augmentation","","","","15","IEEE","10 Dec 2024","23-25 July 2024","23-25 July 2024","IEEE","IEEE Conferences"
"Detection of Pepper and Tomato leaf diseases using deep learning techniques","B. Tej; F. Nasri; A. Mtibaa","Laboratory of Electronics and Microelectronics, University of Monastir, Monastir, Tunisia; Laboratory of Electronics and Microelectronics, University of Monastir, Monastir, Tunisia; Laboratory of Electronics and Microelectronics, University of Monastir, Monastir, Tunisia",2022 5th International Conference on Advanced Systems and Emergent Technologies (IC_ASET),"5 May 2022","2022","","","149","154","Agriculture industry assumes a big role in several countries’ economies by offering a few advantages including food, national income, and employment opportunities. However, it confronts a major challenge which is plant disease. Around 42% of the world’s total crops are destroyed yearly by diseases. So, the identification of plant disease in an earlier stage is critical for minimizing the use of pesticides and reducing crop loss. This research is focusing on the recognition and classification of various tomato and pepper diseases based on Deep learning techniques. Two Convolutional neural networks (CNN) models Resnet 152 and Resnet 50 are used with and without data augmentation. This technique is used when the datasets are small, it expands the number of training images without adding new images. A self-dataset of 488 images of tomato and pepper diseases leaves are collected in Monastir, Tunisia region under the supervision of an agricultural engineer working in the field of plant protection in the Minister of Agriculture. The trained model with data augmentation gives better results than without applying it.","","978-1-6654-2735-7","10.1109/IC_ASET53395.2022.9765923","","https://ieeexplore.ieee.org/stamp/stamp.jsp?arnumber=9765923","Transfer learning;Deep learning;Convolution Neural Network;Resnet50;Resnet152;plant disease detection;data augmentation","Deep learning;Training;Biological system modeling;Plants (biology);Crops;Data models;Agriculture","","9","","13","IEEE","5 May 2022","22-25 March 2022","22-25 March 2022","IEEE","IEEE Conferences"
"Early-Season Crop Classification with Planet Fusion","C. Senaras; P. Holden; T. Davis; A. Wania; A. S. Rana; M. Grady; R. De Jeu","Planet Labs, EO-Lab, Germany; Planet Labs, EO-Lab, Germany; Planet Labs, EO-Lab, Germany; Planet Labs, EO-Lab, Germany; Planet Labs, EO-Lab, Germany; Planet Labs, EO-Lab, Germany; Planet Labs, EO-Lab, Germany",IGARSS 2024 - 2024 IEEE International Geoscience and Remote Sensing Symposium,"5 Sep 2024","2024","","","4145","4149","Accurate early-season classification of crops plays a critical role in agricultural monitoring, enabling resource allocation decisions to be made earlier and with greater confidence. Our study introduces a novel early-season crop classification method enhanced with geographical and climate zone information, utilizing gap-free, cloud-free, harmonized Planet Fusion time series data. In a country with extensive climatic diversity like France, our experiments, spanning two different years, demonstrated that a variety of crop types—including winter cereals, maize, and oil-seed rape—could be accurately classified with an F1 score of approximately 80 percent, at least 50 days before the estimated average harvest date. This study illustrates the effectiveness of novel deep learning approaches for integrating diverse data sources in remote sensing, highlighting the potential for significant advancements in early season crop type identification and predictive agricultural management.","2153-7003","979-8-3503-6032-5","10.1109/IGARSS53475.2024.10642187","Health; Horizon Europe; ","https://ieeexplore.ieee.org/stamp/stamp.jsp?arnumber=10642187","crop classification;time-series;Planet Fusion;transformers","Training;Accuracy;Planets;Soft sensors;Time series analysis;Crops;Springs","","1","","14","IEEE","5 Sep 2024","7-12 July 2024","7-12 July 2024","IEEE","IEEE Conferences"
"Analysis of Crop Type Classification by Using Various Deep Learning Models","S. Koratala; V. Ananthi","Department of Computer Science and Engnineering, Vignan's Foundation for Science, Technology & Research (Deemed to be University); Department of Computer Science and Engnineering, Vignan's Foundation for Science, Technology & Research (Deemed to be University)","2025 International Conference on Intelligent Computing, Information and Control Systems (ICOIICS)","24 Feb 2026","2025","","","1130","1135","Accurately identifying different crop types is essential for resource management, agricultural productivity tracking, and precision farming advancement. The deep learning framework presented in this work classifies crop types using a range of modern convolutional neural network (CNN) models, including ResNet50, DenseNet121, VGG16, EfficientNetB0, Ghost Net, and the Adaptive Masking Attention Network (AMAN). employed a dataset of crop images captured in different environmental conditions to ensure our approach is dependable and suitable for a broad range of scenarios. To maximize accuracy and efficiency, each model was trained and optimized using transfer learning. When comparing the results, it was found that attention-based models, such as AMAN and Efficient Net, outperform traditional CNNs, such as VGG16 and ResNet50, especially when it comes to capturing the smallest spatial details of crops. The AMAN model highlights the most important regions in each image, leading to richer feature representation and higher classification accuracy. Overall, our results show that CNNs with adaptive attention mechanisms significantly improve crop classification accuracy and reliability. For the benefit of farmers and researchers alike, this opens up exciting opportunities for more sophisticated, scalable agricultural monitoring systems.","","979-8-3315-9897-6","10.1109/ICOIICS67115.2025.11390412","","https://ieeexplore.ieee.org/stamp/stamp.jsp?arnumber=11390412","Convolutional neural networks;Efficient Net;Dense Net;ResNet50;VGG16;Ghost Net;Deep Learning;Crop Classification;Attention Mechanism","Deep learning;Adaptation models;Accuracy;Attention mechanisms;Adaptive systems;Satellites;Transfer learning;Crops;Convolutional neural networks;Residual neural networks","","","","15","IEEE","24 Feb 2026","19-21 Nov. 2025","19-21 Nov. 2025","IEEE","IEEE Conferences"
"Data Augmentation for Human Activity Recognition With Generative Adversarial Networks","M. Lupión; F. Cruciani; I. Cleland; C. Nugent; P. M. Ortigosa","Department of Informatics, University of Almería, Almeria, Spain; School of Computing, Ulster University, Belfast, U.K.; School of Computing, Ulster University, Belfast, U.K.; School of Computing, Ulster University, Belfast, U.K.; Department of Informatics, University of Almería, Almeria, Spain",IEEE Journal of Biomedical and Health Informatics,"4 Apr 2024","2024","28","4","2350","2361","Currently, Human Activity Recognition (HAR) applications need a large volume of data to be able to generalize to new users and environments. However, the availability of labeled data is usually limited and the process of recording new data is costly and time-consuming. Synthetically increasing datasets using Generative Adversarial Networks (GANs) has been proposed, outperforming cropping, time-warping, and jittering techniques on raw signals. Incorporating GAN-generated synthetic data into datasets has been demonstrated to improve the accuracy of trained models. Regardless, currently, there is no optimal GAN architecture to generate accelerometry signals, neither a proper evaluation methodology to assess signal quality or accuracy using synthetic data. This work is the first to propose conditional Wasserstein Generative Adversarial Networks (cWGANs) to generate synthetic HAR accelerometry signals. Furthermore, we calculate quality metrics from the literature and study the impact of synthetic data on a large HAR dataset involving 395 users. Results show that i) cWGAN outperforms original Conditional Generative Adversarial Networks (cGANs), being 1D convolutional layers appropriate for generating accelerometry signals, ii) the performance improvement incorporating synthetic data is more significant as the dataset size is smaller, and iii) the quantity of synthetic data required is inversely proportional to the quantity of real data.","2168-2208","","10.1109/JBHI.2024.3364910","Spanish Ministry of Education(grant numbers:FPU19/02756); MCI-N/AEI/10.13039/501100011033; ERDF(grant numbers:PID2021-123278OB-I00,PDC2022-133370-I00); Department of Informatics of the University of Almería; Advanced Research Engineering Center; Invest Northern Ireland; ","https://ieeexplore.ieee.org/stamp/stamp.jsp?arnumber=10432776","Accelerometry;data augmentation;generative adversarial neural networks;human activity recognition;synthetic data","Synthetic data;Generative adversarial networks;Human activity recognition;Data models;Training;Generators;Data augmentation","","35","","42","IEEE","12 Feb 2024","April 2024","","IEEE","IEEE Journals"
"Evaluating Variational Autoencoders for Synthetic Time Series Data Generation in Agricultural and Energy Applications","A. I. Kafi; A. Sanfilippo; S. A. -H. Shannak","Qatar Environment and Energy Research Institute, Hamad Bin Khaliha University, Doha, Qatar; Qatar Environment and Energy Research Institute, Hamad Bin Khaliha University, Doha, Qatar; Qatar Environment and Energy Research Institute, Hamad Bin Khaliha University, Doha, Qatar",2025 IEEE 34th International Symposium on Industrial Electronics (ISIE),"25 Aug 2025","2025","","","1","7","The use of AI and machine learning provides powerful decision-making tools that help farmers optimize crop productivity and promote sustainability in agriculture. Critically, the utility of AI-enabled in this context is dependent on the availability of historical data about crops and their environment, which can be difficult to obtain. The creation of reliable synthetic data can help address this problem by enabling the use of machine learning in crop management systems where there is shortage of historical data. This study describes an evaluation of Variational Autoencoders (VAEs) for synthetic time series data generation in crop management. The study's results indicate that VAEs perform very well in generating reliable synthetic time series data using a relatively small crop yield dataset as training material. Further evaluation of the VAE synthetic data generation model on the Panama electricity load forecasting dataset corroborates the validity of the approach.","2163-5145","979-8-3503-7479-7","10.1109/ISIE62713.2025.11124773","","https://ieeexplore.ieee.org/stamp/stamp.jsp?arnumber=11124773","Synthetic data generation;Variational Autoencoders;Crop management systems","Training;Productivity;Time series analysis;Autoencoders;Machine learning;Materials reliability;Data collection;Predictive models;Sustainable development;Synthetic data","","1","","36","IEEE","25 Aug 2025","20-23 June 2025","20-23 June 2025","IEEE","IEEE Conferences"
"ASDGM: Agriculture Framework for Crops Data Generation and Recommendation","E. Hossny; A. A. Awad; F. A. Omara","Computer Science Dep., Faculty of Computers and Artificial Intelligence, Cairo University, Cairo, Egypt; Computer Science Dep., Faculty of Computers and Artificial Intelligence, Cairo University, Cairo, Egypt; Computer Science Dep., Faculty of Computers and Artificial Intelligence, Cairo University, Cairo, Egypt",2026 IEEE International Conference on Smart Sustainable Systems for Computer and Engineering Applications (3SCEA),"17 Jul 2026","2026","","","846","855","Providing an accurate crop recommendation system becomes a significant challenge due to the limited, inconsistent, and privacy concerns of agricultural datasets. Especially when addressing global food security issues. Therefore, the work in this paper aims to generate Agriculture Synthetic Data based on Generative Models (ASDGM) as an applicable solution to enhance data accessibility while protecting sensitive information. In ASDGM multiple generative models have been applied, including GAN-based architectures (e.g., WCGAN-GP, CTGAN, and CTAB-GAN+), Denoising Diffusion Probabilistic model for tabular data (e.g., TabDDPM), and Tabular Variational AutoEncoder (TVAE). The synthetic datasets generated by generative models were evaluated using multiple metrics that measure distributional similarity, structural fidelity, predictive performance, and privacy preservation. Experimental results demonstrate that models such as TabDDPM provide robust performance across all metrics, maintaining data utility and privacy. The objectives of the ASDGM framework were twofold. First, ASDGM extended a benchmark crop recommendation dataset of $\mathbf{2, 2 0 0}$ records to a modified synthetic dataset of $\mathbf{2 2 0, 0 0 0}$ records using the TabDDPM generative model. Second, the modified dataset was used to train five machine learning classifiers, resulting in improved accuracy and F1-scores compared to training on the original dataset. The results support the integration of synthetic data generation with agricultural machine learning systems, enabling accurate crop recommendations under data-scarce and privacy-constrained conditions.","","979-8-3315-5668-6","10.1109/3SCEA68071.2026.11603000","","https://ieeexplore.ieee.org/stamp/stamp.jsp?arnumber=11603000","smart agriculture;crop-recommendation;tabular GANs;machine learning;deep learning","Modeling;Generative adversarial networks;Crops;Printing;Training;Privacy;Accuracy;Synthetic data;Measurement;Recording","","","","32","IEEE","17 Jul 2026","19-21 April 2026","19-21 April 2026","IEEE","IEEE Conferences"
"A two-stage Deep Convolutional Generative Adversarial Network-based data augmentation scheme for agriculture image regression tasks","H. Hammouch; M. El-Yacoubi; H. Qin; A. Berrahou; H. Berbia; M. Chikhaoui","SAMOVAR, Institut Polytechnique de Paris, Palaiseau, France; SAMOVAR, CNRS, Institut Polytechnique de Paris, Palaiseau, France; Chongqing Engineering Laboratory of detection control and integrated system, School of Computer Science and Information Engineering, Chongqing Technology and Business University, Chongqing, China; National School For Computer Science, Mohammed V University in Rabat, Rabat, Maroc; SSLab, National School For Computer Science, Mohammed V University in Rabat, Rabat, Maroc; Soil and Water Management Laboratory, Institute of Agronomy & Veterinary Medicine, Rabat, Maroc",2021 International Conference on Cyber-Physical Social Intelligence (ICCSI),"23 Mar 2022","2021","","","1","6","Recently, Deep Learning models, such as Deep Convolutional Neural Networks (CNNs), have shown remarkable performance on various Computer Vision tasks. Unfortunately, many application domains, such as agriculture image analysis, do not have access to large datasets. In this study, we are interested in the prediction of soil moisture dissipation rates from aerial images using a CNN model. This entails a regression task where the CNN, given an aerial input image, has to predict a vector of regression values associated with the dissipation rates at different locations of the agricultural field. CNNs, however, require large datasets to successfully train the deep network. To this end, we present a Deep Convolutional Generative Adversarial Network (DCGAN) to generate fake agriculture images, that are realistic enough with the objective to augment the original dataset, for better generalization capabilities and more accurate predictions by the trained CNN. Unlike existing GAN-based augmentation approaches used for segmentation or classification, where only images have to be generated to augment the training set, the regression task requires both an image and its associated regression vector. In our approach, we use a two-stage scheme where the baseline CNN trained on the original dataset is harnessed to predict, for each image generated by the DCGAN, the regression vector that will serve as its ground truth in the augmented dataset. The results show that the CNN trained on the augmented dataset in this way allows a relative reduction of the Mean Absolute Error by a percentage of 20.8 w.r.t to the CNN trained on the original dataset. We believe that our approach can be generalized to any image augmentation task involving a regression task.","","978-1-6654-2621-3","10.1109/ICCSI53130.2021.9736230","","https://ieeexplore.ieee.org/stamp/stamp.jsp?arnumber=9736230","smart agriculture;precision agriculture;convolutional neural networks;data generation;dcgan;regression;data augmentation;mean absolute error","Training;Deep learning;Computational modeling;Soil moisture;Predictive models;Agriculture;Social intelligence","","7","","17","IEEE","23 Mar 2022","18-20 Dec. 2021","18-20 Dec. 2021","IEEE","IEEE Conferences"
"Unified Model for Crop Optimization: Leveraging Deep Learning and XGBoost for Optimized Crop Management","S. Bonthu; V. Vinuthna; R. V. MahaLakshmi; J. Dasari; M. R. V V R; R. R. Kurada","Computer Science and Engineering, Vishnu Institute of Technology, Bhimavaram; Computer Science and Engineering, Vishnu Institute of Technology, Bhimavaram; Computer Science and Engineering, Vishnu Institute of Technology, Bhimavaram; Computer Science and Engineering, Vishnu Institute of Technology, Bhimavaram; Computer Science and Engineering, Shri Vishnu Engineering College for Women, Bhimavaram; Computer Science and Engineering, Shri Vishnu Engineering College for Women, Bhimavaram","2025 International Conference on Electronics, Computing, Communication and Control Technology (ICECCC)","11 Jul 2025","2025","","","1","6","The agriculture industry requires innovations to enhance productivity, optimize resources, and mitigate risks from crop diseases and environmental factors. This research presents an AI-driven decision support system to assist farmers in crop yield improvement, resource management, and disease prevention. The system integrates multiple AI models for rice leaf disease detection, fertilizer recommendation, crop water level prediction, and crop selection. Data is collected from public sources, field experiments, and meteorological agencies. A Generative Adversarial Network (GAN) generates synthetic rice leaf images to enhance disease detection. Fertilizer recommendation is achieved using Feedforward Neural Networks and Random Forest, while Graph Neural Networks analyze soil moisture for irrigation planning. XGBoost is used for crop recommendation by evaluating environmental and economic factors. Deployed on a cloud-based platform with a Flask backend, the system enables real-time user interaction. It is evaluated using precision, recall, root mean squared error (RMSE), and classification accuracy. This AI-driven solution enhances agricultural decision-making, promotes sustainable farming, and supports food security.","","979-8-3315-2162-2","10.1109/ICECCC65144.2025.11064279","","https://ieeexplore.ieee.org/stamp/stamp.jsp?arnumber=11064279","Crop Management;GAN;XGBoost;Rice leaf disease detection;Synthetic Data;Deep Learning","Accuracy;Biological system modeling;Soil moisture;Crops;Predictive models;Generative adversarial networks;Real-time systems;Random forests;Diseases;Fertilizers","","2","","14","IEEE","11 Jul 2025","1-2 May 2025","1-2 May 2025","IEEE","IEEE Conferences"
"Integrated Data Augmentation for Accelerometer Time Series in Behavior Recognition: Roles of Sampling, Balancing, and Fourier Surrogates","C. Li; L. Minati; K. K. Tokgoz; M. Fukawa; J. Bartels; A. Sihan; K. -I. Takeda; H. Ito","Nano Sensing Unit, Tokyo Institute of Technology, Yokohama, Japan; Nano Sensing Unit, Tokyo Institute of Technology, Yokohama, Japan; Tokyo Institute of Technology, Research Institute for the Earth Inclusive Sensing (EISESiV), Tokyo, Japan; Nano Sensing Unit, Tokyo Institute of Technology, Yokohama, Japan; Nano Sensing Unit, Tokyo Institute of Technology, Yokohama, Japan; Nano Sensing Unit, Tokyo Institute of Technology, Yokohama, Japan; Faculty of Agriculture, Shinshu University, Nagano, Japan; Nano Sensing Unit, Tokyo Institute of Technology, Yokohama, Japan",IEEE Sensors Journal,"14 Dec 2022","2022","22","24","24230","24241","The behavioral monitoring of farmed animals such as cattle is a fundamental element of precision farming in which it enables unobtrusive ongoing health monitoring. This application presents two ubiquitous challenges typical of sensing applications of the Internet of Things: limited dataset size and dataset imbalance. Recently, data augmentation has emerged as a way of addressing their negative influences on the training process without overburdening the data acquisition phase. However, there remains no consensus regarding which methods should be applied to time series and in what combination. Here, we present the first comprehensive analysis that synergistically combines multiple approaches. These approaches are benchmarked on a dataset of triaxial accelerometer time series, which were acquired from six freely roaming cows through a collar-mounted sensor and labeled by experienced human observers according to five behaviors. Our results indicate that integrating data augmentation with the training process can substantially improve the time-series classification performance while retaining a fixed convolutional neural network architecture. The improvement is maximized when the dataset is balanced by applying a suitable sampling scheme and the negative influence of data duplication is reduced via generating synthetic time series with Fourier surrogates. With the proposed approach, the overall accuracy is improved from 90% to 96%, and the classification accuracy of an under-represented behavior, namely, grazing, is elevated from 45% to 91%. This work provides a direction toward a general methodology, motivating research on other datasets and applications.","1558-1748","","10.1109/JSEN.2022.3219594","Center of Innovation Program from Japan Science and Technology Agency and Research Program on Development of Innovative Technology; Bio-oriented Technology Research Advancement Institution, National Agriculture and Food Research Organization (NARO)(grant numbers:JPMJCE1309); Japan Science and Technology Agency-Support for Pioneering Research Initiated by the Next Generation (JST-SPRING)(grant numbers:JPMJSP2106); ","https://ieeexplore.ieee.org/stamp/stamp.jsp?arnumber=9944648","Accelerometer;animal behavior;data augmentation;Fourier surrogates;imbalanced dataset;sensor data processing;time series","Behavioral sciences;Time series analysis;Sensors;Training;Monitoring;Cows;Sensor phenomena and characterization","","12","","55","CCBYNCND","9 Nov 2022","15 Dec.15, 2022","","IEEE","IEEE Journals"
"Real vs Synthetic: Evaluating Dcgan Augmentation for Rice Leaf Disease Classification","F. Umaiza; G. N. D; D. BV; A. S. Omeez; C. Vasavi; S. K. S","Computer Science Engineering, Presidency University Presidency University, Bengaluru, India; Computer Science Engineering, Presidency University Presidency University, Bengaluru, India; Computer Science Engineering, Presidency University Presidency University, Bengaluru, India; Computer Science Engineering, Presidency University Presidency University, Bengaluru, India; Computer Science Engineering, Presidency University Presidency University, Bengaluru, India; Computer Science Engineering, Presidency University Presidency University, Bengaluru, India","2025 International Conference on Signal Processing, Computation, Electronics, Power and Telecommunication (IConSCEPT)","23 Mar 2026","2025","","","1","6","Synthetic data from generative adversarial networks (GANs) is often believed to enhance visual classification when labeled images are limited. This paper evaluates that claim for rice leaf disease recognition using a Swin Transformer classifier and a lightweight Deep Convolutional GAN (DCGAN). Experiments on the Rice Leaf Disease dataset , covering six disease classes and healthy leaves, compared four training setups: 100% DCGAN, 20% real + 80% DCGAN, 80% real + 20% DCGAN, and 100% real. Results show accuracy increases with more real data, peaking at 95% (macro-F1: 0.95) with 100% real samples. Findings indicate that low-fidelity DCGAN images introduce artifacts and distribution shifts harmful to transformer models. Thus, for practical precision agriculture, curating diverse, high-quality real data with classical augmentations remains more reliable than basic GAN-generated augmentation.","","979-8-3315-7120-7","10.1109/IConSCEPT66142.2025.11436563","","https://ieeexplore.ieee.org/stamp/stamp.jsp?arnumber=11436563","Rice Leaf Disease;Precision Agriculture;Swin Transformer;Deep Convolutional GAN (DCGAN);Synthetic Data Augmentation","Precision agriculture;Training;Visualization;Solid modeling;Accuracy;Transformers;Generative adversarial networks;Reliability;Diseases;Synthetic data","","","","22","IEEE","23 Mar 2026","6-7 Dec. 2025","6-7 Dec. 2025","IEEE","IEEE Conferences"
"Crop Type Classification using Multi-temporal Sentinel-2 Satellite Imagery: A Deep Semantic Segmentation Approach","A. H. Khan; Z. Zafar; M. Shahzad; K. Berns; M. M. Fraz","National University of Sciences and Technology (NUST), Islamabad, Pakistan; National University of Sciences and Technology (NUST), Islamabad, Pakistan; National University of Sciences and Technology (NUST), Islamabad, Pakistan; Robotics Research Lab, Technical University of Kaiserslautern, Germany; National University of Sciences and Technology (NUST), Islamabad, Pakistan",2023 International Conference on Robotics and Automation in Industry (ICRAI),"6 Apr 2023","2023","","","1","6","Crop Type classification using Semantic Segmentation and remote sensing data is an important tool for decision-making related to precision agriculture. Such classification remains an unsolved challenge due to the choice of landscape, processing methodology and selected satellite imagery and its optical features, and most importantly the availability and usage of such datasets in a developing country like Pakistan. State-of-the-art semantic segmentation models lack in processing the temporal dimension of time series imagery and evident solution to process multi-spectral bands available in the satellite imagery. We propose a methodology to overcome these shortcomings by selecting appropriate band combinations for crop type classification and treating time series visual data as a single image. The proposed methodology is evaluated on the data set of six different crops collected from National Agriculture Research Center (NARC) Islamabad. The experimental results yield 85% accuracy for classifying various crop types based on the evaluation of five different semantic segmentation models. The code and the trained models are available at https://github.com/asimniazi63/crop-type-narc for other researchers working in the same domain.","2831-3313","978-1-6654-6472-7","10.1109/ICRAI57502.2023.10089586","","https://ieeexplore.ieee.org/stamp/stamp.jsp?arnumber=10089586","Remote sensing;Crop type classification;Sentinel-2;Satellite imagery;Time series data;Semantic segmentation","Visualization;Satellites;Semantic segmentation;Time series analysis;Crops;Optical imaging;Agriculture","","9","","33","IEEE","6 Apr 2023","3-5 March 2023","3-5 March 2023","IEEE","IEEE Conferences"
"A Generative Time-Series Data Augmentation Framework Based on Multisource Remote Sensing for Early Crop Classification","Y. Zhang; X. Huang; W. Kong; Z. Liu; M. Liu; J. Liu; H. Hu; L. Liu","College of Electronic Engineering & College of Artificial Intelligence, South China Agricultural University, Guangzhou, China; Guangdong Province Key Laboratory for Agricultural Resources Utilization, South China Agricultural University, Guangzhou, China; College of Mathematics and Informatics, South China Agricultural University, Guangzhou, China; School of Public Administration, South China Agricultural University, Guangzhou, China; Guangdong Province Key Laboratory for Agricultural Resources Utilization, South China Agricultural University, Guangzhou, China; Guangdong Province Key Laboratory for Agricultural Resources Utilization, South China Agricultural University, Guangzhou, China; Guangdong Province Key Laboratory for Agricultural Resources Utilization, South China Agricultural University, Guangzhou, China; Guangdong Province Key Laboratory for Agricultural Resources Utilization, South China Agricultural University, Guangzhou, China",IEEE Journal of Selected Topics in Applied Earth Observations and Remote Sensing,"27 Apr 2026","2026","19","","13027","13043","Accurate and timely crop spatial classification based on remote sensing imagery is a crucial and challenging task in the agricultural field. In the early stages of crop growth, the available spectral features of crops in the temporal dimension are limited. Besides, the spectral curves of crops such as soybean and corn are highly similar during this period. It is only after the key phenological stages (flowering stage for corn and podding stage for soybean) that accurate differentiation between these two crops can be achieved. To address the issue of insufficient effective features and missing key characteristics in early classification tasks, this study proposes a time-series prediction and generative data augmentation framework based on multisource remote sensing for early crop classification. This method is inspired by traditional approaches for generating discrete remote sensing images and further enables the continuous generation of spectral data along the temporal dimension. We have designed a comprehensive workflow to generate the spectral curve trends of different crops during their early growth stages and generate feature data to support classification tasks. We conducted early classification experiments for rice, soybean, and corn in Northeast China. These findings demonstrate that the method significantly enhances the accuracy, earliness, and stability of early crop classification tasks.","2151-1535","","10.1109/JSTARS.2026.3662757","","https://ieeexplore.ieee.org/stamp/stamp.jsp?arnumber=11386663","Deep learning;early classification;spectral analysis;time series forecasting","Crops;Remote sensing;Feature extraction;Accuracy;Earth;Biological system modeling;Artificial satellites;Market research;Manuals;Deep learning","","1","","51","CCBY","9 Feb 2026","2026","","IEEE","IEEE Journals"
"Generative and Explainable AI for Sustainable Agriculture and Public Health","R. Suryodai; D. N. Reddy","Data Governance, Data Analytics: enterprise performance management, AI&ML, USA; Soniks consulting LLC, Plano, TX, USA","2025 9th International Conference on I-SMAC (IoT in Social, Mobile, Analytics and Cloud) (I-SMAC)","15 Jul 2026","2025","","","1177","1181","Agriculture is a major determinant of social health, predominantly in regions where there is no abundance of resources, with people living in the rural areas. The interaction between environmental situations, socio-economic factors and health risks is difficult to describe using most of the traditional methods. In order to cope with this issue, the AgriHealth-GXAI new AI-based platform was developed to enhance the sustainability of agriculture and human health through factual information. The purpose is to determine the health risks that may occur due to farming or contact with the environment, in order to understand what kind of policiesauthorities should follow. The paradigm consists of applying cGANs to create synthetic data across different climate and soil scenarios, XGBoost to make dependable health risk forecasts and SHAP to interpret the way the model arrives at its verdict. ICRISAT-VDSA data integrates the information on reliable differences in yields, resource utilization and associations with health and social factors on the system. Experiments show that the proposed model achieves an accuracy of 97.5 percent that is superior to VGG19 and ResNet50 CNN models. According to SHAP analysis, the use of pesticides, a lack of sanitation and low income at home are important risks. The offered AgriHealthGXAI framework can offer scalability, interpretable results and high performance that can be used to shape the rural development and sustainability policies.","2768-0673","979-8-3315-7473-4","10.1109/I-SMAC65734.2025.11597857","","https://ieeexplore.ieee.org/stamp/stamp.jsp?arnumber=11597857","Agricultural sustainability;Public health;Conditional GAN;XGBoost;SHAP;Health risk prediction;Explainable AI;Rural analytics","Modeling;Occupational health;Agriculture;Artificial intelligence;Crops;Fertilizers;Farming;Printing;Machine learning;Sustainable development","","","","15","IEEE","15 Jul 2026","8-10 Oct. 2025","8-10 Oct. 2025","IEEE","IEEE Conferences"
"Enhancing Age and Gender Classification through cGAN-based Data Augmentation","C. Tsai; C. H. Lin","Department of Electronic and Computer Engineering, National Taiwan University of Science and Technology, Taipei, Taiwan; Department of Electronic and Computer Engineering, National Taiwan University of Science and Technology, Taipei, Taiwan",2023 IEEE 12th Global Conference on Consumer Electronics (GCCE),"16 Nov 2023","2023","","","850","851","Age and gender classification from facial images have wide-ranging applications. Deep learning has revolutionized these tasks, outperforming traditional machine learning methods. However, existing studies have focused on individual models, leading to a performance gap and a need for alternative approaches. In this paper, we propose a data augmentation method for age and gender classification using geometric augmentation, an age transformation model, and a filtering system. Our approach utilizes a conditional Generative Adversarial Network (cGAN) with cropping and flipping techniques to augment the dataset, enhancing its diversity. We also introduce a filtering system to improve the reliability of the age and gender classification model by ensuring the accuracy of labeled synthesized data. We evaluate our method using customized VGG16 and ConvNeXt models and observe significant improvements in age and gender classification tasks.","2693-0854","979-8-3503-4018-1","10.1109/GCCE59613.2023.10315487","","https://ieeexplore.ieee.org/stamp/stamp.jsp?arnumber=10315487","Deep Learning;Data Augmentation Method;Age and Gender Classification;Age transformation model","Deep learning;Biometrics (access control);Filtering;Data augmentation;Generative adversarial networks;Data models;Reliability","","1","","12","IEEE","16 Nov 2023","10-13 Oct. 2023","10-13 Oct. 2023","IEEE","IEEE Conferences"
"Interpretable Cotton Leaf Diagnosis via GAN-Enhanced MA-ViT","C. Ooha; T. S. Raja Rajeswari; M. Jahnavi; K. H. Kowshik","Department of Computer Science and Engineering, Siddhartha Academy of Higher Education (Deemed-to-be University), Vijayawada, Andhra Pradesh, India; Department of Computer Science and Engineering, Siddhartha Academy of Higher Education (Deemed-to-be University), Vijayawada, Andhra Pradesh, India; Department of Computer Science and Engineering, Siddhartha Academy of Higher Education (Deemed-to-be University), Vijayawada, Andhra Pradesh, India; Department of Computer Science and Engineering, Siddhartha Academy of Higher Education (Deemed-to-be University), Vijayawada, Andhra Pradesh, India",2026 6th International Conference on Intelligent Technologies (CONIT),"28 Jul 2026","2026","","","1","8","Cotton leaf diseases significantly reduce agricultural productivity and require timely, accurate diagnosis for effective crop management. Traditional manual inspection methods are slow, subjective, and unsuitable for large-scale monitoring. This study proposes an interpretable deep learning framework called GAN-Enhanced Multiscale Attention Vision Transformer (GAN-MA-ViT) for automated cotton leaf disease diagnosis. The framework first employs a Conditional Generative Adversarial Network (C-GAN) to generate high-quality synthetic disease images, addressing dataset imbalance and data scarcity. The augmented dataset is then used to train a Multiscale Attention Vision Transformer built on the Swin Transformer architecture, which captures both local lesion details and global disease patterns across multiple spatial scales. Experimental evaluation on a held-out test set demonstrates that the proposed model achieves 88.51% classification accuracy, outperforming conventional CNN and standard Vision Transformer baselines. Furthermore, attention-based localization heatmaps provide visual explanations for model predictions, substantially improving diagnostic interpretability. The results indicate that the proposed framework offers an effective, reliable, and interpretable solution for intelligent crop disease monitoring in precision agriculture.","","979-8-3195-1858-3","10.1109/CONIT69683.2026.11621334","","https://ieeexplore.ieee.org/stamp/stamp.jsp?arnumber=11621334","Generative adversarial networks (GANs);plant disease detection;multiscale attention;vision transformers (ViT);synthetic data augmentation;crop health monitoring;precision agriculture","Diseases;Modeling;Generative adversarial networks;Training;Transformers;Accuracy;Vision transformers;Labeling;Architecture;Computer architecture","","","","17","IEEE","28 Jul 2026","19-21 June 2026","19-21 June 2026","IEEE","IEEE Conferences"
"A High-Quality Rice Leaf Disease Image Data Augmentation Method Based on a Dual GAN","Z. Zhang; Q. Gao; L. Liu; Y. He","School of Big Data, Yunnan Agricultural University, Kunming, Yunnan, China; School of Big Data, Yunnan Agricultural University, Kunming, Yunnan, China; School of Big Data, Yunnan Agricultural University, Kunming, Yunnan, China; School of Big Data, Yunnan Agricultural University, Kunming, Yunnan, China",IEEE Access,"7 Mar 2023","2023","11","","21176","21191","Deep learning models need sufficient training samples to support them in the training process; otherwise, overfitting occurs, resulting in model failure. However, in the field of smart agriculture, there are common problems, such as difficulty in obtaining high-quality disease samples and high cost. To solve this problem, this paper proposed a high-quality image augmentation (HQIA) method for generating high-quality rice leaf disease images based on a dual generative adversarial network (GAN). First, the original samples were used to train Improved Training of Wasserstein GANs (WGAN-GP) to generate pseudo-data samples. The pseudo-data samples were put into the Optimized-Real-ESRGAN (Opt-Real-ESRGAN) to generate high-quality pseudo-data samples. Finally, the high-quality pseudo-data samples were put into the disease classification convolutional neural network, and the effectiveness of the method was verified by indicators. Experimental results showed that this method can generate high-quality rice leaf disease images, and the recognition accuracy of high-quality rice disease image samples augmented by this method was 4.57% higher than that of using only the original training set on ResNet18 and 4.1% higher on VGG11. Compared with the data augmentation method only by WGAN-GP, the accuracy of ResNet18 increased by 3.08%, and the accuracy of VGG11 increased by 3.55%. The results demonstrate the effectiveness of the proposed method with limited training datasets.","2169-3536","","10.1109/ACCESS.2023.3251098","National Natural Science Foundation of China(grant numbers:32101611); Youth Project of Basic Research Program of Yunnan Province(grant numbers:202101AU070096); Scientific Research Fund Project of Yunnan Provincial Department of Education(grant numbers:2020J0239); Major Project of Science and Technology of Yunnan Province(grant numbers:202002AE090010); Open Research Program of the State Key Laboratory for Conservation and Utilization of Bio-Resource in Yunnan(grant numbers:GZKF2021009); Open Fund Project of the Yunnan Province Software Engineering Key Laboratory(grant numbers:2020SE501); Science and Technology Talents and Platform Project of Yunnan Province(grant numbers:202105AG070007); ","https://ieeexplore.ieee.org/stamp/stamp.jsp?arnumber=10056946","Rice leaf disease;data augmentation;generative adversarial networks;deep learning;image super-resolution","Diseases;Image recognition;Generative adversarial networks;Crops;Feature extraction;Data models;Superresolution;Agriculture;Data augmentation","","72","","37","CCBYNCND","1 Mar 2023","2023","","IEEE","IEEE Journals"
"Vision Transformer-Based Wheat Health Mapping Using Geospatial Data for Precision Agriculture","J. M. A; K. K; M. S","Computer Science and Engineering, St. Joseph's College of Engineering, Chennai, India; Computer Science and Engineering, St. Joseph's College of Engineering, Chennai, India; Computer Science and Engineering, St. Joseph's College of Engineering, Chennai, India",2026 4th International Conference on Intelligent Data Communication Technologies and Internet of Things (IDCIoT),"1 Apr 2026","2026","","","1302","1308","The number of cases of wheat yield loss by diseases, nutrient deficiencies is still a large problem in high farming operations as early signs of these conditions are often missed because of the time lag related to the traditional system of scouting of the fields. Manual inspection is too laborious and cannot be used to provide round-the-clock and extensive coverage of crops. In order to overcome this shortcoming, the current study will suggest an automated wheat health monitoring system that combines Vision Transformers (ViT), Long Short-Term Memory (LSTM), and geospatial visualization by using the QGIS. This system uses a fine-tuned ViT model to obtain global spatial features of high-resolution wheat image to make high accuracy health classification, and LSTM networks track the development of temporally consecutive image sequences to make temporal changes in crop condition. The joint spatio-temporal learning technique allows one to identify healthy crops, diseased areas, and regions with nutrient deficiency at an early age with certainty. QGIS is used to convert model outputs into georeferenced wheat health maps that can be used to provide intuitive decision-support methods of precision agriculture. The proposed framework will decrease the reliance on manual monitoring, increase the ability to intervene in the early stages, and provides the possibility to monitor the resources effectively, which in turn will lead to high yield wheat production and sustainable crop production methods.","","979-8-3315-9654-5","10.1109/IDCIoT67589.2026.11455797","","https://ieeexplore.ieee.org/stamp/stamp.jsp?arnumber=11455797","Wheat Health;Crop Monitoring;Disease Detection;Nutrient Deficiency;Precision Agriculture;Yield Optimization;Geospatial Analysis","Precision agriculture;Crops;Manuals;Nutrients;Transformers;Geospatial analysis;Long short term memory;Monitoring;Diseases;Farming","","","","15","IEEE","1 Apr 2026","4-6 Feb. 2026","4-6 Feb. 2026","IEEE","IEEE Conferences"
"A Spatiotemporal Generative AI Framework for Agronomic Forecasting Using Semi-Supervised Learning on Remote Sensing Time-Series","S. Henna; M. Rao Sakhamuri","Department of Computing, Atlantic Technical University, Ireland; Department of Computing, Atlantic Technical University, Ireland",2025 IEEE International Conference on Smart Computing (SMARTCOMP),"3 Jul 2025","2025","","","306","311","Agronomic forecasting, especially crop yield prediction, faces significant challenges due to data sparsity, irregular sampling, and the limited availability of labeled time-series data. To address these issues, this study proposes a Spatiotemporal Generative Adversarial Network (ST-GAN) framework designed to generate temporally consistent synthetic data for time-series forecasting tasks. We evaluate the performance of an LSTM regression model trained on both real-world and ST-GAN-generated datasets, focusing on predicting crop yield from synthetic features like temperature, rainfall, and pesticide usage. Experimental results show that training the LSTM model with ST-GANgenerated data yields substantial improvements in predictive accuracy, with a 29.3 % reduction in mean squared error (MSE), highlighting the model's ability to capture complex temporal dependencies effectively. Importantly, the synthetic sequences produced by ST-GAN maintain critical spatiotemporal coherence, allowing the model to generalize better to unseen real-world data, resulting in lower error rates on validation samples. The incorporation of semi-supervised learning within the ST-GAN framework further enhances its utility, enabling improved forecasting in low-resource environments where labeled data is scarce. By leveraging the strength of both synthetic data generation and semi-supervised learning, our approach overcomes the limitations of traditional methods, offering a robust solution for agronomic forecasting.","2693-8340","979-8-3315-8646-1","10.1109/SMARTCOMP65954.2025.00093","","https://ieeexplore.ieee.org/stamp/stamp.jsp?arnumber=11058617","Spatiotemporal GAN (ST-GAN);Crop Yield Prediction;Synthetic Time-Series Data;Semi-Supervised Learning;Agronomic Forecasting","Training;Accuracy;Semisupervised learning;Predictive models;Data models;Spatiotemporal phenomena;Forecasting;Crop yield;Long short term memory;Synthetic data","","","","20","IEEE","3 Jul 2025","16-19 June 2025","16-19 June 2025","IEEE","IEEE Conferences"
"Plant Disease Detection using Image Processing and Generative Adversarial Network","Y. Teresha; N. J. Shaji; M. Jarial; V. V. Mirjankar; S. Patil","Computer Science Engineering Dept., PES University, Bengaluru, India; Computer Science Engineering Dept., PES University, Bengaluru, India; Computer Science Engineering Dept., PES University, Bengaluru, India; Computer Science Engineering Dept., PES University, Bengaluru, India; Computer Science Engineering Dept., PES University, Bengaluru, India",2025 IEEE 14th International Conference on Communication Systems and Network Technologies (CSNT),"23 Apr 2025","2025","","","573","578","Agriculture is a key contributor to the GDP of our country, India. Plants play a very important role in the ecosystem and plant diseases can negatively impact the agricultural industry by causing huge losses to the food supply. Plant leaves are prone to a variety of diseases, including blights, leaf spots, and other infections. Therefore, identifying diseases efficiently is crucial to pave the way for sustainable agriculture. In the field of agriculture, traditional and manual methods for detecting diseases in plants have sometimes been found to be inefficient and error prone. We therefore present a novel solution to these issues by introducing a method to automate plant disease detection in the Tomato plant leaf by using advanced Convolutional Neural Network (CNN) frameworks, image processing libraries and Generative Adversarial Networks (GANs). The pipeline of our work involves preprocessing plant image datasets, generating synthetic images using GANs, segmenting region of interests via a U-Net model, and classifying diseases with a CNN-based classifier. A deployed model ensures accurate disease identification from user input.","2473-5655","979-8-3315-3193-5","10.1109/CSNT64827.2025.10968449","","https://ieeexplore.ieee.org/stamp/stamp.jsp?arnumber=10968449","Agriculture;Generative Adversarial Network;Plant Disease Detection;Image Processing;Classification;Segmentation","Plant diseases;Image segmentation;Plants (biology);Pipelines;Ecosystems;Manuals;Generative adversarial networks;Agriculture;Libraries;Convolutional neural networks","","1","","11","IEEE","23 Apr 2025","7-9 March 2025","7-9 March 2025","IEEE","IEEE Conferences"
"Generation of Synthetic Dataset for Electronic Health Record (EHR) and Medical Images","K. V. Arya; S. D","School of Computer Science Engineering (SOCSE), RV University, Bengaluru; School of Computer Science Engineering (SOCSE), RV University, Bengaluru",2025 International Conference on Intelligent Computing and Control Systems (ICICCS),"12 May 2025","2025","","","749","756","Machine learning models require large quantities of high-quality data for training. In applications such as rare disease diagnosis, remote sensing, and agriculture, data unavailability is a cutting-edge constraint leading to sub-optimal model performance. In this paper, we explore the application of data augmentation by deep learning-based Generative Adversarial Networks (GANs) and Diffusion models for generating synthetic data sets for Electronic Health Records (EHRs) and medical images. Due to medical data privacy and limited access for high-resolution medical data, synthetic data generation is one potential direction towards training effective machine learning models. Our aim is to compare the synthetic medical data generation performance of the GAN and Diffusion model and choose the most effective solution. Utilizing synthetic data, our aim is to enhance model performance without compromising data privacy and enhancing training data availability for medical research. The proposed approach is extensible to broad ranges of applications in non-medical domains such as security, remote sensing, and anomaly detection. Experiments demonstrate that the use of synthetic datasets generated on the basis of GAN enhances the accuracy of the model and thus is an efficient approach for machine learning-based data augmentation.","","979-8-3315-1208-8","10.1109/ICICCS65191.2025.10985621","","https://ieeexplore.ieee.org/stamp/stamp.jsp?arnumber=10985621","Generative adversarial Network;Diffusion model;Data augmentation;Electronic health record","Training;Electric potential;Generative adversarial networks;Diffusion models;Data augmentation;Data models;Electronic medical records;Medical diagnostic imaging;Remote sensing;Synthetic data","","2","","22","IEEE","12 May 2025","19-21 March 2025","19-21 March 2025","IEEE","IEEE Conferences"
"AgriQDL: A Quantum-Driven Deep Learning Model for Climate-Resilient Smart Farming","J. J. Mary; B.Sarvesan; N. M; R. Priyadharsini; H. A. Nurmatovich.; B. Madaminov","Department of Computer Science and Applications, Faculty of Science and Humanities, SRM Institute of Science and Technology, Ramapuram; Department of Information Technology, RMD Engineering College, Kavarapettai; Department of Computer Science and Engineering, Sona College of Technology, Salem, Tamil Nadu, India; Department of Computer Science and Engineering, Sona College of Technology, Salem, Tamil Nadu, India; Department of Technical Systems, Urgench State University, Urgench City, Uzbekistan; Department of General Professional Sciences, Mamun University, Urgench, Uzbekistan","2025 4th International Conference on Automation, Computing and Renewable Systems (ICACRS)","14 Jan 2026","2025","","","1547","1553","The accelerated growth of Artificial Intelligence (AI) and Quantum Computing (QC) has unlocked transformative potential for solving complex challenges in climate-adaptive and energy-efficient agriculture. Traditional deep learning frameworks often struggle to manage the massive heterogeneity, temporal variance, and computational intensity inherent in multi-source agro-climatic data. To overcome these limitations, this work introduces AgriQDL (Quantum-Driven Deep Learning for Agriculture) — an advanced hybrid paradigm that combines the superior pattern recognition of deep neural networks with the parallel computational capabilities of quantum circuits. First Objective focuses on integrating Variational Quantum Circuits (VQCs) with deep architectures to accelerate learning across high-dimensional satellite, soil, weather, and IoT-sensor datasets. The second objective aims to employ quantum-inspired backpropagation and Quantum Generative Adversarial Networks (QGANs) for efficient feature learning and synthetic data generation in regions with sparse ground-truth samples. The final objective embeds the AgriQDL framework into a Federated Learning (FL) environment to ensure secure, decentralized model training that preserves community data privacy while supporting collaborative intelligence. The proposed AgriQDL architecture integrates quantum-enhanced convolutional and recurrent layers for spatial–temporal feature extraction, where VQCs perform high-speed state transformations and gradient evaluations. The QGAN module supplements limited datasets by generating high-fidelity synthetic samples, thereby mitigating regional data scarcity and improving model generalization. The FL-enabled deployment ensures that each agricultural community trains its local model while contributing encrypted gradients to a global quantum-assisted model aggregator, achieving scalability and confidentiality simultaneously. Comprehensive evaluations were conducted across multiple agro-climatic zones using diverse datasets encompassing satellite imagery, soil moisture indices, humidity, and crop-yield records. Comparative analysis against conventional deep learning baselines — including CNN, LSTM, and hybrid CNN-BiLSTM models — demonstrates that AgriQDL achieves an average accuracy improvement of 18%, reduces training time by up to 45%, and enhances resilience to climate variability and data imbalance. These outcomes highlight AgriQDL’s capability to perform rapid, resource-efficient agricultural analytics while maintaining strong privacy guarantees. The results establish AgriQDL as a robust foundation for next-generation quantum–AI-driven precision agriculture systems.","","979-8-3315-4886-5","10.1109/ICACRS67045.2025.11324268","","https://ieeexplore.ieee.org/stamp/stamp.jsp?arnumber=11324268","Quantum Machine Learning;Smart Farming;Climate Adaptation;Federated Learning;Quantum GAN;Precision Agriculture;Crop Yield Prediction;Spatio-Temporal Modeling;Quantum Encryption;Sustainable Agriculture","Deep learning;Training;Smart agriculture;Precision agriculture;Weather;Accuracy;Transfer learning;Generative adversarial networks;Data models;Quantum circuit","","1","","27","IEEE","14 Jan 2026","10-12 Dec. 2025","10-12 Dec. 2025","IEEE","IEEE Conferences"
"Enhancing Crop Disease Identification and Management Using Inception V3 Transfer Learning","M. M. Baig; P. Chauhan; R. K. Patel; S. Singh Chouhan; H. Vishwakarma; A. Shukla; D. Kumar","School of Computing Science and Engineering, VIT Bhopal University, Sehore, Madhya Pradesh, India; School of Computing Science and Engineering, VIT Bhopal University, Sehore, Madhya Pradesh, India; School of Computing Science and Engineering, VIT Bhopal University, Sehore, Madhya Pradesh, India; School of Computing Science and Engineering, VIT Bhopal University, Sehore, Madhya Pradesh, India; School of Computing Science and Engineering, VIT Bhopal University, Sehore, Madhya Pradesh, India; School of Computing Science and Engineering, VIT Bhopal University, Sehore, Madhya Pradesh, India; School of Computing Science and Engineering, VIT Bhopal University, Sehore, Madhya Pradesh, India",2025 IEEE 1st International Conference on Recent Trends in Computing and Smart Mobility (RCSM),"11 May 2026","2025","","","1","5","A smart-farming solution focused on plant disease detection using deep learning and IoT technologies. The core objective is to develop a comprehensive system that empowers farmers with real-time disease diagnosis, environmental monitoring, and actionable recommendations. A Convolutional Neural Network (CNN) based on the GoogLeNet (Inception V3) architecture is employed for disease detection, trained on the PlantVillage dataset, which contains over 54,000 images of 14 crop species. The model achieves a validation accuracy of 91.97%, surpassing traditional methods in speed and precision. The system also incorporates IoT-enabled sensors to track environmental parameters, such as temperature, humidity, and soil moisture, with the data visualized on an Android application. The app integrates the TensorFlow Lite model for detection on-device, enabling farmers to scan and diagnose plant diseases instantly. The app further provides disease-specific remedies, notifications, and insights for timely interventions. Authentication and data management are handled through Firebase, ensuring a secure and scalable user experience. This solution addresses the limitations of traditional disease detection, offering a fast, affordable, and scalable approach to smart farming. Future improvements aim to expand disease classifications, integrate real-time IoT sensor data, and enable predictive analytics for enhanced crop management.","","979-8-3315-9126-7","10.1109/RCSM67767.2025.11507538","","https://ieeexplore.ieee.org/stamp/stamp.jsp?arnumber=11507538","Smart farming;Plant disease detection;Deep learning;IoT (Internet of Things);Convolutional Neural Network (CNN);GoogLeNet (Inception V3)","Modeling;Internet of Things;Diseases;Industrial plants;Plants (biology);Signal detection;Plant diseases;Convolutional neural networks;Training;Timing","","","","17","IEEE","11 May 2026","5-6 Dec. 2025","5-6 Dec. 2025","IEEE","IEEE Conferences"
"Biophysical Parameter Estimation Using Earth Observation Data in a Multi-Sensor Data Fusion Approach: CycleGAN","N. Efremova; E. Erten","University of Oxford Deepplanet, Oxford, UK; Department of Geomatics Engineering, Istanbul Technical University, Istanbul, Turkey",2021 IEEE International Geoscience and Remote Sensing Symposium IGARSS,"12 Oct 2021","2021","","","5965","5968","Water management and up-to-date soil moisture (SM) information are crucial to ensure agricultural activities in dry-land farming regions. In this context, remote sensing imagery coupled with machine learning techniques can provide large scale SM information if there is enough data for training, which is really limited in reality. In this paper, we explored the potential of cycle-consistent Generative Adversarial Network (GAN) for data augmentation for training machine learning algorithms, which try to model spatial and temporal dependencies between the SM prediction (output) and the remote sensing imagery (input features). Specifically, the freely available SAR (Sentinel-1) and optical (Sentinel-2) time series data were evaluated together to predict SM using GANs. The experiments demonstrate that the proposed methodology outperforms the compared state-of-the-art methods if there is not enough data to train a regression convolutional neural networks (CNN) to predict SM content.","2153-7003","978-1-6654-0369-6","10.1109/IGARSS47720.2021.9553561","Research Fund of the Istanbul Technical University(grant numbers:43018); ","https://ieeexplore.ieee.org/stamp/stamp.jsp?arnumber=9553561","soil moisture;Sentinel-1;Sentinel-2;cycleGAN;CNN;PCA;autoencoders;support vector regression;ridge regression","Training;Time series analysis;Soil moisture;Pipelines;Estimation;Predictive models;Generative adversarial networks","","1","","9","IEEE","12 Oct 2021","11-16 July 2021","11-16 July 2021","IEEE","IEEE Conferences"
"Data Augmentation Using GANs for Crop/Weed Segmentation in Precision Farming","M. Fawakherji; C. Potena; I. Prevedello; A. Pretto; D. D. Bloisi; D. Nardi","Dept. of Computer, Control, and Management Engineering, Sapienza University of Rome, Rome, Italy; Engineering Department, Roma Tre University, Rome, Italy; Dept. of Computer, Control, and Management Engineering, Sapienza University of Rome, Rome, Italy; IT+Robotics S.r.l., Padova, Italy; Dept. of Mathematics, Computer Science, and Economics, University of Basilicata, Potenza, Italy; Dept. of Computer, Control, and Management Engineering, Sapienza University of Rome, Rome, Italy",2020 IEEE Conference on Control Technology and Applications (CCTA),"28 Sep 2020","2020","","","279","284","Farming robots need a fast and robust image segmentation module to apply targeted treatments, which require the ability to distinguish, in real time, between crop and weeds. Existing solutions make use of visual classifiers that are trained on large annotated datasets. However, generating large datasets with pixel-wise annotations is an extremely time-consuming task. In this work, we tackle the crop/weed segmentation problem by using a synthetic image generation method to augment the training dataset without the need of manually labelling the images. The proposed approach consists in training a Generative Adversarial Network (GAN), which can automatically generate realistic agricultural scenes. As a difference with respect to common GAN approaches, where the network learns how to reproduce an entire scene, we generate only instances of the objects of interest in the scene, namely crops. This allows to build a generative model that is more compact and easier to train. The generated objects are then placed into real images of agricultural datasets, thus creating new images that can be used for training. To evaluate the performance of the proposed approach, quantitative experiments have been carried out using different segmentation network architectures, showing that our method well generalizes across multiple architectures.","","978-1-7281-7140-1","10.1109/CCTA41146.2020.9206297","","https://ieeexplore.ieee.org/stamp/stamp.jsp?arnumber=9206297","","Agriculture;Image segmentation;Training;Gallium nitride;Robot sensing systems;Semantics","","41","","23","IEEE","28 Sep 2020","24-26 Aug. 2020","24-26 Aug. 2020","IEEE","IEEE Conferences"
"Can We Grow Data? A Hybrid Pipeline for Synthetic Agricultural Data Generation","N. L. Manjor; R. P. Porfírio; P. A. Santos; R. N. Madeira","Escola Superior de Tecnologia de Setúbal (ESTSetúbal), Instituto Politécnico de Setúbal; NOVA LINCS, NOVA University of Lisbon, ESTSetúbal, Instituto Politécnico de Setúbal; ESTSetúbal, Instituto Politécnico de Setúbal NOVA LINCS, NOVA University of Lisbon; ESTSetúbal, Instituto Politécnico de Setúbal NOVA LINCS, NOVA University of Lisbon",2026 10th International Young Engineers Forum on Electrical and Computer Engineering (YEF-ECE),"27 Jul 2026","2026","","","60","65","Digital agriculture increasingly relies on machine learning to optimize crop management, yet the scarcity of longitudinal field datasets limits the development of robust predictive models. This limitation is particularly severe for small-scale producers, who often lack the sensing infrastructure needed to support reliable decision-support tools for tasks such as yield forecasting and risk assessment. To address this challenge, we propose a modular hybrid pipeline that combines process-based crop simulators with deep generative models to produce synthetic farm datasets. Within this architecture, the simulator defines physiologically plausible crop boundaries, while the generative model captures and extends the underlying statistical patterns with controlled variability. The pipeline also enables explicit parameterization of factors such as noise, missing values, and class imbalance, thereby supporting systematic studies of predictive robustness under diverse data conditions. As preliminary experiments, we integrated the APSIM wheat module with a tabular Variational Autoencoder to approximate simulator distributions. We then adapted the model to real-world European wheat data through transfer learning. The results suggest that the proposed pipeline can generate useful synthetic data when field observations are scarce. Overall, the framework provides both a practical approach to data synthesis and a methodological foundation for future controlled data generation in digital agriculture.","","979-8-3195-0527-9","10.1109/YEF-ECE70590.2026.11614611","","https://ieeexplore.ieee.org/stamp/stamp.jsp?arnumber=11614611","Synthetic Data Generation;Digital Agriculture;Deep Learning;Crop Simulators;APSIM;Variational Autoencoder","Modeling;Crops;Printing;Pipelines;Synthetic data;Machine learning;Training;Data collection;Simulation;Smart agriculture","","","","26","IEEE","27 Jul 2026","19-19 June 2026","19-19 June 2026","IEEE","IEEE Conferences"
"AI Opportunities and Challenges for Crop Type Mapping Using Sentinel-2 and Drone Data","A. Nowakowski; D. Spiller; N. Cremer; R. Bonifacio; M. Marszalek; M. Garcia-Herranz; P. P. Mathieu; D. -H. Kim","Ф-Lab, EOP, European Space Agency, ESRIN, Frascati, Rome, Italy; Ф-Lab, EOP, European Space Agency, ESRIN, Frascati, Rome, Italy; Ф-Lab, EOP, European Space Agency, ESRIN, Frascati, Rome, Italy; Geospatial Team, Analysis and Trends Service, World Food Programme HQ; Ф-Lab, EOP, European Space Agency, ESRIN, Frascati, Rome, Italy; Office of Innovation, UNICEF, New York, USA; Ф-Lab, EOP, European Space Agency, ESRIN, Frascati, Rome, Italy; Office of Innovation, UNICEF, New York, USA",2021 IEEE International Geoscience and Remote Sensing Symposium IGARSS,"12 Oct 2021","2021","","","258","261","Crop type mapping represents one of the most challenging problems in remote sensing. Spatial, spectral, and temporal information are required in order to obtain a unambiguous distinction among the types of crop. This paper presents a multi-sensor approach, where labelled high-resolution images from drones, limited to small areas, are used to enhance the classification ability of machine learning models based on Sentinel 2 time series. The project described in this paper is organized into three major activities. The first part focused on the exploitation of RGB drone images by using transfer learning and convolutional networks, and it has already been described in a previous work by the team. The second part deals with preliminary analysis of multi-spectral Sentinel 2 time-series using the labelled data from the drones campaign and trees-based machine learning algorithms. Finally, the third ongoing part deals with the combination of drones and satellite data in order to show how drones data can help the Sentinel 2 classification by reducing the effort needed to collect reference crop type information.","2153-7003","978-1-6654-0369-6","10.1109/IGARSS47720.2021.9553609","","https://ieeexplore.ieee.org/stamp/stamp.jsp?arnumber=9553609","Crop-type mapping;Sentinel 2;drones;transfer learning;multi-resolution image analysis","Satellites;Machine learning algorithms;Image analysis;Transfer learning;Time series analysis;Crops;Remote sensing","","4","","20","IEEE","12 Oct 2021","11-16 July 2021","11-16 July 2021","IEEE","IEEE Conferences"
"Medical Image Generation Techniques for Data Augmentation: Disc-VAE versus GAN","K. Rais; M. Amroune; M. Y. Haouam","Laboratory of Mathematics, Informatics and Systems (LAMIS), Echahid Cheikh Larbi Tebessi University, Tebessa, Algeria; Laboratory of Mathematics, Informatics and Systems (LAMIS), Echahid Cheikh Larbi Tebessi University, Tebessa, Algeria; Laboratory of Mathematics, Informatics and Systems (LAMIS), Echahid Cheikh Larbi Tebessi University, Tebessa, Algeria",2024 6th International Conference on Pattern Analysis and Intelligent Systems (PAIS),"3 Jun 2024","2024","","","1","8","AI algorithms can analyze medical images, such as X-rays, MRIs, and CT scans, assisting doctors in detecting diseases and making more accurate diagnoses. However, large, diverse datasets of medical images are critical for training robust and effective AI models. Furthermore, acquiring and annotating these datasets poses considerable challenges due to factors such as cost, privacy concerns, and data scarcity. To address these challenges, data augmentation techniques, particularly synthetic image generation, have become more popular in recent years. Traditional augmentation methods such as rotation, scaling, and cropping are commonly used but may not capture all the characteristics of medical images.This paper explores various techniques for generating synthetic medical images to enhance AI models. We examine recent methodologies of data augmentation employed for generating synthetic medical images. Additionally, we highlight the importance of synthetic images in improving the performance and generalization capabilities of machine learning algorithms in the medical field. This is achieved by adding the discriminator into the VAE, Disc-VAE, and comparing it with GAN through the quantitative metrics (SSIM, PSNR, and Accuracy).","","979-8-3503-5026-5","10.1109/PAIS62114.2024.10541221","","https://ieeexplore.ieee.org/stamp/stamp.jsp?arnumber=10541221","Data augmentation;generative techniques;synthetic images Medical images","Training;Measurement;Image synthesis;X-rays;Data augmentation;Generative adversarial networks;Data models","","12","","35","IEEE","3 Jun 2024","24-25 April 2024","24-25 April 2024","IEEE","IEEE Conferences"
"Real-Time Plant Disease Identification: Fusion of Vision Transformer and Conditional Convolutional Network With C3GAN-Based Data Augmentation","P. S. Thakur; S. Chaturvedi; P. Khanna; T. Sheorey; A. Ojha","PDPM Indian Institute of Information Technology, Design and Manufacturing, Jabalpur, India; PDPM Indian Institute of Information Technology, Design and Manufacturing, Jabalpur, India; PDPM Indian Institute of Information Technology, Design and Manufacturing, Jabalpur, India; PDPM Indian Institute of Information Technology, Design and Manufacturing, Jabalpur, India; PDPM Indian Institute of Information Technology, Design and Manufacturing, Jabalpur, India",IEEE Transactions on AgriFood Electronics,"10 Oct 2024","2024","2","2","576","586","Climate change, adverse weather conditions, and illegitimate farming practices have caused severe damage to the agricultural ecosystem, resulting in significant crop loss in the last decade. One of the major challenges is the breakout of plant diseases that harm the crop in the field. To address this issue, several artificial intelligence and Internet of Things-based systems have been developed for crop monitoring and containment of plant diseases at early stages. In this article, a real-time plant disease identification system is designed using drone-based surveillance and farmer's input. A lightweight plant disease classification model is deployed in the proposed system using a fusion of a vision transformer and a convolutional neural network. The proposed model deploys conditional attention with a statistical squeeze-and-excitation module to efficiently learn the plant disease patterns from images captured under normal and challenging weather conditions. With only 0.95 million trainable parameters, the performance of the proposed plant disease classification model surpasses that of seven state-of-the-art techniques on five public datasets and an in-house developed maize dataset from drone camera-captured images under varying environmental conditions. To provide a better learning experience of real-world data to the model, a generative adversarial network, C3GAN, inspired by cycleGAN, is proposed for data augmentation of the collected maize dataset. The system keeps updating the model parameters based on the feedback of agriculture experts and farmers when new diseases break out or the model's performance deteriorates on unseen data during the surveillance over a period of time.","2771-9529","","10.1109/TAFE.2024.3447792","","https://ieeexplore.ieee.org/stamp/stamp.jsp?arnumber=10680721","Conditional convolution (CondConv);generative adversarial network (GAN);maize dataset;real-time plant disease classification;vision transformer (ViT)","Climate change;Generative adversarial networks;Real-time systems;Plant diseases;Classification algorithms;Convolutional neural networks","","14","","42","IEEE","16 Sep 2024","Sept.-Oct. 2024","","IEEE","IEEE Journals"
"On Crop Growth and InSAR Closure Phases","Y. Yuan; M. Kleinherenbrink; P. López-Dekker","Department of Geoscience and Remote Sensing, Delft University of Technology, Delft, The Netherlands; Department of Geoscience and Remote Sensing, Delft University of Technology, Delft, The Netherlands; Department of Geoscience and Remote Sensing, Delft University of Technology, Delft, The Netherlands",IEEE Transactions on Geoscience and Remote Sensing,"2 Aug 2024","2024","62","","1","12","The closure phase, which is a circular summation of the phases of the three multilooked interferograms, comprises a geophysical component and phase noise. In agricultural regions of southern Spain, encompassing both open crop fields and greenhouses, the closure phases constructed from Sentinel-1 acquisitions consistently exhibit positive signatures. The evolution of these observations appears to be related to the phenological stages of plants, as evidenced by crop calendars. Moreover, the signatures of closure phases stand out as a potential indicator of vegetation development under dense vegetation conditions when compared with coherence and normalized radar cross section (NRCS). Two existing models, one based on dielectric variation in the subsurface and another on volume scattering combined with perpendicular baselines, do not explain observed time series. Therefore, the presence of these positive closure phases implies the existence of supplementary factors contributing to closure phases associated with plant development. In this context, we explore two potential factors: variations in dielectric properties within crop canopies and the line-of-sight (LoS) motion of crops. These factors are considered to establish connections between temporal changes in vegetation parameters and observed closure phase signatures. Regarding the first factor, we characterize the crop canopies using the dielectric constant of an equivalent medium, thereby capturing changes in wave propagation within the canopies due to leaves and vertical stalks’ development throughout the crop growth stages. We then model their contributions to closure phases in a manner analogous to an existing soil moisture model. Using realistic vegetation parameters derived from in situ measurements, this forward model generates synthetic data comparable in magnitude to the observations. As for the second factor, we propose an additional contributing mechanism to closure phases—skewed motion in the radar LoS direction induced by plant growth. This motion model is mathematically verified under a small-motion approximation. Both the models offer valuable insights into the origins of geophysical closure phases.","1558-0644","","10.1109/TGRS.2024.3432396","User Support for Space Research Program of the Dutch Research Council (NWO)(grant numbers:ALWGO.2017.017); ","https://ieeexplore.ieee.org/stamp/stamp.jsp?arnumber=10606278","Closure phases;plant development;propagation model;skewed motion model","Crops;Soil moisture;Scattering;Vegetation mapping;Greenhouses;Sentinel-1;Precipitation","","3","","29","IEEE","22 Jul 2024","2024","","IEEE","IEEE Journals"
"Deformable Two-Stage Generative Adversarial Network Augmentation for Drosophila Image Recognition in Complex Environments","C. Yin; Y. Li; Y. Jin; X. Gao; Y. Peng","Jiangxi Province for Key Laboratory of Information Technology in Agriculture, Jiangxi Agricultural University, Jiangxi, China; Jiangxi Province for Key Laboratory of Information Technology in Agriculture, Jiangxi Agricultural University, Jiangxi, China; Jiangxi Province for Key Laboratory of Information Technology in Agriculture, Jiangxi Agricultural University, Jiangxi, China; Jiangxi Province for Key Laboratory of Information Technology in Agriculture, Jiangxi Agricultural University, Jiangxi, China; Jiangxi Province for Key Laboratory of Information Technology in Agriculture, Jiangxi Agricultural University, Jiangxi, China",IEEE MultiMedia,"8 Oct 2025","2025","32","3","83","93","Drosophila pose a significant threat to crops, and early detection and identification of Drosophila are crucial. However, the lack of complex Drosophila datasets makes it challenging to use deep learning models in practical scenarios, and traditional data augmentation methods struggle to ensure the quality and effectiveness of generated images. To address the issue of decreased model performance due to dataset scarcity, we propose a deformable two-stage generative adversarial network (DTS-GAN) approach. By synthesizing Drosophila images to augment the original dataset, the accuracy of the recognition model based on the ResNet50 backbone is significantly improved. This approach enhances the quality and diversity of synthesized images and solves the difficulty of Drosophila identification in complex backgrounds. Experimental results demonstrate that using the proposed DTS-GAN to generate Drosophila images effectively improves the accuracy of the recognition model with an increase from 80.84% to 86.52% compared to the original precision.","1941-0166","","10.1109/MMUL.2025.3596592","National Natural Science Foundation of China(grant numbers:62262028); Natural Science Foundation of Jiangxi Province(grant numbers:20242BAB25082); Jiangxi Province 2023 Graduate Innovation(grant numbers:YC2023-S414); ","https://ieeexplore.ieee.org/stamp/stamp.jsp?arnumber=11124852","","Accuracy;Convolutional neural networks;Generative adversarial networks;Data augmentation;Training;Image recognition;Deep learning;Deformable models;Agriculture;Crop yield;Plant diseases;Image recognition","","","","20","IEEE","14 Aug 2025","July-Sept. 2025","","IEEE","IEEE Magazines"
"To Analyse Synthetic Pomegranate Disease Images Using Dual GAN-Diffusion Based Learning for Efficient Disease Detection","R. S. Magar; D. V. Patil; S. Sharma","Computer Engineering Department, Dr. D. Y. Patil School of Science and Technology, Dr. D. Y. Patil Vidyapeeth, Pune, India; Computer Engineering Department, Dr. D. Y. Patil School of Science and Technology, Dr. D. Y. Patil Vidyapeeth, Pune, India; Computer Engineering Department, Dr. D. Y. Patil School of Science and Technology, Dr. D. Y. Patil Vidyapeeth, Pune, India",2025 IEEE Pune Section International Conference (PuneCon),"17 Feb 2026","2025","","","1","6","Pomegranate is a high-value fruit crop widely cultivated in arid and semi-arid regions. Yet, its productivity is severely constrained by diseases such as healthy fruit rot, Wilt disease, and minor Infections. Early and accurate detection of these diseases is essential for sustainable farming, but the lack of large-scale, balanced, and high-quality datasets limits the performance of existing machine learning models. To address this challenge, we propose a novel synthetic dataset generated through a Dual GAN-Diffusion-based generative learning framework. The method combines the diversity of Generative Adversarial Networks (GANs) with the high-fidelity refinement of Diffusion Models to create realistic and class-balanced images of pomegranate diseases. The dataset comprises $\text{1 1, 2 5 0}$ images across four categories, including both real and synthetic samples, standardized at $256 \times 256$ resolution. To ensure reliability, the generated images were validated using quantitative metrics such as Freshet Inception Distance (FID), Structural Similarity Index (SSIM), and Peak Signal-to-Noise Ratio (PSNR), along with qualitative expert agronomist evaluation. Experimental results demonstrate that models trained on the augmented dataset achieve an $\text{8 - 1 2 \%}$ improvement in classification accuracy compared to training on real images.","2831-5022","979-8-3315-8834-2","10.1109/PuneCon67554.2025.11379810","","https://ieeexplore.ieee.org/stamp/stamp.jsp?arnumber=11379810","Generative AI;Freshet Inception Distance (FID);Structural Similarity Index (SSIM);Peak Signal-to-Noise Ratio (PSNR)","Training;Visualization;PSNR;Accuracy;Diffusion models;Reliability;Indexes;Convolutional neural networks;Diseases;Synthetic data","","","","50","IEEE","17 Feb 2026","12-14 Dec. 2025","12-14 Dec. 2025","IEEE","IEEE Conferences"
"Augmentation of Vegetation Index Curves Considering the Crop-Specific Phenological Characteristics","P. V. Arun; A. Karnieli","Swiss Institute for Dryland Environmental and Energy Research, Jacob Blaustein Institutes for Desert Research, Ben Gurion University of the Negev, Sede Boker Campus, Israel; Swiss Institute for Dryland Environmental and Energy Research, Jacob Blaustein Institutes for Desert Research, Ben Gurion University of the Negev, Sede Boker Campus, Israel",IEEE Journal of Selected Topics in Applied Earth Observations and Remote Sensing,"27 Jan 2022","2022","15","","1235","1243","The state-of-the-art crop phenological classifiers use vegetation index (VI) time-series data and deep learning (DL) techniques. However, the scarcity of training samples limits the performance of these approaches. Unlike the conventional augmentation techniques, the data augmentation of VI curves should preserve the crop-specific phenological events. The DL-based augmentation approaches do not give good results when the training samples are limited. Also, the conventional approaches such as translation, rotation, scaling, and wrapping do not preserve the characteristic features of the index curves, thereby making them inappropriate for the VI-curve-based augmentations. This article proposes a non-DL-based data augmentation strategy that requires only a minimal number of actual training samples. In the proposed approach, the periodic phenological events and the underlying trend for each crop class are modeled to improve the augmentation. The trends of different crop classes are estimated by jointly maximizing the autocorrelation and variance, while the optimal subsequences are generalized as the phenological events. The proposed augmentation strategy of using Maximal overlap discrete wavelet transform for obtaining the surrogates that retain the crop-specific features and periodicities significantly improves the results. It may be noted that the proposed approach does not alter the wavelet coefficients that are characteristics of a given crop class. The experiments using time series VI data, covering 90 fields of wheat, and 60 fields of barley, confirm better accuracy of the proposed augmentation approaches as compared to the prominent approaches.","2151-1535","","10.1109/JSTARS.2022.3142395","Israeli French High Council for Scientific & Technological Cooperation(grant numbers:3-15832); ","https://ieeexplore.ieee.org/stamp/stamp.jsp?arnumber=9681245","Crop classification;deep learning;maximal overlap discrete wavelet transform;normalized differential vegetation index (NDVI);time series;VENµS","Indexes;Crops;Training;Market research;Generative adversarial networks;Vegetation mapping;Time series analysis","","5","","65","CCBYNCND","13 Jan 2022","2022","","IEEE","IEEE Journals"
"Cotton Yield Prediction: A Machine Learning Approach With Field and Synthetic Data","A. Mitra; S. Beegum; D. Fleisher; V. R. Reddy; W. Sun; C. Ray; D. Timlin; A. Malakar","Adaptive Cropping Systems Laboratory, USDA-ARS, Beltsville, MD, USA; Adaptive Cropping Systems Laboratory, USDA-ARS, Beltsville, MD, USA; Adaptive Cropping Systems Laboratory, USDA-ARS, Beltsville, MD, USA; Adaptive Cropping Systems Laboratory, USDA-ARS, Beltsville, MD, USA; Natural Resource Ecology Laboratory, Colorado State University, Fort Collins, CO, USA; Nebraska Water Center, Daugherty Water for Food Global Institute, University of Nebraska-Lincoln, Lincoln, NE, USA; Adaptive Cropping Systems Laboratory, USDA-ARS, Beltsville, MD, USA; Nebraska Water Center, Daugherty Water for Food Global Institute, University of Nebraska-Lincoln, Lincoln, NE, USA",IEEE Access,"25 Jul 2024","2024","12","","101273","101288","The United States cotton industry is devoted to sustainable production strategies that reduce water, land, and energy consumption while enhancing soil health and cotton yield. Climate-smart agricultural solutions are being developed to increase yields and reduce operational costs. However, crop yield prediction is challenging because of the complex and nonlinear interactive effects of cultivar, soil type, management, pests and diseases, climate, and weather patterns on crops. To address this challenge, the machine learning (ML) method was used to predict yield, considering climatic change, soil diversity, cultivars, and fertilizer applications. Field data were collected over the southern US cotton belt in the 1980s and the 1990s. A second data source was generated from the process-based cotton model GOSSYM to reflect the most recent effects of climate change over the last six years (2017–2022). We focused on nine locations in three southern states: Texas, Mississippi, and Georgia. The accumulated heat for each set of experimental data was used as an analogue for the time-series weather data to reduce the number of computations. The Random Forest (RF) regressor, Support Vector Regression (SVR), Light Gradient Boosting Machine (LightGBM) regressor, Multiple Linear Regression (MLR), and neural networks were evaluated. Cross-validation was performed to obtain an improved model that did not suffer from overfitting. The RF regressor achieved an accuracy of 97.75%, with an  $R^{2}$  of roughly 0.98 and a root mean square error of 55.05 kg/ha. The results demonstrate how a simple and robust model can be developed and utilized to help cotton climate-smart efforts.","2169-3536","","10.1109/ACCESS.2024.3418139","","https://ieeexplore.ieee.org/stamp/stamp.jsp?arnumber=10568958","Cotton yield prediction;climate change effect;smart agriculture;machine learning;field data;synthetic data","Crop yield;Cotton;Sustainable development;Meteorology;Radio frequency;Climate change;Support vector machines;Radio frequency;Random forests;Soft sensors;Climate change;Root mean square;Boosting;Gradient methods;Synthetic data","","35","","86","CCBY","24 Jun 2024","2024","","IEEE","IEEE Journals"
"Robust Battery Data Augmentation Techniques for Reliable State-of-Charge Estimation using Contrastive Learning","V. Maiya; V. R. Urs; J. Channegowda; C. Lingaraj","Department of Electrical and Electronics Engineering, B M S College of Engineering, Bengaluru, Karnataka, India; Department of Electrical and Electronics Engineering, B M S College of Engineering, Bengaluru, Karnataka, India; L & T Technology Services Embassy Manyata Business Park, Bengaluru; Department of Electrical and Electronics Engineering, B M S College of Engineering, Bengaluru, Karnataka, India","2023 IEEE International Conference on Electronics, Computing and Communication Technologies (CONECCT)","4 Sep 2023","2023","","","1","6","The energy storage market has expanded rapidly during the past ten years. Lithium-ion batteries, which have been at the centre of this tremendous advancement in storage systems, has been the driving force behind the electrification revolution in the automotive industry. The development of exact algorithms for calculating the State-of-Charge of various energy storage devices has been the main goal of research on energy storage. Calculating the remaining device usage time and range in electric vehicles is made easier by the use of state-of-charge. All State-of-Charge estimation algorithms have until now relied on carefully selected, large-scale labelled datasets. Researchers do not, however, have access to battery manufacturer datasets because of privacy restrictions. The process of recording battery measurements is also time-consuming and costly. The Contrastive learning mechanism is employed in this paper to produce synthetic battery datasets. This strategy is particularly helpful when there is a lack of data and researchers have little access to it. We employ Mean Squared Error (MSE) and Mean Absolute Error (MAE) metrics to evaluate the effectiveness of this method. The code related to this work can be found in the following URL https://github.con/vageeshmaiya/Contrastive-learning. We have released the code and data employed in this approach to help battery researchers reproduce and build on our results to produce reliable synthetic battery datasets.","2766-2101","979-8-3503-3439-5","10.1109/CONECCT57959.2023.10234789","","https://ieeexplore.ieee.org/stamp/stamp.jsp?arnumber=10234789","Battery;Electric Vehicle (EV);Energy Storage;Synthetic Data;State-of-Charge (SOC);Contrastive Learning","Lithium-ion batteries;Industries;Uniform resource locators;Codes;Estimation;Voltage;Data augmentation","","3","","13","IEEE","4 Sep 2023","14-16 July 2023","14-16 July 2023","IEEE","IEEE Conferences"
"Geospatial Time Machine: A Generative Model to Enhance Spectral–Temporal Data Resolution","F. A. Lopes; V. Sagan; S. Sarkar; A. Stylianou; F. Esposito","Remote Sensing Laboratory, Saint Louis University, St. Louis, MO, USA; Remote Sensing Laboratory, Saint Louis University, St. Louis, MO, USA; Remote Sensing Laboratory, Saint Louis University, St. Louis, MO, USA; Department of Computer Science, Saint Louis University, St. Louis, MO, USA; Department of Computer Science, Saint Louis University, St. Louis, MO, USA",IEEE Transactions on Geoscience and Remote Sensing,"17 Apr 2025","2025","63","","1","13","Geospatial artificial intelligence (GeoAI) and data processing techniques have significantly advanced object detection, prediction, and classification tasks. However, the availability of machine learning-ready, labeled data for specific applications such as plant disease detection remains the major challenge for the broader adoption of GeoAI. For instance, collecting temporal unmanned aerial vehicle (UAV) imagery of agricultural crops to track disease emergence and progress requires substantial human labor and resources, which is often limited to a small spatial scale. Recognizing the pivotal role of temporal data in pattern recognition, object detection, and scene reconstruction, we introduce an innovative approach to augment multispectral temporal datasets: the geospatial time machine (GTM). Our proposed methodology combines graph neural network (GNN) and generative adversarial network (GAN) architectures to generate comprehensive synthetic temporal data encompassing multivariate time series. The results demonstrate that imagery generated through backcasting can enhance the accuracy of downstream classification tasks by up to 53% in plant disease detection, particularly in the initial stages of analyzing a crop growth using multispectral and multitemporal datasets.","1558-0644","","10.1109/TGRS.2025.3552629","NSF(grant numbers:2133407); NSF/United States Department of Agriculture (USDA)(grant numbers:2020-67021-31530); USGS AmericaView(grant numbers:G18AP0007); ","https://ieeexplore.ieee.org/stamp/stamp.jsp?arnumber=10931029","Data augmentation;deep learning;generative adversarial networks (GANs);generative artificial intelligence (GenAI);graph neural networks (GNNs);multispectral","Data models;Predictive models;Accuracy;Image reconstruction;Generative adversarial networks;Graph neural networks;Time series analysis;Imputation;Remote sensing;Crops","","4","","72","IEEE","18 Mar 2025","2025","","IEEE","IEEE Journals"
"A Stacking Ensemble Framework Leveraging Synthetic Data for Accurate and Stable Crop Yield Forecasting","M. Waqar; Y. -W. Kim; Y. -C. Byun","Department of Electronic Engineering, Institute of Information Science and Technology, Jeju National University, Jeju-si, South Korea; Department of Computer Engineering, Jeju National University, Jeju-si, South Korea; Department of Computer Engineering (Major of Electronic Engineering), Institute of Information Science and Technology, Jeju National University, Jeju-si, South Korea",IEEE Access,"8 Aug 2025","2025","13","","136909","136926","With the rapid increase in world’s population and changing climate patterns, accurate crop yield forecasting is essential to ensure food security and sustainable agriculture. This study presents a yield prediction framework consisting of Stacking Ensemble Model (SEM) and its Optimized variant (OSEM), which integrates real-world agricultural data with synthetic data generated using the Prophet time-series model. The ensemble comprises Random Forest, XGBoost, Decision Tree, and K-Nearest Neighbors as base learners, with an Extra Trees Regressor as the meta-learner. OSEM incorporates hyperparameter tuning and dimensionality reduction using Singular Value Decomposition to enhance predictive performance and reduce feature noise. Extensive experiments on globally distributed and region-specific crop datasets demonstrate that OSEM consistently outperforms both SEM and state-of-the-art baselines, achieving  $R^{2} = 0.996$  and MAE = 0.185 t/ha. Stability and convergence analysis, supported by Wilcoxon and Friedman tests, further confirm the robustness and reliability of the proposed model for scalable crop yield forecasting.","2169-3536","","10.1109/ACCESS.2025.3591802","National Research Foundation of Korea (NRF) grant funded by the Ministry of Science and ICT, Korea Government (MSIT)(grant numbers:RS-2024-00405278); National Research Foundation (NRF), Korea, under project BK21 FOUR; ","https://ieeexplore.ieee.org/stamp/stamp.jsp?arnumber=11091272","Crop yield prediction;stacking ensemble learning;synthetic data augmentation;Prophet;XGBoost;random forest;decision tree;KNN;extra tree;SVD","Predictive models;Data models;Crop yield;Forecasting;Meteorology;Synthetic data;Stacking;Random forests;Accuracy;Nearest neighbor methods","","14","","59","CCBY","23 Jul 2025","2025","","IEEE","IEEE Journals"
"CATS: Contrastive learning for Anomaly detection in Time Series","J. R. Ky; B. Mathieu; A. Lahmadi; R. Boutaba","Orange Innovation Lannion; Orange Innovation Lannion; Université de Lorraine, CNRS, Nancy, France; David R. Cheriton School of Computer Science, University of Waterloo",2024 IEEE International Conference on Big Data (BigData),"16 Jan 2025","2024","","","1352","1359","Anomaly detection (AD) plays a critical role in a wide variety of big data applications, including cybersecurity, monitoring, and network systems. It consists in finding patterns in time series data that indicate unexpected events such as faults or defects. Traditional AD approaches, predominantly based on reconstruction techniques, often yield suboptimal performance, particularly when anomalies are present in the training set. Conversely, contrastive learning (CL) has shown significant performance in image processing tasks and is increasingly applied in time series data classification and forecasting. However, traditional CL frameworks are not well-adapted for time series AD due to two key challenges. First, AD is typically performed only on normal instances, and thus CL does not benefit from knowledge about anomalous instances. Second, the temporal nature of time series data is often neglected when computing time series similarity, thereby hindering the effective learning of time series representation.To overcome these limitations, we propose CATS, a novel approach that leverages a temporal similarity measure to learn time series representations. Moreover, through negative data augmentation, CATS generates a more realistic distribution of anomalies, which enables anomaly-informed CL. Extensive experiments conducted on six real-world datasets demonstrate that CATS outperforms existing AD methods. Our results highlight the efficacy of CATS in enhancing time series AD performance in big data environment across various application domains.","2573-2978","979-8-3503-6248-0","10.1109/BigData62323.2024.10825476","","https://ieeexplore.ieee.org/stamp/stamp.jsp?arnumber=10825476","anomaly detection;time series;cloud gaming;contrastive learning","Training;Time series analysis;Contrastive learning;Data augmentation;Time measurement;Forecasting;Anomaly detection;Monitoring;Image reconstruction;Network systems","","4","","42","IEEE","16 Jan 2025","15-18 Dec. 2024","15-18 Dec. 2024","IEEE","IEEE Conferences"
"KrishiAI - An IoT and Machine Learning based Mobile Application for Farmers","S. V. Chavan; D. Manoj Gopalani; R. R. Heda; R. Gopal Israni; R. B. Sethiya","Dept. Of Computer Technology, V.E.S.I.T., Mumbai, India; Dept. Of Computer Technology, V.E.S.I.T., Mumbai, India; Dept. Of Computer Technology, V.E.S.I.T., Mumbai, India; Dept. Of Computer Technology, V.E.S.I.T., Mumbai, India; Dept. Of Computer Technology, V.E.S.I.T., Mumbai, India",2020 4th International Conference on Intelligent Computing and Control Systems (ICICCS),"19 Jun 2020","2020","","","213","218","Determining which crop is to be grown; when the soil needs more water and fertilizers; and if the crop is infected by pests are well understood with the help of IoT sensors and the use of Machine Learning models. The proposed system aims to collect the current soil conditions to determine the water quantity and fertilizers needed by the soil. The IoT camera sensor module will help to determine if the crop is infected by pests so that the farmer will be able to take suitable actions. Soil conditions and weather conditions will be used to determine the suitable crop and will lead to maximum yield and profit. The system provides alert notifications to the farmer and other relevant information related to the crops and the soil through mobile application. It helps the farmer to take suitable actions in order to minimize the loss and maximize the crop yield.","","978-1-7281-4876-2","10.1109/ICICCS48265.2020.9120952","","https://ieeexplore.ieee.org/stamp/stamp.jsp?arnumber=9120952","IoT;machine learning;inception-v3;clustering;ARIMA;Raspberry Pi;NodeMCU;Thingspeak;Firebase;Android","Crops;Machine learning;Soil;Control systems;Cameras;Sensors;Mobile applications","","2","","18","IEEE","19 Jun 2020","13-15 May 2020","13-15 May 2020","IEEE","IEEE Conferences"
"A Comparative Analysis of Few-Shot and Zero-Shot Learning Models with Explainable AI for Crop Disease Recognition Emerging Smart Agriculture","M. R. Uddin; N. Morshed; K. N. Priyanka; M. S. Islam; M. S. Iqbal","Department of Computer Science and Engineering, University of Dhaka, Bangladesh; Department of Computer Science and Engineering, State University of Bangladesh, Bangladesh; Department of Computer Science and Engineering, State University of Bangladesh, Bangladesh; Department of Computer Science and Engineering, American International University, Bangladesh; Department of Computer Science and Engineering, Bangladesh University, Bangladesh","2026 5th International Conference on Electrical, Computer & Telecommunication Engineering (ICECTE)","16 Mar 2026","2026","","","1","6","The Rapid incorporation of Artificial Intelligence into the agriculture sector transforms the shape of traditional agriculture. Among various problems in the agriculture sector, plant disease is one of the major factors that can reduce crop production and quality. The main challenge to overcome this situation is to find the disease accurately, as we have a scarcity of data in agricultural research. This paper provides a comparative analysis of different Convolutional Neural Networks (ResNet- 50, EfficientNet, DenseNet121) Models to detect Potato Leaf diseases. The main focus of this research is to implement the Few Shot Learning (Prototypical Network) and Zero Shot Learning (GAN and CLIP) models to get better performance rather than traditional CNN models. In addition to these, Explainable AI (LIME) has been deployed to increase the interpretability of the models. Different performance matrices such as Accuracy, Precision, Recall and F1 Score are applied to evaluate the efficiency of models.","","979-8-3315-6135-2","10.1109/ICECTE69292.2026.11429200","","https://ieeexplore.ieee.org/stamp/stamp.jsp?arnumber=11429200","ZSL(Zero Shot Learning);FSL(Few Shot Learning);Explainable AI;CNN;Smart Agriculture","Smart agriculture;Analytical models;Plant diseases;Explainable AI;Shape;Zero shot learning;Crops;Transforms;Production;Convolutional neural networks","","","","16","IEEE","16 Mar 2026","29-31 Jan. 2026","29-31 Jan. 2026","IEEE","IEEE Conferences"
"Application of GAN-based Data Augmentation in Imbalanced Classification of Industrial Internet of Things","H. Wu; J. Sun; G. Cai","School of Smart Agriculture, Yancheng Agricultural Technology College, Yancheng, China; School of Smart Agriculture, Yancheng Agricultural Technology College, Yancheng, China; Key Laboratory of Smart Agriculture Technology for Yangtze River Delta, Ministry of Agriculture and Rural Affairs, Nanjing, China","2025 IEEE 2nd International Conference on Electronics, Communications and Intelligent Science (ECIS)","28 Jul 2025","2025","","","1","6","This study focuses on the imbalanced classification problem in the Industrial Internet of Things (IIoT). Due to the scarcity of fault samples, traditional classifiers often show poor performance. To address this, a data augmentation method based on Generative Adversarial Networks (GANs) is proposed. The designed GAN architecture combines LSTM and Transformer in the generator to capture long - term dependencies and global features in time - series data, which is typical in IIoT scenarios. The discriminator uses spectral normalization to enhance stability. A two - stage training strategy is adopted to ensure the generation of high - quality samples. Dynamic threshold screening and mixing proportion optimization are introduced to balance the data distribution and improve the classifier's recognition ability for minority classes. Experiments on NASA bearing fault, TE chemical process, and PHM gearbox fault datasets demonstrate that the proposed method significantly outperforms traditional oversampling and generation methods in extremely imbalanced situations. It can improve the F1 - Score by up to 30% and achieve an AUC - ROC of 0.91 - 0.93, verifying its robustness and generalization ability. This research provides a practical solution for equipment health management in the IIoT, with potential applications in predictive maintenance and digital twin systems.","","979-8-3315-1358-0","10.1109/ECIS65594.2025.11087036","","https://ieeexplore.ieee.org/stamp/stamp.jsp?arnumber=11087036","Generative Adversarial Networks (GANs);Data Augmentation;Imbalanced Classification;Industrial Internet of Things (IIoT);Fault Sample Generation","Training;NASA;Generative adversarial networks;Data augmentation;Transformers;Robustness;Generators;Chemical processes;Prognostics and health management;Industrial Internet of Things","","","","12","IEEE","28 Jul 2025","23-25 May 2025","23-25 May 2025","IEEE","IEEE Conferences"
"MORL: A Multi-Objective Representation Learning Modeling for Time Series Forecasting","J. Zhai; Z. Kan","School of Computer and Big Data, Heilongjiang University, Harbin, China; School of Computer and Big Data, Heilongjiang University, Harbin, China",2025 10th International Conference on Intelligent Computing and Signal Processing (ICSP),"28 Jul 2025","2025","","","1214","1218","Time series representation learning has a wide range of applications, including forecasting, classification, and anomaly detection. The primary challenge in the forecasting task is to learn high-quality representations from raw data using appropriate pre-training methods. This ensures that the model performs well without sacrificing generalization and robustness, making it useful for subsequent tasks. In this context, we introduce MORL, a simple yet effective approach for time series forecasting. MORL is based on three key components, drawing from the principles of representation learning. (i) Our approach utilizes an online knowledge distillation neural network, (ii) a novel data augmentation module, and (iii) a unified optimization mechanism that caters to both contrastive learning and similarity learning objective tasks. We have experimentally validated our method on four real-world time series datasets and one ECG signal dataset, and proves better results than previous methods, demonstrating superior performance compared to existing techniques. MORL achieves significant reductions in MSE by up to 20.9% and MAE by up to 22.1% in energy series datasets, marking notable improvements.","","979-8-3315-3626-8","10.1109/ICSP65755.2025.11086755","","https://ieeexplore.ieee.org/stamp/stamp.jsp?arnumber=11086755","Time series forecasting;Representation learning;Multi-Objective Joint optimization","Representation learning;Time series analysis;Contrastive learning;Predictive models;Signal processing;Semisupervised learning;Robustness;Forecasting;Optimization;Similarity learning","","","","20","IEEE","28 Jul 2025","16-18 May 2025","16-18 May 2025","IEEE","IEEE Conferences"
"Comparative Analysis of Data Augmentation Approaches for Blood Pressure Prediction","R. Saraiva; P. Carvalho; J. Henriques; M. Simões","Department of Informatics Engineering, University of Coimbra, Coimbra, Portugal; Department of Informatics Engineering, University of Coimbra, Coimbra, Portugal; Department of Informatics Engineering, University of Coimbra, Coimbra, Portugal; Department of Informatics Engineering, University of Coimbra, Coimbra, Portugal",2024 46th Annual International Conference of the IEEE Engineering in Medicine and Biology Society (EMBC),"17 Dec 2024","2024","","","1","4","This study explores several data augmentation techniques designed especially for Blood Pressure (BP) time-series data. First, we discuss traditional methods like windowing, magnitude wrapping and cropping, which work especially well for handling the natural non-stationarities and irregularities of BP time series. Next, we investigate the use of Generative Adversarial Networks (GANs) to determine whether more advanced data augmentation methods can lead to better forecasting model performance. We apply these methods to forecasting using different input window widths and prediction horizons on a heterogeneous patient population. Our analysis is based on the application of a Jump Neural Network model, which was selected due to its flexibility and effectiveness in processing time-series data with different properties. Our findings shed some light on the subtle effects of each augmentation method on forecasting accuracy and suggest the best methods for improving BP time-series analysis.","2694-0604","979-8-3503-7149-9","10.1109/EMBC53108.2024.10781892","","https://ieeexplore.ieee.org/stamp/stamp.jsp?arnumber=10781892","","Analytical models;Accuracy;Time series analysis;Neural networks;Predictive models;Data augmentation;Blood pressure;Data models;Forecasting;Wrapping","Humans;Blood Pressure;Neural Networks, Computer;Blood Pressure Determination;Algorithms","","","10","IEEE","17 Dec 2024","15-19 July 2024","15-19 July 2024","IEEE","IEEE Conferences"
"Integrating Multi-Scenario Preprocessing and Data Augmentation with BiLSTM for Robust Agricultural Weather Forecasting","V. N. Wijayaningrum; V. A. H. Firdaus; M. Hani’Ah; Noprianto; A. N. Pramudhita; R. Wakhidah","Department of Information Technology, Politeknik Negeri Malang, Malang, Indonesia; Department of Information Technology, Politeknik Negeri Malang, Malang, Indonesia; Department of Information Technology, Politeknik Negeri Malang, Malang, Indonesia; Department of Information Technology, Politeknik Negeri Malang, Malang, Indonesia; Department of Information Technology, Politeknik Negeri Malang, Malang, Indonesia; Department of Information Technology, Politeknik Negeri Malang, Malang, Indonesia",2025 International Conference on Artificial Intelligence and Technological Solutions (ICAITech),"17 Feb 2026","2025","","","233","238","Crop yields are strongly affected by weather factors including temperature, humidity, rainfall, and wind, which play critical roles in plant development, irrigation management, and harvest outcomes. Reliable weather forecasting is thus crucial for enabling data-driven horticultural decisions and minimizing production risks. Conventional prediction techniques often struggle with non-stationary and multivariate time-series data and typically rely on a single preprocessing or feature engineering method. This study proposes a comprehensive framework integrating multiscenario preprocessing, scaling, and data augmentation with Bidirectional Long Short-Term Memory (BiLSTM) modeling to predict daily weather parameters. Preprocessing strategies include interpolation, mean, median, and k-nearest neighbors (KNN) imputation, while scaling methods involve Min-Max and Standard normalization. Data augmentation techniques such as sliding windows, Gaussian noise injections, and seasonal encoding are applied to enhance temporal pattern learning and model generalization. The framework evaluates multiple combinations of imputation, scaling, and augmentation strategies to identify optimal pipelines for each weather parameter. Results show that the best scenario, which combines Median imputation, Min-Max scaling, and Seasonal augmentation with a window size of 7, achieves the lowest RMSE of 0.0833 for temperature and an $\mathbf{R}^{\mathbf{2}}$ of 0.5151, indicating substantial variance explained. Wind speed also shows robust performance under similar preprocessing, whereas rainfall and relative humidity remain challenging to forecast due to high variability. The findings highlight the importance of systematic preprocessing and augmentation for improving predictive accuracy. This framework provides a robust and adaptive tool for supporting precision agriculture, enabling more informed management decisions amid varying weather conditions.","","979-8-3315-9856-3","10.1109/ICAITech66481.2025.11387243","","https://ieeexplore.ieee.org/stamp/stamp.jsp?arnumber=11387243","crop;horticulture;prediction;time-series","Weather;Rain;Wind speed;Pipelines;Bidirectional long short term memory;Humidity;Predictive models;Data augmentation;Imputation;Wind forecasting","","","","15","IEEE","17 Feb 2026","20-21 Nov. 2025","20-21 Nov. 2025","IEEE","IEEE Conferences"
"Revolutionizing Precision Agriculture with GANBased Data Augmentation and Attention-Enhanced Convolutional Neural Networks (CNN-AM)","D. Olaniyan; J. Olaniyan; O. P. Bernard; A. O. John; C. Umezuruike; E. B. Michael","Department of Computer Science, Bowen University, Iwo, Osun-State, Nigeria; Department of Computer Science, Bowen University, Iwo, Osun-State, Nigeria; Dept. of Computer Science Auchi Polytechnics, Auchi, Nigeria; Department. of Computer Science Auchi Polytechnics, Auchi, Nigeria; Department of Computer Science, Bowen University, Iwo, Osun-State, Nigeria; Department of Computer Science, North-West University, Mafikeng, South Africa","2025 IEEE Connecting the Unconnected Europe, Middle East, and Africa Regional Summit (CTUS-EMEA)","14 Jul 2026","2025","","","1","6","This paper addresses the dual challenge of soil analysis and crop suitability prediction by introducing a novel approach utilizing a Convolutional Neural Network with Attention Mechanism (CNN-AM). The experimental results showed an accuracy rate of 87.5%, precision at 88.5%, recall of 87.5%, and an F1 score of 87.4%. Going beyond traditional soil classification, the study integrated the Soil Types Dataset from Kaggle, containing six folders representing six distinct soil types (type namely; Alluvial soil, Clay soil, Latterite soil, Loamy soil, Sandy Loam soil, and Sandy soil) and 144 labeled photos, which through augmentation expanded to $\mathbf{1 2, 4 2 1}$ images, distributed in a ratio of $\mathbf{8 0 \%}$ for the training set and 20% for the testing set. The model not only accurately classifies soil types but also predicts the types of crops suitable for cultivation in the predicted soil. This comprehensive approach enhances the practical applicability of the CNN-AM model in agricultural and environmental contexts, offering valuable insights for informed decision-making in crop planning and land management.","","979-8-3315-6086-7","10.1109/CTUS-EMEA68989.2025.11592199","","https://ieeexplore.ieee.org/stamp/stamp.jsp?arnumber=11592199","Augmentation;Attention Mechanism;Convolutional Neural Network;Crop Planning;Land Management","Modeling;Soil;Convolutional neural networks;Training;Crops;Accuracy;Printing;Labeling;Generative adversarial networks;Learning (artificial intelligence)","","","","13","IEEE","14 Jul 2026","27-28 Nov. 2025","27-28 Nov. 2025","IEEE","IEEE Conferences"
"Generative Adversarial Networks for Transaction Anomaly Detection: A Synthetic Data Approach","M. Hasan; K. N. Hasan; F. S. Tamim; M. S. Arefin; A. W. Reza","Department of Computer Science and Engineering, IUBAT-International University of Business Agriculture and Technology, Dhaka, Bangladesh; Department of Computer Science and Engineering, Feni University(FU), Chattogram, Bangladesh; Department of Computer Science and Engineering, IUBAT-International University of Business Agriculture and Technology, Dhaka, Bangladesh; Department of Computer Science and Engineering, Chittagong University of Engineering and Technology(CUET), Chattogram, Bangladesh; Department of Computer Science and Engineering, East West University, Bangladesh","2025 International Conference on Quantum Photonics, Artificial Intelligence, and Networking (QPAIN)","29 Sep 2025","2025","","","1","6","Anomaly detection in financial transactions remains a critical challenge due to the highly imbalanced nature of fraud datasets and evolving fraudulent behavior. Traditional machine learning models often struggle in such scenarios, leading to poor generalization and high false-negative rates. To address this, we proposed a novel approach using Generative Adversarial Networks (GANs) to detect anomalies in credit card transactions. Our method leverages the adversarial training paradigm where the generator produces synthetic transaction data from random noise, while the discriminator, initially trained on real transaction samples, learns to distinguish between authentic and generated data. These synthetic samples, once refined, are also incorporated into the training process, enhancing the discriminator's ability to generalize and detect anomalies. We evaluate our model on the publicly available Credit Card Fraud Detection dataset [1], achieving outstanding performance with an accuracy of 99.98%, a precision of 95%, a recall of 89%, and an F1score of 91%. Compared to traditional machine learning models and existing deep learning approaches, our GAN-based method demonstrates superior precision and robustness in identifying fraudulent transactions. The key contributions of this work include the introduction of a GAN framework tailored for transaction anomaly detection, an effective training strategy using both real and synthetic samples, and a detailed performance evaluation against state-of-the-art baselines. However, a limitation of our approach is its relatively lower recall, indicating a need for further improvement in capturing rare fraudulent patterns.","","979-8-3315-9694-1","10.1109/QPAIN66474.2025.11172003","","https://ieeexplore.ieee.org/stamp/stamp.jsp?arnumber=11172003","Credit Card Fraud Detection;Generative Adversarial Networks;Synthetic Data Generation;Deep Learning","Training;Deep learning;Performance evaluation;Generative adversarial networks;Credit cards;Robustness;Fraud;Anomaly detection;Synthetic data;Photonics","","","","24","IEEE","29 Sep 2025","31 July-2 Aug. 2025","31 July-2 Aug. 2025","IEEE","IEEE Conferences"
"Comparative Performance Analysis of Various Generative Adversarial Network (GANs) for Rice Disease Dataset","B. D. Mazumdar; P. K. Gupta; S. Sharma; G. Singh","School of Computer Science & Engineering Technology, Bennett University, Greater Noida, Uttar Pradesh, India; School of Computer Science & Engineering Technology, Bennett University, Greater Noida, Uttar Pradesh, India; School of Computer Science & Engineering Technology, Bennett University, Greater Noida, Uttar Pradesh, India; School of Computer Science & Engineering Technology, Bennett University, Greater Noida, Uttar Pradesh, India",2026 International Conference on Frontiers of Engineering and Emerging Technologies (FET),"17 Jul 2026","2026","","","1","5","Deep Learning (DL) models are quite popular in the domain of smart agriculture, for they have provided very good results in a number of applications. To name a few, are object detection, crop yield predictions, advisory services, plant disease classification, etc. However, these models are considered data hungry, for they require training on large datasets before deployment. Also, over and above the large size, the datasets must have varied patterns, as the DL models can identify only those patterns in the test data which they have seen in the training data. Practically, there is always a limit to how much data can be collected humanly or via technology usage (for example through sensors, drones, etc.). Data augmentation techniques can be helpful in increasing the dataset size, however, they cannot scale the dataset size beyond a certain value. Currently Generative Adversarial Network (GANs) are becoming quite popular for generating images from the original ones, therefore, this paper presents a comparative performance analysis of 8 GANs for generating images from the original ones, on a publicly available rice disease dataset. The 8 GANs are: SRGAN, CycleGAN, ConditionalGAN, DCGAN, DiscoGAN, LSGAN, PixelRNN and ProGAN. The given dataset has six labels/ classes: label_0: Bacterial Leaf Blight, label_1: Brown Spot, label_2: Healthy Rice Leaf, label_3: Leaf Blast, label_4: Leaf scald, and label_5: Sheath Blight. For these five labels, the SRGAN provides the least mean absolute error (in %) and highest mean cosine similarity score respectively as: label_0 23.83 & 0.86, label_1: 24.15 & 0.85, label_2: 25.25 & 0.82, label_3: 26.57 & 0.82, label_4: 30.61 & 0.87 and label_5: 27.67 & 0.8.","","979-8-3195-1886-6","10.1109/FET68771.2026.11601481","","https://ieeexplore.ieee.org/stamp/stamp.jsp?arnumber=11601481","Artificial Intelligence;SRGAN;CycleGAN;ConditionalGAN;DCGAN;DiscoGAN;LSGAN;PixelRNN;ProGAN","Labeling;Modeling;Diseases;Printing;Training;Signal detection;Smart agriculture;Generative adversarial networks;Conferences;Technology","","","","25","IEEE","17 Jul 2026","22-23 April 2026","22-23 April 2026","IEEE","IEEE Conferences"
"Large-Scale Crop Mapping Based on Multisource Remote Sensing Intelligent Interpretation: A Spatiotemporal Data Cubes Approach","J. Sun; X. Yao; S. Yan; Q. Xiong; G. Li; J. Huang","College of Land Science and Technology, China Agricultural University, Beijing, China; College of Land Science and Technology, China Agricultural University, Beijing, China; College of Land Science and Technology, China Agricultural University, Beijing, China; Aerospace Information Research Institute, Chinese Academy of Sciences, Beijing, China; Aerospace Information Research Institute, Chinese Academy of Sciences, Beijing, China; College of Land Science and Technology, China Agricultural University, Beijing, China",IEEE Journal of Selected Topics in Applied Earth Observations and Remote Sensing,"1 Aug 2024","2024","17","","13077","13088","Large-scale crop mapping not only requires high-quality remote sensing data, but also has high requirements for multisource data organization and interpretation. How to make full use of multisource remote sensing data and combine it with artificial intelligence algorithms has become a key solution for current crop mapping. To solve the above problems, this study proposed a spatiotemporal data cubes approach, which could organize multisource remote sensing data in a unified manner and inherit the deep learning methods. Based on the spatiotemporal data cubes, an innovative sample expansion mechanism was designed, which will effectively solve the problem of sample scarcity in ground surveys. The Attention-based Bidirectional Long Short-Term Memory network was used with a late-fusion strategy as a classifier on each cube cell to further enhance the incorporation of multisource information. In this study, experiments toward winter wheat and garlic were conducted in the Henan Province of China (approximately 167 000 km2). The approach was verified via comparing with random forest and early-fusion strategy, which demonstrated competitive performance, achieving a weighted-average F1 score of 0.888, with individual F1 scores of 0.919, 0.854, and 0.846 for winter wheat, garlic, and others classes, respectively. The analysis also examined the impact of data availability and found that the temporal distribution of observations was more important than the absolute quantity of available data. Overall, the spatiotemporal data cubes approach proposed in this article has the potential to be extended to a national, intercontinental, or even global scale, and can provide a reference for large-scale crop mapping.","2151-1535","","10.1109/JSTARS.2024.3428627","National Natural Science Foundation of China(grant numbers:42371281); ","https://ieeexplore.ieee.org/stamp/stamp.jsp?arnumber=10599780","Deep learning;large-scale crop mapping;multisource remote sensing;spatiotemporal data cubes","Crops;Spatiotemporal phenomena;Remote sensing;Time series analysis;Sensors;Satellites;Deep learning","","5","","46","CCBYNCND","16 Jul 2024","2024","","IEEE","IEEE Journals"
"SITS-BERT ++: Enhancing Satellite Image Time Series Analysis with Novel Architectural and Methodological Innovations","G. S. Shravan; S. K. S; A. R. S; V. G. R; B. V; K. T. Rajamani; S. Srisailam","Dept. of Math and Computer Science Sri Sathya Sai, Institute of Higher Learning, Anantapur, India; Dept. of Math and Computer Science Sri Sathya Sai, Institute of Higher Learning, Anantapur, India; Dept. of Math and Computer Science Sri Sathya Sai, Institute of Higher Learning, Anantapur, India; Dept. of Math and Computer Science Sri Sathya Sai, Institute of Higher Learning, Anantapur, India; Dept. of Math and Computer Science Sri Sathya Sai, Institute of Higher Learning, Anantapur, India; Cropin AI Labs, CropIn, Bengaluru, India; Cropin AI Labs, CropIn, Bengaluru, India",2024 IEEE 8th International Conference on Information and Communication Technology (CICT),"4 Mar 2025","2024","","","1","6","In this study, we introduce SITS-BERT++, a novel adaptation of the SITS-BERT model tailored for the analysis of annual satellite observation time series data. Our approach integrates the Swish activation function and a sophisticated time warping data augmentation technique to significantly en-hance model performance. Additionally, we propose a multi-faceted architectural overhaul that includes dual activation functions-Swish for the overall model and GeL U for specific prediction and classification tasks-resulting in a substantial improvement in accuracy from 90.61 % to 93.07%. These inno-vations demonstrate the efficacy of SITS-BERT ++ in advancing the state-of-the-art in satellite time series analysis, surpassing the SITS analysis models.","","979-8-3315-3153-9","10.1109/CICT64037.2024.10899708","","https://ieeexplore.ieee.org/stamp/stamp.jsp?arnumber=10899708","Self-Supervised Learning;Pre-training;Satellite Image Time Series(SITS);Sentinel-2;Crop Type Classification","Analytical models;Adaptation models;Satellites;Accuracy;Time series analysis;Predictive models;Data augmentation;Data models;Satellite images;Remote sensing","","2","","17","IEEE","4 Mar 2025","6-8 Dec. 2024","6-8 Dec. 2024","IEEE","IEEE Conferences"
"A Time Series Self-Supervised Contrastive Pretraining Method With Data Augmentation Using Discrepancy of Reconstruction Information Loss","Z. Zhang; Y. Han; B. Ma; Z. Geng","College of Information Science and Technology, Beijing University of Chemical Technology, Beijing, China; College of Information Science and Technology, Beijing University of Chemical Technology, Beijing, China; College of Mechanical and Electrical Engineering, Beijing University of Chemical Technology, Beijing, China; College of Information Science and Technology, Beijing University of Chemical Technology, Beijing, China",IEEE Transactions on Instrumentation and Measurement,"20 Mar 2025","2025","74","","1","12","Self-supervised pretraining has shown considerable advantages in multiple time series tasks. A widely used class of methods is based on contrastive learning and a key problem is how to construct augmented samples. At present, explicit augmentation approaches are the mainstream for constructing positive pairs with similar features. However, explicitly augmented samples may deviate from the original data space and have aliasing features. Therefore, this article designs an end-to-end time series self-supervised contrastive pretraining network with implicit data augmentation using discrepancy of reconstruction information loss (CLR-DRL). Specifically, augmented positive pairs with discrepancies and inherent features of the original series can be generated automatically using different autoencoders (AE) due to different information loss in their hidden spaces. Combined with the joint constraint, inherent features can be extracted and the aliasing impact existing in explicit augmented approaches could be mitigated. Moreover, theoretical analysis is provided using gradient flow calculation, which can also be confirmed by experiment analysis. Experimentally, the CLR-DRL achieves state-of-the-art (SOTA) performance compared to current baselines on in- and cross-domain settings on nine real-world benchmarks for both time series anomaly detection (AD) and classification tasks. An actual pipeline transportation status monitoring case is provided to verify the effectiveness.","1557-9662","","10.1109/TIM.2025.3548177","National Natural Science Foundation of China(grant numbers:62373035,62203038); ","https://ieeexplore.ieee.org/stamp/stamp.jsp?arnumber=10912708","Autoencoder (AE);data augmentation;industrial process;self-supervised learning (SSL);time series","Time series analysis;Frequency-domain analysis;Data augmentation;Contrastive learning;Feature extraction;Anomaly detection;Training;Loss measurement;Image reconstruction;Time-domain analysis","","","","32","IEEE","5 Mar 2025","2025","","IEEE","IEEE Journals"
"Tea Disease Recognition Based on Image Segmentation and Data Augmentation","J. Li; C. Liao","College of Bioscience and Biotechnology, Hunan Agricultural University, Changsha, China; School of Environmental and Chemical Engineering, Foshan University, Foshan, China",IEEE Access,"31 Jan 2025","2025","13","","19664","19677","Accurate identification of tea leaf diseases is crucial for intelligent tea cultivation and monitoring. However, the complex environment of tea plantations—affected by weather variations and uneven lighting—poses significant challenges for building effective disease recognition models using raw field-captured images. To address this, we propose a method that combines two-stage image segmentation with an improved conditional generative adversarial network (IC-GAN). The two-stage segmentation approach, integrating graph cuts and support vector machines (SVM), effectively isolates disease regions from complex backgrounds. The IC-GAN augments the dataset by generating high-quality synthetic disease images for model training. Finally, an Inception Embedded Pooling Convolutional Neural Network (IDCNN) is developed for disease recognition. Experimental results demonstrate that the segmentation method improves recognition accuracy from 53.36% to 75.63%, while the IC-GAN increases the dataset size. The IDCNN achieves 97.66% accuracy, 97.36% recall, and a 96.98% F1 score across three types of tea diseases. Comparative evaluations on two additional datasets further confirm the method’s robustness and accuracy, offering a practical solution to reduce tea production losses and improve quality.","2169-3536","","10.1109/ACCESS.2025.3534024","","https://ieeexplore.ieee.org/stamp/stamp.jsp?arnumber=10852315","Conditional generative adversarial network;disease recognition;deep learning;image generation","Diseases;Image segmentation;Accuracy;Feature extraction;Support vector machines;Data augmentation;Lesions;Plant diseases;Object recognition;Generative adversarial networks","","17","","37","CCBY","24 Jan 2025","2025","","IEEE","IEEE Journals"
"AI-Based Early Detection of Alzheimer's Disease: Enhanced Performance with GAN-Augmented MRI Data and EfficientNetB3","K. R. Ahmed; M. S. Hossen; T. S. Chity; T. Salam; S. I. Nuhash; N. Ameri","Miyan Research Institute, International University of Business Agriculture and Technology, Dhaka, Bangladesh; Dept. of CSE, International University of Business Agriculture and Technology, Dhaka, Bangladesh; Dept. of CSE, International University of Business Agriculture and Technology, Dhaka, Bangladesh; Dept. of Computer Science and Engineering, RUET, Rajshahi, Bangladesh; Dept. of Department Of Statistics, Govt. BM College, Barishal National University, Bangladesh; Physics Discipline Science, Engineering, and Technology, Khulna University, Bangladesh","2025 International Conference on Quantum Photonics, Artificial Intelligence, and Networking (QPAIN)","29 Sep 2025","2025","","","1","5","The detection of Alzheimer“s disease (AD) based on MRI data remains challenging due to limited datasets and gradual early-stage biomarkers. In this novel study, we propose the combined hybrid framework of GANs and the EfficientNetB3 classifier. In this study, we use the Alzheimer Disease Neuroimaging Initiative (ADNI) dataset to augment the MRI data diversity with DeGAN-screened synthetic digital images. A new EfficientNetB3 model is trained on the bigger dataset which outperforms the traditional machine learning algorithms Random Forest and AdaBoost. This demonstrates a testing accuracy of 93.7% which surpasses existing benchmarks. In summary, this study demonstrates the feasibility of using GAN augmented datasets and deep learning architectures for the early detection of AD.","","979-8-3315-9694-1","10.1109/QPAIN66474.2025.11172087","","https://ieeexplore.ieee.org/stamp/stamp.jsp?arnumber=11172087","Alzheimer's disease;MRI;GAN;EfficientNetB3;Data Augmentation;Deep Learning","Accuracy;Magnetic resonance imaging;Biomarkers;Generative adversarial networks;Feature extraction;Data augmentation;Data models;Alzheimer's disease;Random forests;Synthetic data","","","","33","IEEE","29 Sep 2025","31 July-2 Aug. 2025","31 July-2 Aug. 2025","IEEE","IEEE Conferences"
"LLM-Enhanced Multimodal Perception Data Fusion and Cascaded Augmentation for Crop Growth Monitoring Based on UAV Remote Sensing","X. Liang; R. Jing; Y. Yong; X. Yuan; G. Feng; L. Zhang; Z. Fu","Suzhou Chien-Shiung Institute of Technology, Taicang, China; Suzhou Chien-Shiung Institute of Technology, Taicang, China; Taicang Shuiqi Wastewater Treatment Company, Ltd., Taicang, China; Suzhou Chien-Shiung Institute of Technology, Taicang, China; Suzhou Chien-Shiung Institute of Technology, Taicang, China; Suzhou Chien-Shiung Institute of Technology, Taicang, China; Suzhou Chien-Shiung Institute of Technology, Taicang, China",IEEE Journal of Selected Topics in Applied Earth Observations and Remote Sensing,"25 Jun 2026","2026","19","","19606","19619","With the growing demand for high-precision monitoring of crop growth in precision agriculture, the heterogeneity of multimodal remote sensing data and the scarcity of high-quality annotated samples have become key bottlenecks hindering the practical implementation of related technologies. To address this, this article proposes an large language models (LLM)-enhanced multimodal data fusion and dual-space cascaded augmentation technique. First, we construct the Transformer-CNN Unified Fusion with Generative Model network, which achieves adaptive feature weighting through parallel hybrid encoding and a composite attention mechanism, and introduces an LLM-semantically guided diffusion decoder to perform controllable high-fidelity image generation. Second, we design the Sample-space And feature-space Dual-space Cascaded Augmentation algorithm to simultaneously expand data distributions in both the sample and feature spaces to alleviate class imbalance. Experiments demonstrate that this method significantly outperforms mainstream baselines in all performance metrics, achieving a peak signal-to-noise ratio of 62.88, a crop detection $F_{1}$ score of 91.9%, and a false alarm rate of 27.8%. This study provides an efficient technical approach for precise monitoring with limited data in complex agricultural environments and holds significant value for advancing the intelligent development of smart agriculture.","2151-1535","","10.1109/JSTARS.2026.3697902","Jiangsu Province “Qinglan Project” Outstanding Teaching Team; Innovative Team for Multi-Scale Material Forming and Testing Technology(grant numbers:2023JXKYTD02); Funding Program of State Key Laboratory of Intelligent Optimized Manufacturing in Mining & Metallurgy Process(grant numbers:BGRIMM-KZSKL2024-21); ","https://ieeexplore.ieee.org/stamp/stamp.jsp?arnumber=11536922","Data augmentation;diffusion generative models;few-shot learning;large language model (LLM);multimodal data fusion","Modeling;Remote sensing;Crops;Large language models;Autonomous aerial vehicles;Algorithms;Modules (abstract algebra);Data augmentation;Encoding;Fuses","","","","37","CCBYNCND","27 May 2026","2026","","IEEE","IEEE Journals"
"Cassava plant disease detection with imbalanced dataset using transfer learning","R. Yadav; M. Pandey; S. K. Sahu","Department of Computer Science and Engineering, Maulana Azad National Institute of Technology, Bhopal, India; Department of Computer Science and Engineering, Maulana Azad National Institute of Technology, Bhopal, India; Department of Computer Science and Engineering, Maulana Azad National Institute of Technology, Bhopal, India",2022 IEEE World Conference on Applied Intelligence and Computing (AIC),"18 Aug 2022","2022","","","220","225","Plant disease has jeopardized the agriculture industry and is the biggest threat that influences global food security. Therefore, the fundamental guiding the control of disease proliferation is the effective diagnosis of diseases induced in plants at an early stage. This work put forward a convolutional neural network using transfer learning to perform cassava disease detection. The proposed approach has undergone substantial training and testing on cassava leaf images containing five distinct classes. After a pre-processing step using a contrast enhancement technique, oversampling techniques combined with data augmentation methods are used on the dataset to counter the high-class imbalance. Because not all data in the actual world is balanced, efficient categorization of unbalanced data is an important area of study. Experimental results demonstrate that the balanced dataset has increased the model accuracy by 4.3%. The proposed methodology achieved an accuracy score of 94.02% when data augmentation techniques were coupled with oversampling techniques.","","978-1-6654-7988-2","10.1109/AIC55036.2022.9848882","","https://ieeexplore.ieee.org/stamp/stamp.jsp?arnumber=9848882","Pre-trained DenseNet121 model;Transfer learning;Cassava plant;Imbalanced dataset;Synthetic minority oversampling technique;Deep learning;Contrast limited adaptive histogram equalization;Data augmentation","Training;Deep learning;Histograms;Plants (biology);Transfer learning;Neural networks;Food security","","7","","31","IEEE","18 Aug 2022","17-19 June 2022","17-19 June 2022","IEEE","IEEE Conferences"
"Generation of Variability in Multivariate Barley Grass Dataset through Latent Space Analysis of Variational Autoencoders","F. W. Wibowo; A. Dahlan; M. Koprawi; Wihayati","Department of Informatics, Universitas Amikom Yogyakarta, Yogyakarta, Indonesia; Department of Informatics Management, Universitas Amikom Yogyakarta, Yogyakarta, Indonesia; Department of Computer Engineering, Universitas Amikom Yogyakarta, Yogyakarta, Indonesia; Faculty of Information Technology, Satya Wacana Christian University, Salatiga, Indonesia",2025 5th International Conference of Science and Information Technology in Smart Administration (ICSINTESA),"6 Mar 2026","2025","","","323","328","The limited variability and scarcity of high-quality multivariate time-series data in barley growth analysis often limit robust modeling, prediction, and decision-making in precision agriculture. Variations in plant height, water content, and chlorophyll dynamics are complex and highly correlated over time, making conventional data augmentation and statistical approaches insufficient to capture realistic growth patterns. The objective of this study is to generate meaningful variability in a multivariate barley grass dataset by learning and exploring its latent representation using a Variational Autoencoder (VAE). The proposed solution employs a deep generative model that can capture the underlying probabilistic structure of barley growth dynamics and generate synthetic yet statistically consistent time-series data. The method utilizes a VAE architecture in which normalized barley growth sequences, with a dimension of 31×3, are encoded through fully connected layers into an eight-dimensional latent space, parameterized by mean and log-variance vectors. A reparameterization-based sampling layer enables the generation of stochastic latent variables while maintaining end-to-end trainability. The decoder reconstructs the latent samples into a multivariate time series sequence, and the model is optimized using a combined loss function that consists of reconstruction error and Kullback–Leibler divergence. Experimental results show that the generated synthetic data agree well with the real observations, achieving low Root Mean Square Error (RMSE) values of 0.986 for height, 4.197 for water content, and 0.038 for chlorophyll, along with high coefficients of determination (R2) of 0.971, 0.973, and 0.982, respectively.","","979-8-3315-5699-0","10.1109/ICSINTESA68165.2025.11413796","","https://ieeexplore.ieee.org/stamp/stamp.jsp?arnumber=11413796","barley;data;generation;synthetic;vae","Chlorophyll;Correlation;Autoencoders;Time series analysis;Stochastic processes;Probabilistic logic;Data models;Vectors;Root mean square;Synthetic data","","1","","19","IEEE","6 Mar 2026","29-29 Nov. 2025","29-29 Nov. 2025","IEEE","IEEE Conferences"
"Prediction Analysis of Greeting Gestures based on Data Augmentation and LSTM","A. W. Wibow; E. Sato-Shimokawara; Kurnianingsih","Department of Computer Science, Graduate School of System Design, Tokyo Metropolitan University, Tokyo, Japan; Department of Computer Science, Graduate School of System Design, Tokyo Metropolitan University, Tokyo, Japan; Department of Electrical Engineering, Politeknik Negeri Semarang, Semarang, Indonesia",2024 International Conference on Machine Learning and Cybernetics (ICMLC),"27 Mar 2025","2024","","","377","384","The field of Human Activity Recognition (HAR) is growing significantly in several areas but little research focuses on cultural behavior. How machine learning can explain human activity as a promotional tool in understanding cultural differences in a region is very challenging. Studies using Recurrent Neural Network (RNN), especially Long Short-Term Memory (LSTM), require large data when used to research human activity recognition. Using small data is a challenge when using LSTM. This study aims to determine which data augmentation is most appropriate when used using LSTM to predict Japanese greeting gestures, namely eshaku, keirei, saikeirei, waving hands, and Indonesian greeting gestures, namely the movement of bringing both hands together in front of the chest with a slight bow of the head. This study proposes to compare several data augmentations, namely jittering, scaling, permutation, cropping, reverse, time shifting, frequency domain, and synthetic data generation. We evaluate model performance using the Mean Squared Error (MSE), Root Mean Squared Error (RMSE), Mean Absolute Error (MAE), and coefficient of determination (R2) metrics. The experimental results show that Time Shifting has the best MSE, RMSE, and MAE values compared to others and Frequency Domain has the best R2 values compared to others. This study concludes that Time Shifting and Frequency Domain are the best data augmentation methods when using LSTM in predicting greeting gestures using small data. These findings provide valuable insights into the effectiveness of various data augmentation methods in motion prediction tasks with limited data sets, as well as the importance of selecting appropriate data augmentation methods in human motion analysis. Future work could use data from two or more people using model explanations generated by machine learning and developing a new method for cultural behavior.","2160-1348","979-8-3315-2804-1","10.1109/ICMLC63072.2024.10935279","","https://ieeexplore.ieee.org/stamp/stamp.jsp?arnumber=10935279","greeting;gestures;RNN;data augmentation","Hands;Recurrent neural networks;Frequency-domain analysis;Machine learning;Data augmentation;Human activity recognition;Cultural differences;Motion analysis;Long short term memory;Synthetic data","","2","","31","IEEE","27 Mar 2025","20-23 Sept. 2024","20-23 Sept. 2024","IEEE","IEEE Conferences"
"GAN-Based Satellite Imaging: A Survey on Techniques and Applications","H. Mansourifar; A. Moskovitz; B. Klingensmith; D. Mintas; S. J. Simske","Department of Systems Engineering, Colorado State University, Fort Collins, CO, USA; VISIMO LLC, Coraopolis, PA, USA; VISIMO LLC, Coraopolis, PA, USA; VISIMO LLC, Coraopolis, PA, USA; Department of Systems Engineering, Colorado State University, Fort Collins, CO, USA",IEEE Access,"15 Nov 2022","2022","10","","118123","118140","Satellite image analysis is widely used in many real-time applications, from agriculture to the military. Due to the wide range of Generative Adversarial Network (GAN) applications in multiple areas of satellite imaging, a comprehensive review is required in this area. This paper takes the first step in this direction by categorizing the GAN-based satellite imaging research using seven considerations. We discuss not only the challenges but also future research trends and directions. Among the major findings, we have observed increasing componentization and modularization of GANs to be used as elements of larger systems. In addition to the GAN types used exclusively in each application, we demonstrate the deep neural network architectures used as the generator structure. Eventually, we summarize the results and evaluate the significant impact of GANs on improving performance compared to traditional approaches.","2169-3536","","10.1109/ACCESS.2022.3221123","U.S. Air Force under Topic Number AFX20C-TCS01 Phase II, Proposal(grant numbers:F2-14785-CGAN ISALD); Conditional Generative Adversarial Network for Infinite Synthetic Aerial Landscape Data(grant numbers:FA864921P1505); ","https://ieeexplore.ieee.org/stamp/stamp.jsp?arnumber=9944659","Generative adversarial network;geo-localization;image to image translation;road extraction;satellite imaging","Satellites;Imaging;Road traffic;Satellite broadcasting;Generative adversarial networks;Task analysis;Data mining","","36","","95","CCBY","9 Nov 2022","2022","","IEEE","IEEE Journals"
"Research on High-Fidelity Industrial Defect Sample Generation Method Based on Crop-Integrate Generative Adversarial Network","K. Chen; Y. Dou; Y. Zhang","School of Computer Science and Technology (College of Data Science), Taiyuan University of Technology, Jinzhong, China; School of Computer Science and Technology (College of Data Science), Taiyuan University of Technology, Jinzhong, China; School of Computer Science and Technology (College of Data Science), Taiyuan University of Technology, Jinzhong, China","2026 IEEE International Conference on Power, Electronics and Green Energy (ICPEGE)","27 Mar 2026","2026","","","321","330","In industrial product quality inspection, the automation of surface defect identification is limited by the scarcity of defect samples and insufficient diversity in defect morphology. Traditional data augmentation methods struggle to generate diversified samples that conform to the real defect distribution, while existing Generative Adversarial Network (GAN) methods focus more on global image generation, leading to lower fidelity of local defect features and unnatural background integration. To address this issue, this study proposes a Crop-Integrate Generative Adversarial Network (CIGAN) based on improved StyleGAN2, featuring innovative techniques such as cropping based on local defect blocks, dual-discriminator cooperative optimization, and a dynamic seam-sealing mechanism based on Poisson blending, achieving automated synthesis of high-fidelity industrial defect samples. Experiments on the NEU steel surface defect dataset demonstrate that the network has improved image similarity and defect diversity. Sensitivity analysis further indicates that each mechanism is not simply stacked but a systematically tailored solution around the characteristics of industrial image defects. CIGAN provides a high-fidelity data augmentation solution for low-sample industrial scenarios, advancing intelligent manufacturing quality inspection systems towards low-cost and high robustness.","","979-8-3315-8601-0","10.1109/ICPEGE67691.2026.11451533","","https://ieeexplore.ieee.org/stamp/stamp.jsp?arnumber=11451533","Crop-IntegrateGAN (CIGAN);industrial defect data augmentation;surface defect detection;cropping module;dynamic integration mechanism","Location awareness;Image synthesis;Surface morphology;Inspection;Data augmentation;Generative adversarial networks;Data models;Manufacturing;Steel;Optimization","","","","27","IEEE","27 Mar 2026","28-30 Jan. 2026","28-30 Jan. 2026","IEEE","IEEE Conferences"
"Semantic Segmentation Based on Temporal Features: Learning of Temporal–Spatial Information From Time-Series SAR Images for Paddy Rice Mapping","L. Yang; R. Huang; J. Huang; T. Lin; L. Wang; R. Mijiti; P. Wei; C. Tang; J. Shao; Q. Li; X. Du","Institute of Applied Remote Sensing and Information Technology, Zhejiang University, Hangzhou, China; School of Automation, Hangzhou Dianzi University, Hangzhou, China; Institute of Applied Remote Sensing and Information Technology, Zhejiang University, Hangzhou, China; College of Biosystems Engineering and Food Science, Zhejiang University, Hangzhou, China; Institute of Agricultural Resources and Regional Planning, Chinese Academy of Agricultural Sciences, Beijing, China; Institute of Applied Remote Sensing and Information Technology, Zhejiang University, Hangzhou, China; Institute of Applied Remote Sensing and Information Technology, Zhejiang University, Hangzhou, China; Institute of Applied Remote Sensing and Information Technology, Zhejiang University, Hangzhou, China; Institut de Recherche en Informatique de Toulouse (IRIT), CNRS, University of Toulouse, Toulouse, France; Institute of Remote Sensing and Digital Earth, Chinese Academy of Sciences, Beijing, China; Institute of Remote Sensing and Digital Earth, Chinese Academy of Sciences, Beijing, China",IEEE Transactions on Geoscience and Remote Sensing,"19 Jan 2022","2022","60","","1","16","Synthetic aperture radar (SAR) can be used to obtain remote sensing images of different growth stages of crops under all weather conditions. Such time-series SAR images can provide an abundance of temporal and spatial features for use in large-scale crop mapping and analysis. In this study, we propose a temporal feature-based segmentation (TFBS) model for accurate crop mapping using time-series SAR images. This model first extracts deep-seated temporal features and then learns the spatial context of the extracted temporal features for crop mapping. The results indicate that the TFBS model significantly outperforms traditional long short-term memory (LSTM), U-network, and convolutional LSTM models in crop mapping based on time-series SAR images. TFBS demonstrates better generalizability than other models in the study area, which makes it more transferable, and the results show that data augmentation can significantly improve this generalizability. The visualization of the temporal features extracted by the TFBS shows that there is a high degree of intraclass homogeneity among rice fields and interclass heterogeneity between rice fields and other features. TFBS also achieved the highest accuracy of the four deep learning models for multicrop classification in the study area. This study presents a feasible way of producing high-accuracy large-scale crop maps based on the proposed model.","1558-0644","","10.1109/TGRS.2021.3099522","Eramus+ Programme of the European Union(grant numbers:598838-EPP-1-2018-EL-EPPKA2-CBHE-JP); National Major Project of China(grant numbers:09-Y20A05-9001-17/18); ","https://ieeexplore.ieee.org/stamp/stamp.jsp?arnumber=9506988","Data augmentation;feature visualization;generalization ability;temporal feature-based segmentation (TFBS);time-series images","Feature extraction;Agriculture;Data models;Satellites;Deep learning;Radar polarimetry;Remote sensing","","31","","83","IEEE","4 Aug 2021","2022","","IEEE","IEEE Journals"
"Machine Learning-Driven Optimization of Plant Growth Through Dynamic Climate Regulation","K. P. Mayuri; S. Kathavate","Department of Information Science and Engineering, BMS Institute of Technology and Management, Blengaluru, India; Department of Information Science and Engineering, BMS Institute of Technology and Management, Blengaluru, India",2025 5th International Conference on Intelligent Technologies (CONIT),"24 Sep 2025","2025","","","1","6","This paper presents a novel intelligent greenhouse monitoring and management system integrating advanced deep learning techniques, including Convolutional Neural Networks (CNN), Deep Neural Networks (DNN), and Generative Adversarial Networks (GAN). The proposed model enhances precision agriculture by automating dynamic climate control, early plant disease detection, and compensating for limited real-world datasets through synthetic data augmentation. Multi-modal sensor data—temperature, humidity, soil moisture, $\mathbf{p H}$, and $\mathbf{C O}_{\mathbf{2}}$ levels—are continuously collected and analysed by a DNN to optimize environmental parameters and improve energy efficiency. Concurrently, a CNN is employed for accurate classification of plant diseases based on leaf images. Because of dataset limits, GANs construct high-quality artificial images that help expand the training corpus and make the model more reliable. Experiments show that using the integrated system can detect diseases with up to 96% accuracy, reduces labour intervention by more than $70 \%$ and saves $18 \%$ on power use. Real-time sensing, AI making decisions and data enrichment enable the system to successfully support smart, sustainable greenhouse farming on a bigger scale.","","979-8-3315-2233-9","10.1109/CONIT65521.2025.11166909","","https://ieeexplore.ieee.org/stamp/stamp.jsp?arnumber=11166909","Precision Agriculture;Deep Learning;Climate Control;Plant Disease Detection;Data Augmentation;IoT;Smart Farming","Precision agriculture;Deep learning;Training;Plant diseases;Accuracy;Green products;Soil moisture;Generative adversarial networks;Convolutional neural networks;Synthetic data","","1","","22","IEEE","24 Sep 2025","20-22 June 2025","20-22 June 2025","IEEE","IEEE Conferences"
"Pearl Millet Disease Detection with Transfer Learning and cGAN-Driven Data Augmentation","M. A S; X. A. Mary; K. Raimond; I. Johnson","Karunya Institute of Technology and Sciences, Coimbatore, India; Department of Robotics, Karunya Institute of Technology and Sciences, Coimbatore, India; Division of Computer Science and Engineering, Karunya Institute of Technology and Sciences, Coimbatore, India; Department of Plant Pathology, TamilNadu Agricultural University, Coimbatore, India",2025 5th International Conference on Pervasive Computing and Social Networking (ICPCSN),"19 Jun 2025","2025","","","344","351","In this study, an advanced method to detect disease in Pearl Millet is proposed wherein Transfer Learning along with Conditional Generative Adversarial Networks (cGANs) are applied for data augmentation. For addressing dataset quality and imbalance problem, the work uses cGANs to generate realistic synthetic images of diseased millet leaves with latent dimensions of 50, 100, and 500. This augmented dataset of plant roots helps improve the classification performance as it provides more quantity and more diversity of training data. For the classification task, six fine-tuned models are used; these are: ResNet-50, ResNet-101, ResNet-152, InceptionResNet, InceptionV3, and VGG-19; optimizer is Stochastic Gradient Descent (SGD). The performance of these models was trained by 100 epochs and evaluated by accuracy, precision, recall, F1 score and ROC curve. However, ResNet-50 and ResNet-152 are among those and their remarkable accuracy of 99% is better than the previous work’s 98% accuracy, proving this integrated approach to disease detection can be effective. The results show that transferring knowledge from a prior set of training data, by applying transfer learning, improves disease classification accuracy, along with applying data augmentation, which allows the creation of additional data, and robust model evaluation, to ensure accurate evaluation.","","979-8-3315-3519-3","10.1109/ICPCSN65854.2025.11034839","","https://ieeexplore.ieee.org/stamp/stamp.jsp?arnumber=11034839","Pearl Millet;Disease Detection;Transfer Learning;Conditional Generative Adversarial Networks (cGAN);ResNet-50;ResNet-101;ResNet-152;InceptionResNet;InceptionV3;VGG-19;Data Augmentation;Accuracy;Precision;Recall;F1-Score;ROC Curve","Pervasive computing;Accuracy;Social networking (online);Transfer learning;Training data;Stochastic processes;Data augmentation;Generative adversarial networks;Data models;Diseases","","","","15","IEEE","19 Jun 2025","14-16 May 2025","14-16 May 2025","IEEE","IEEE Conferences"
"Enhancing Brain MRI Images: Using DC GAN And WGAN For Image Augmentation","M. Abdulla; G. T. Reddy; G. M. V. Sai; S. Srihemanth; K. Afnaan; T. Singh; P. Duraisamy","Department of computer science and engineering, Amrita School of Computing, Amrita Vishwa Vidyapeetham, Bangalore, India; Department of computer science and engineering, Amrita School of Computing, Amrita Vishwa Vidyapeetham, Bangalore, India; Department of computer science and engineering, Amrita School of Computing, Amrita Vishwa Vidyapeetham, Bangalore, India; Department of computer science and engineering, Amrita School of Computing, Amrita Vishwa Vidyapeetham, Bangalore, India; Department of computer science and engineering, Amrita School of Computing, Amrita Vishwa Vidyapeetham, Bangalore, India; Department of computer science and engineering, Amrita School of Computing, Amrita Vishwa Vidyapeetham, Bangalore, India; University of Wisconsin-Green Bay, Wisconsin, U.S.A",2024 15th International Conference on Computing Communication and Networking Technologies (ICCCNT),"4 Nov 2024","2024","","","1","7","Generating and detecting MRI images are most beneficial if the illness requires a fast and accurate cure. Concerning the weakness, there have been negative remarks made about DL for violating the privacy of patients. However, it takes a lot of money and time to collect a rich MRI image database to train the model. It has been found out that way too many medical imaging datasets contain imbalanced data, thus making it difficult for the model to find the outliers. Hence, the basic necessity in working with medical images is the process of data augmentation. The regular forms of data augmentation such as rotation, scale, crops, etc., results in images that look very similar and there isn’t a usual variation that is vital in DL algorithms to learn about the characteristics of the images. On the other hand, Generative Adversarial Networks (GAN) have reported the potentiality to generate synthetic data with good generalization to a large image set. It is also important to note that GANs also possess the property of being an cheap in terms of data processing. In this work, we adopted the AGG based on the characteristics of MRI data analysis, and PSNR for the analysis of local information of a source image based on style transfer and multiple GANs for shared information. Style transfer follows aggregation to ensure that the aggregated image is similar to the original images. Then, we perform an analysis of the aggregation and the style transfer and because it drastically reduced the performance, dropped them.","2473-7674","979-8-3503-7024-9","10.1109/ICCCNT61001.2024.10724924","","https://ieeexplore.ieee.org/stamp/stamp.jsp?arnumber=10724924","cGenerative Adversarial Networks;Synthetic Medical Image Generation;Brain MRI;Data Augmentation","Training;Visualization;Privacy;Magnetic resonance imaging;Medical services;Generative adversarial networks;Data augmentation;Data models;Biomedical imaging;Synthetic data","","1","","24","IEEE","4 Nov 2024","24-28 June 2024","24-28 June 2024","IEEE","IEEE Conferences"
"A Hybrid Deep Learning Framework for Robust Detection of Rice Leaf Diseases Using CNN and Transformer-Based Attention","K. Mostafa; F. Imran; M. Anjum; S. I. Siam","Department of Computer Science and Engineering, International University of Business Agriculture and Technology, Dhaka, Bangladesh; Department of Computer Science and Engineering, International University of Business Agriculture and Technology, Dhaka, Bangladesh; Department of Computer Science and Engineering, International University of Business Agriculture and Technology, Dhaka, Bangladesh; Department of Computer Science and Engineering, International University of Business Agriculture and Technology, Dhaka, Bangladesh","2025 International Conference on Quantum Photonics, Artificial Intelligence, and Networking (QPAIN)","29 Sep 2025","2025","","","1","6","Pathogenic microbiological organisms that invade the leaves of cereal crops such as rice could be a disease. In particular, in the areas where rice is the main food and economic crop, the rice leaf disease is a problem. Visual identification of crop diseases is becoming more and more difficult due to the following three reasons: This method is instrumentally demanding, making it not only expensive but also very slow, requires domain competence, and is subject to the human bias of experts in the form of wrong or inconsistent identification. Modern developments in the field of deep learning have significantly advanced the automated classification of plant diseases, particularly the use of Convolutional Neural Networks (CNNs). Therefore, the difficulty of these methods lies in the fact that most of the time they are subjected to the so-called phenomenon of overfitting in controlled situations, lack interpretability, and aren't robust enough in real-world situations with lots of plants but differing backgrounds, and variable lighting. But the main focus of this paper lies in the designof a hybrid deep learning method. In this work, we use CNN for spatialfeatures and transformer-based attention mechanism for modeling long-range dependencies among the leaf image data. In the proposal, by Dual-GAN-based image augmentation, the model is enhanced to make sure that the training dataset is still realistic andmimics actual field conditions. The experimental results in the rice leaf disease datasets that are publicly available and even verified through real field images have shown the proposed technique outperforming standard CNN architectures like ResNet, VGG16, and DenseNet, in terms of both classification accuracy, at 97.8%, and the ability to generalize to multiple disease categories. The new method offers both a verifiable and a scalable response to rice disease detection that has great potential to be used in precision agriculture systems, such as the surveillance of UAV connected to mobile farming applications.","","979-8-3315-9694-1","10.1109/QPAIN66474.2025.11171957","","https://ieeexplore.ieee.org/stamp/stamp.jsp?arnumber=11171957","Rice leaf disease recognition;deep learning;Convolutional Neural Network (CNN);Vision Transformer (ViT);Dual-GAN (Generative Adversarial Network);attention mechanisms;agricultural AI;image classification","Deep learning;Image recognition;Attention mechanisms;Crops;Transformers;Image augmentation;Convolutional neural networks;Artificial intelligence;Diseases;Farming","","","","15","IEEE","29 Sep 2025","31 July-2 Aug. 2025","31 July-2 Aug. 2025","IEEE","IEEE Conferences"
"Generative Adversarial Network-based Augmented Rice Leaf Disease Detection using Deep Learning","S. T. Y. Ramadan; T. Sakib; M. M. Ul Haque; N. Sharmin; M. M. Rahman","Department of Computer Science and Engineering, Military Institute of Science and Technology (MIST), Dhaka, Bangladesh; Department of Computer Science and Engineering, Military Institute of Science and Technology (MIST), Dhaka, Bangladesh; Department of Computer Science and Engineering, Military Institute of Science and Technology (MIST), Dhaka, Bangladesh; Department of Computer Science and Engineering, Military Institute of Science and Technology (MIST), Dhaka, Bangladesh; Department of Computer Science and Engineering, Military Institute of Science and Technology (MIST), Dhaka, Bangladesh",2022 25th International Conference on Computer and Information Technology (ICCIT),"3 Mar 2023","2022","","","976","981","Rice is one of the most produced crops in the world and the staple food in many South Asian countries. Rice leaf disease can affect the production of rice vastly, which can be prevented through the early detection of it. Many machine learning techniques have been used in recent years to help in the prevention of one of the most serious concerns, which is disease transmission.But there are limited images available of diseased leaf compared to healthy images which makes life tougher for machine learning models as they need a good amount of data for training. To solve this problem, a Generative adversarial network(GAN) has been used in recent days to create new, synthetic instances of an image that can pass as a real image. Recently, it has been used widely in the field of leaf disease identification. But there is very limited work done on rice diseases. In this paper, SRGAN (Super Resolution-GAN) has been considered as a data augmentation method to balance the dataset. Afterward, DenseNet121, DenseNet169, MobileNetV2, and VGG16 have been applied to classify the diseases. Experiment results show that the newly created augmented dataset produces the best results with both DenseNet169 and moboleNetV2 when compared to other models, with high accuracy of 94.30.","","979-8-3503-4602-2","10.1109/ICCIT57492.2022.10055716","","https://ieeexplore.ieee.org/stamp/stamp.jsp?arnumber=10055716","Rice disease;Machine learning;Dataset;Data augmentation;GAN;SRGAN","Training;Deep learning;Image resolution;Computational modeling;Asia;Crops;Production","","21","","18","IEEE","3 Mar 2023","17-19 Dec. 2022","17-19 Dec. 2022","IEEE","IEEE Conferences"
"Tomato Leaf Disease Detection Using Conditional GAN-Augmented EfficientNet with Grad-CAM-Based Visual Explainability","K. Vaishnavi; P. P. Reddy; P. A. Sai; M. Ravula; M. A. Jabbar","Dept of CSE(AI&ML), Vardhaman College of Engineering, Hyderabad, India; Dept of CSE(AI&ML), Vardhaman College of Engineering, Hyderabad, India; Dept of CSE(AI&ML), Vardhaman College of Engineering, Hyderabad, India; Dept of CSE(AI&ML), Vardhaman College of Engineering, Hyderabad, India; Dept of CSE(AI&ML), Vardhaman College of Engineering, Hyderabad, India","2026 2nd International Conference on Computing, Communication and Green Engineering (CCGE)","2 Jul 2026","2026","","","1","7","Tomato leaf disease identification is an essential aspect in agricultural productivity, but manual analysis is still a time-consuming process with inaccuracies. Although recent advancements in deep learning algorithms have improved plant disease identification, data imbalance, sample unavailability, and interpretability issues still affect their efficiency. To mitigate these problems, a hybrid deep learning solution with Conditional GAN, EfficientNet, and Grad-CAM for class-aware data augmentation, robust classification, and visual interpretability, respectively, is proposed in the paper. The cGAN models a plausible data sample for diseased leaf images, increasing data diversity and preventing overfitting, and EfficientNet attains superior classification accuracy on augmented multi-class data on tomato leaf diseases. Finally, Grad-CAM enables inherent visualization of diseased areas on leaf images, thereby enhancing interpretability and user confidence in the identification process. The proposed solution attains an accuracy of 97% in identifying leaf diseases and copes with imbalanced data issues, thereby establishing a justification for its reusability in agricultural monitoring. Future research would focus on lightweight models for agricultural extension, especially in multi-crop leaf diseases for smart agriculture purposes.","","979-8-3315-8888-5","10.1109/CCGE67142.2026.11581672","","https://ieeexplore.ieee.org/stamp/stamp.jsp?arnumber=11581672","Tomato Leaf Disease Detection;Conditional GAN;EfficientNet;Grad-CAM;Deep Learning;Explainable AI;Precision Agriculture","Diseases;Modeling;Signal detection;Cams;Computer aided manufacturing;Deep learning;Printing;Accuracy;Industrial plants;Plants (biology)","","","","24","IEEE","2 Jul 2026","7-8 May 2026","7-8 May 2026","IEEE","IEEE Conferences"
"Enhancing Plant Disease Identification through Innovative Image Synthesis: A Study of InstaGAN and Data Augmentation in Agriculture","K. Lee; A. Muhammad; C. Lim; J. Hyeon; D. Han","Department of Computer Engineering, Sejong University, Seoul, Republic of Korea; Department of Computer Engineering, Sejong University, Seoul, Republic of Korea; Department of Computer Engineering, Sejong University, Seoul, Republic of Korea; Department of Computer Engineering, Sejong University, Seoul, Republic of Korea; Department of Computer Engineering, Sejong University, Seoul, Republic of Korea",2023 IEEE International Conference on Consumer Electronics-Asia (ICCE-Asia),"27 Nov 2023","2023","","","1","3","This study explores the growing implementation of artificial intelligence (AI) technology, particularly in agriculture, where AI-driven object detection enhances efficiency. Deep learning's potential for plant disease identification is hampered by data scarcity. To address this, data augmentation techniques like Generative Adversarial Networks (GANs) are employed, with models like InstaGAN contributing to image synthesis. InstaGAN's innovative approach, integrating instance information and contextual preservation, is examined using the ""Plant Village"" dataset. The study underscores the value of InstaGAN in mitigating data limitations through synthesized image augmentation, showcasing promising outcomes in comparison to alternative models.","","979-8-3503-4431-8","10.1109/ICCE-Asia59966.2023.10326352","National Research Foundation of Korea; Technology Development; Rural Development Administration; ","https://ieeexplore.ieee.org/stamp/stamp.jsp?arnumber=10326352","GAN;Agriculture;Data Augmentation;Image Synthesis;Plant Disease Identification","Plant diseases;Image synthesis;Plants (biology);Object detection;Data augmentation;Generative adversarial networks;Data models","","1","","14","IEEE","27 Nov 2023","23-25 Oct. 2023","23-25 Oct. 2023","IEEE","IEEE Conferences"
"Wind Power Modeling based on Data Augmentation and Stacking Integrated Learning","W. Zha; Y. Jin; Z. Li; Y. Li","School of Electrical, Mechanical and Information Engineering, China University of Mining and Technology (Beijing), Beijing; School of Electrical, Mechanical and Information Engineering, China University of Mining and Technology (Beijing), Beijing; China Airport Construction Group Co., Ltd, Beijing; School of Electrical, Mechanical and Information Engineering, China University of Mining and Technology (Beijing), Beijing",2022 41st Chinese Control Conference (CCC),"11 Oct 2022","2022","","","5554","5559","In order to improve the modeling accuracy, this paper investigates the problem of the wind power modeling method based on the data augmentation technology and stacking integrated learning algorithm. First, since the raw wind power data are scarce and unevenly distributed, various flexible data augmentation techniques including jittering, scaling, magnitude warping, and time warping are used to transform the original data to expand the dataset. Then, in order to build a stacking integrated model of wind power, the Long Short-Term Memory (LSTM), Gated Recurrent Unit (GRU), and Convolutional Neural Network (CNN) based on time domain are selected as primary learners, and a stable Support Vector Regression (SVR) algorithm is used as a secondary learner. Finally, the ablation and comparative experiments are conducted according to the measured data of a wind farm in China. The experimental results show that the data augmentation technique significantly improves the robustness of each learner, and the proposed stacking integrated model is more effective compared with the single learner model, whose modeling accuracy has been effectively improved.","1934-1768","978-988-75815-3-6","10.23919/CCC55666.2022.9902347","National Natural Science Foundation of China(grant numbers:61703405); ","https://ieeexplore.ieee.org/stamp/stamp.jsp?arnumber=9902347","Wind farm;Wind power modeling;Data augmentation;Integrated learning;Regression algorithms","Wind speed;Stacking;Distributed databases;Wind power generation;Predictive models;Wind farms;Data models","","1","","15","","11 Oct 2022","25-27 July 2022","25-27 July 2022","IEEE","IEEE Conferences"
"A Generative Adversarial Network Approach to Metastatic Cancer Cell Images","S. Lee; H. Kim; H. Higuchi; M. Ishikawa; R. Natato","Laboratory of Computational Genomics, Institute for Quantitative Bioscience, The University of Tokyo, Tokyo, Japan; Department of Mechanical and Biofunctional Systems, Institute of Industrial Science, The University of Tokyo, Tokyo, Japan; Department of Physics, Graduate School of Science, The University of Tokyo; Data Science Research Division, Information Technology Center, The University of Tokyo, Tokyo, Japan; Laboratory of Computational Genomics, Institute for Quantitative Bioscience, The University of Tokyo, Tokyo, Japan",2022 International Conference on Artificial Intelligence in Information and Communication (ICAIIC),"1 Mar 2022","2022","","","403","406","The shapes of metastatic cancer cells are considered to be relatively different from non-metastatic cancer cells, especially regarding the degree of development of lamellipodia or the pattern of internal organ arrangement. However, understanding the specific pattern of the metastatic cancer cell has just started to emerge. In this paper, based on the generative adversarial network approach, we attempted to generate metastatic cancer cell images using human breast cancer cells where the metastasis-promoting protein, PAR1, is expressed.","","978-1-6654-5818-4","10.1109/ICAIIC54071.2022.9722664","","https://ieeexplore.ieee.org/stamp/stamp.jsp?arnumber=9722664","generative adversarial network;cell image classification;breast cancer cell;biomedical image analysis;deep learning","Proteins;Shape;Microscopy;Image edge detection;Morphology;Learning (artificial intelligence);Observers","","","","22","IEEE","1 Mar 2022","21-24 Feb. 2022","21-24 Feb. 2022","IEEE","IEEE Conferences"
"A Robust Image Watermarking Approach for Application in AI Generated Images","T. A. Aditto; M. R. Shahariar; H. Imtiaz","Department of Electrical and Electronic Engineering, Bangladesh University of Engineering and Technology, Dhaka, Bangladesh; Department of Electrical and Electronic Engineering, Bangladesh University of Engineering and Technology, Dhaka, Bangladesh; Department of Electrical and Electronic Engineering, Bangladesh University of Engineering and Technology, Dhaka, Bangladesh",2024 13th International Conference on Electrical and Computer Engineering (ICECE),"12 Jun 2025","2024","","","403","408","In this work, we present a novel approach to enhance the robustness of image watermarking through the integration of Convolutional Neural Network (CNN) and Generative Adversarial Network (GAN). The utilization of CNN facilitates the encoding and decoding of watermarks within images, while GAN and subsequent image post-processing techniques ensure robustness against unlawful removal of watermarks. Given the increasing significance of watermarking for data integrity and privacy, development of a robust watermarking algorithm is of critical importance. To this end, we propose to incorporate a pre-trained CNN model to decode watermarks associated with the output of the generator of the GAN model. We argue that the transferability of watermarks from training images to the generated images ensures accurate retrieval of watermark from generated images. We further enhance the efficiency and robustness of our proposed watermark embedding process through fine-tuning and data augmentation.Experimental results on the CelebA dataset validate our approach, achieving 93% accuracy in watermark detection, a Fréchet Inception Distance (FID) score of 14.09, and approximately $80 \%$ accuracy under heavy perturbations (noise standard deviation $=10$). These results demonstrate the adaptability of our method across diverse GAN architectures, tasks, and image resolutions, as well as its resilience to post-processing techniques such as JPEG compression, noise addition, and blurring.","2771-7917","979-8-3315-3178-2","10.1109/ICECE64886.2024.11025115","","https://ieeexplore.ieee.org/stamp/stamp.jsp?arnumber=11025115","Convolutional Neural Network (CNN);Generative Adversarial Network (GAN);image post-processing;watermark;robust watermark","Data privacy;Accuracy;Image coding;Noise;Watermarking;Intellectual property;Fingerprint recognition;Generative adversarial networks;Robustness;Convolutional neural networks","","1","","30","IEEE","12 Jun 2025","18-20 Dec. 2024","18-20 Dec. 2024","IEEE","IEEE Conferences"
"Advancing Plant Health: Leveraging Machine Learning for Precision Leaf Detection in Agriculture","S. Das; P. Das; N. Bhattacharya","Dept. of Computer Science and Engineering, Adamas University, Kolkata, West Bengal, India; Dept. of Computer Science and Engineering, Adamas University, Kolkata, West Bengal, India; Dept. of Computer Science and Engineering, Adamas University, Kolkata, West Bengal, India","2025 IEEE 1st International Conference on Smart Innovations in Systems, Infrastructure, Mechanical, Power, AI and Computing Technologies (SISIMPACT)","26 Mar 2026","2025","","","524","528","In agricultural and botanical applications, accurate leaf detection underpins plant classification, disease identification, and yield estimation. Conventional image processing pipelines face performance degradation under intra-class shape variation, illumination change, occlusion, and complex backgrounds. We present a Generative Adversarial Network (GAN)–driven framework that augments scarce and imbalanced plant-leaf datasets with diverse, high-fidelity synthetic imagery, thereby strengthening downstream machine learning performance. Our system integrates Progressive Growing GANs (PGGAN), transfer learning with state-of-the-art Convolutional Neural Networks (CNN; ResNet, EfficientNet), Faster R-CNN for lesion localization, hybrid K-Nearest Neighbors (KNN)+Principal Component Analysis (PCA) for low-resource inference contexts, and custom loss formulations (weighted cross-entropy, focal loss) to prioritize severe disease classes. Experimental evaluation demonstrates consistent performance gains across accuracy, precision, recall, F1-score, and mean Intersection-over-Union (mIoU) when GAN-augmented data are incorporated. Notably, Faster R-CNN with GAN augmentation achieved 97.1% accuracy and 92.3 mIoU, while CNN+GAN achieved 96.7% accuracy. These results highlight the promise of synthetic-data–driven, multi-model pipelines for robust, scalable, and early plant disease detection in precision agriculture.","","979-8-3315-5787-4","10.1109/SISIMPACT67725.2025.11439525","","https://ieeexplore.ieee.org/stamp/stamp.jsp?arnumber=11439525","Plant leaf detection;Generative Adversarial Networks (GANs);deep learning;synthetic data generation;occlusion handling;precision agriculture;plant disease diagnosis;transfer learning;multi-modal fusion","Precision agriculture;Location awareness;Plant diseases;Accuracy;Plants (biology);Transfer learning;Pipelines;Generative adversarial networks;Convolutional neural networks;Lesions","","","","23","IEEE","26 Mar 2026","28-29 Nov. 2025","28-29 Nov. 2025","IEEE","IEEE Conferences"
"Hyperspectral Imaging and Advanced Vision Transformers for Identifying Pure and Pesticide-Coated Apples","A. Shafique; M. Siraj; B. Cheng; S. A. Alsaif; T. Sadad","School of IoT Engineering, Wuxi Taihu University, Jiangsu Key (Construction) Laboratory of Intelligent IoT Technology and Applications in Universities, Wuxi, China; Department of Electrical Engineering, College of Engineering, King Saud University, Riyadh, Saudi Arabia; School of IoT Engineering, Wuxi Taihu University, Jiangsu Key (Construction) Laboratory of Intelligent IoT Technology and Applications in Universities, Wuxi, China; Department of Electrical Engineering, College of Engineering, King Saud University, Riyadh, Saudi Arabia; Department of Computer Science, University of Engineering and Technology Mardan, Mardan, Pakistan",IEEE Access,"21 Apr 2025","2025","13","","66405","66419","The classification of hyperspectral images has become an essential task in agricultural analysis, as it assesses the quality, chemical composition, and overall health of produce. This study concentrates on the analysis of the hyperspectral images of apples to distinguish and classify pure apples and those subjected to fertilizers in different concentration levels. This classification is fundamental to ensuring food quality and optimizing fertilizer input and precision agriculture practices. The dataset did not initially satisfy requirements owing to the small sample size, which rendered it difficult to train any robust generalizable model. A conditional GAN variation (CGAN) has been proposed for data augmentation. This approach effectively handled class imbalance by generating high-quality, category-specific synthetic images that enriched the dataset with realistic and diverse samples. For classification, the ConvNeXt architecture was employed, integrated with the Simple Attention Module (SimAM) to enhance feature refinement and extraction. The SimAM module allowed the model to focus on the most relevant areas of hyperspectral images while suppressing unimportant information, leading to a highly refined representation of features. The proposed classification model achieved an impressive accuracy of 99.75%, showcasing its exceptional ability to distinguish between different categories of apples, including untreated ones and those with varying fertilizer concentrations. This high level of accuracy underscores the model’s robustness and reliability in agricultural image analysis.","2169-3536","","10.1109/ACCESS.2025.3559945","King Saud University, Riyadh, Saudi Arabia, through the Researchers Supporting Project(grant numbers:RSPD2025R893); ","https://ieeexplore.ieee.org/stamp/stamp.jsp?arnumber=10963666","Hyperspectral imaging;agricultural analysis;ConvNeXt architecture;image classification;precision agriculture","Feature extraction;Hyperspectral imaging;Fertilizers;Accuracy;Chemicals;Data augmentation;Transformers;Support vector machines;Spatial resolution;Shape","","7","","27","CCBY","11 Apr 2025","2025","","IEEE","IEEE Journals"
"Beyond the Generative Learning Trilemma: Generative Model Assessment in Data Scarcity Domains","M. Salmã; L. Tronchin; R. Sicilia; P. Soda; V. Guarrasi","Research Unit of Artificial Intelligence and Computer Systems, Università Campus Bio-Medico di Roma, Rome, Italy; Research Unit of Artificial Intelligence and Computer Systems, Università Campus Bio-Medico di Roma, Rome, Italy; Saint Camillus International University of Health Sciences (UniCamillus), Rome, Italy; Research Unit of Artificial Intelligence and Computer Systems, Università Campus Bio-Medico di Roma, Rome, Italy; Saint Camillus International University of Health Sciences (UniCamillus), Rome, Italy",IEEE Access,"6 Aug 2026","2026","14","","117679","117696","Data scarcity remains a critical bottleneck impeding technological advancements across various domains, including but not limited to medicine and precision agriculture. To address this challenge, we explore the potential of Deep Generative Models (DGMs) in producing synthetic data that satisfies the Generative Learning Trilemma: fidelity, diversity, and sampling efficiency. However, recognizing that these criteria alone are insufficient for practical applications, we extend the trilemma to include utility, robustness, and privacy, factors crucial for ensuring the applicability of DGMs in real-world scenarios. Evaluating these metrics becomes particularly challenging in data-scarce environments, as DGMs traditionally rely on large datasets to perform optimally. This limitation is especially pronounced in domains like medicine and precision agriculture, where ensuring acceptable model performance under data constraints is vital. To address these challenges, we assess the Generative Learning Trilemma in data-scarcity settings using state-of-the-art evaluation metrics, comparing three prominent DGMs: Variational Autoencoders (VAEs), Generative Adversarial Networks (GANs), and Diffusion Models (DMs). Furthermore, we propose a comprehensive framework to assess utility, robustness, and privacy in synthetic data generated by DGMs. Our findings demonstrate varying strengths among DGMs, with each model exhibiting unique advantages based on the application context. This study broadens the scope of the Generative Learning Trilemma, aligning it with real-world demands and providing actionable guidance for selecting DGMs tailored to specific applications.","2169-3536","","10.1109/ACCESS.2026.3718041","European Union - NextGenerationEU, PNRR-MCNT2-2023-12377755 “Strengthening and Enhancement of Biomedical Research within the National Health Service”(grant numbers:C83C24000220007); Università Campus Bio-Medico di Roma through the Program “University Strategic Projects” within the Project “AI-Powered Digital Twin for next-generation lung cancEr cAre (IDEA);”; PNRR MUR Project(grant numbers:PE0000013-FAIR); Cancerforskningsfonden Norrland Project(grant numbers:MP23-1122); Kempe Foundation Project(grant numbers:JCSMK24-0094); Resources are provided by the National Academic Infrastructure for Supercomputing in Sweden (NAISS) and the Swedish National Infrastructure for Computing (SNIC) at Alvis@C3SE; Swedish Research Council(grant numbers:2022-06725 and Grant 2018-05973); ","https://ieeexplore.ieee.org/stamp/stamp.jsp?arnumber=11630592","Data scarcity;deep generative models;generative learning trilemma;medicine;precision agriculture;synthetic data","Modeling;Training;Generative adversarial networks;Robustness;Privacy;Measurement;Synthetic data;Learning (artificial intelligence);Computers;Architecture","","","","72","CCBY","30 Jul 2026","2026","","IEEE","IEEE Journals"
"PhytoSynth: Leveraging Multi-modal Generative Models for Crop Disease Data Generation with Novel Benchmarking and Prompt Engineering Approach","N. Rai; A. W. Schumann; N. Boyd","Gulf Coast Research and Education Center (GCREC), University of Florida, Wimauma, FL, USA; Citrus Research and Education Center (CREC), University of Florida, Lake Alfred, FL, USA; Gulf Coast Research and Education Center (GCREC), University of Florida, Wimauma, FL, USA",2025 IEEE/CVF Conference on Computer Vision and Pattern Recognition Workshops (CVPRW),"15 Sep 2025","2025","","","5371","5380","Collecting large-scale crop disease images in the field is labor-intensive and time-consuming. Generative models (GMs) offer an alternative by creating synthetic samples that resemble real-world images. However, existing research primarily relies on Generative Adversarial Net-works (GANs)-based image-to-image translation and lack a comprehensive analysis of computational requirements in agriculture. Therefore, this research explores a multi-modal text-to-image approach for generating synthetic crop disease images and is the first to provide computational benchmarking in this context. We trained three Stable Diffusion (SD) variants-SDXL, SD3.5M (medium), and SD3.5L (large)-and fine-tuned them using Dreambooth and Low-Rank Adaptation (LoRA) fine-tuning techniques to enhance generalization. SD3.5M outperformed the others, with an average memory usage of 18 GB, power consumption of 180 W, and total energy use of 1.02 kWh/500 images (~0.002 kWh/image) during inference task. Our results demonstrate SD3.5M's ability to generate 500 synthetic images from Just 36 in-field samples in ~ 1.5 hours. We recommend SD3.5M for efficient crop disease data generation.","2160-7516","979-8-3315-9994-2","10.1109/CVPRW67362.2025.00534","","https://ieeexplore.ieee.org/stamp/stamp.jsp?arnumber=11147616","Agriculture;Generative artificial intelligence;Crop disease;Diffusion models;Synthetic dataset.","Adaptation models;Translation;Computational modeling;Standards organizations;Crops;Organizations;Benchmark testing;Data collection;Prompt engineering;Diseases","","6","","42","IEEE","15 Sep 2025","11-12 June 2025","11-12 June 2025","IEEE","IEEE Conferences"
"CC-SSL: A Self-Supervised Learning Framework for Crop Classification With Few Labeled Samples","H. Wang; W. Chang; Y. Yao; D. Liu; Y. Zhao; S. Li; Z. Liu; X. Zhang","College of Land Science and Technology, China Agricultural University, Beijing, China; College of Land Science and Technology, China Agricultural University, Beijing, China; College of Land Science and Technology, China Agricultural University, Beijing, China; Aerospace Information Research Institute, Chinese Academy of Sciences, Beijing, China; College of Land Science and Technology, China Agricultural University, Beijing, China; College of Land Science and Technology, China Agricultural University, Beijing, China; College of Land Science and Technology, China Agricultural University, Beijing, China; College of Land Science and Technology, China Agricultural University, Beijing, China",IEEE Journal of Selected Topics in Applied Earth Observations and Remote Sensing,"19 Oct 2022","2022","15","","8704","8718","Labeled samples with real crop types are important for crop classification, but the acquisition of large batches of labeled samples will consume many resources, so it is necessary to study crop classification based on few labeled samples or no labeled samples. To solve the problem of labeling sample dependence in crop classification, this article proposes a self-supervised learning crop classification framework (CC-SSL) that only requires a few labeled samples. The framework includes a new SSL algorithm and adds a tensor transformation and sample processing module to ensure that the framework can be applied in crop classification. Specifically, the tensor transformation module designs a content-rich input tensor that is designed to represent crop growth patterns intuitively and effectively. The sample processing module provides a simple and useful way to maintain sample balance, allowing SSL models to be trained valid. The new SSL algorithm Sim-SCAN can obtain important features from a small number of labeled samples and does not use any labeling information during the training process. Experimental results show that tensors with richer forms can obtain better OA and can more effectively characterize crop growth patterns. The experimental results of sample processing show that keeping the samples balanced through data augmentation can greatly improve the performance of the CC-SSL framework and obtain classification results that exceed supervised learning. The results of the experiments with reduced labeled samples show that the CC-SSL framework using only a few labeled samples can achieve classification performance and robustness comparable to supervised learning.","2151-1535","","10.1109/JSTARS.2022.3211994","National Key Research and Development Program of China(grant numbers:2021YFE0205100); National Natural Science Foundation of China(grant numbers:41871300); Fundamental Research Funds of China Agricultural University(grant numbers:2021TC023); ","https://ieeexplore.ieee.org/stamp/stamp.jsp?arnumber=9910397","Crop classification;data augmentation;few labeled samples;sample balance;self-supervised learning (SSL)","Crops;Tensors;Supervised learning;Time series analysis;Task analysis;Training;Remote sensing","","13","","39","CCBY","4 Oct 2022","2022","","IEEE","IEEE Journals"
"Tomato Leaves Disease Detection Using Gray Level Co-Occurrence Matrix (GLCM) and Image Processing Techniques","N. Arikaran; G. Prabu; A. Ejoumalai; A. Bhuvanesh; S. Kamalesh; R. Sathishkumar","Department of Computer Science and Engineering, Manakula Vinayagar Institute of Technology, Puducherry, India; Department of Information Technology, Sri Manakula Vinayagar Engineering College, Puducherry, India; Department of Computer Science and Engineering, Manakula Vinayagar Institute of Technology, Puducherry, India; Department of Computer Science and Engineering, Manakula Vinayagar Institute of Technology, Puducherry, India; Department of Computer Science and Engineering, Manakula Vinayagar Institute of Technology, Puducherry, India; Department of Computer Science and Engineering, Manakula Vinayagar Institute of Technology, Puducherry, India","2024 International Conference on System, Computation, Automation and Networking (ICSCAN)","26 Feb 2025","2024","","","1","5","Crop diseases pose a serious danger to agricultural productivity and food security, making accurate detection techniques urgently needed. Convolutional Neural Networks (CNN) are used in this project's automated approach to better detect damaged tomato leaves using image processing. First, a sizable dataset with tagged photos of both healthy and diseased leaves is gathered from sources such as the Plant Village collection. To increase the diversity and quality of data, preprocessing techniques like data augmentation, scaling, and standardization are used. To guarantee accuracy and robustness, the CNN model is trained on well-labeled datasets after extracting complex features from the images. Techniques like batch normalization and dropout help reduce overfitting. Metrics including accuracy, precision, recall, and F1-score are used to evaluate the model's performance, showing significant improvements over conventional methods. With potential for wider uses in precision farming, the findings show that CNNs are a viable tool for the early and precise diagnosis of tomato leaf diseases. In order to enhance performance across a range of crops and diseases, future research will concentrate on transfer learning and growing datasets. The proposed model achieved 97.2% ACC, 95.7% Spec, 94.5% Recall, 98% Prec, and 97.5% F1-Score.","","979-8-3315-1002-2","10.1109/ICSCAN62807.2024.10894394","","https://ieeexplore.ieee.org/stamp/stamp.jsp?arnumber=10894394","Precision Farming;CNN (Convolutional Neural Networks);GAN;Deep Learning;SVM;Image Processing","Productivity;Adaptation models;Accuracy;Biological system modeling;Transfer learning;Crops;Food security;Feature extraction;Convolutional neural networks;Diseases","","1","","20","IEEE","26 Feb 2025","27-28 Dec. 2024","27-28 Dec. 2024","IEEE","IEEE Conferences"
"Cross-Attention Based Deep Learning Model for Enhanced Crop Classification Using SAR and Optical Satellite Data Fusion","V. K. Tiwari; R. Chadha; R. Tiwari","Department of CSE, Chandigarh University, Mohali, India; Department of CSE, Chandigarh University, Mohali, India; School of AI, Bennett University, Greater Noida, UP, India","2026 International Conference on Intelligent Systems in Engineering, Secured Systems and Cybersecurity (ICISESSC)","4 Jun 2026","2026","","","875","880","Precise satellite monitoring of crops is essential in agricultural monitoring and assessment of food security. In this paper, a new deep learning architecture has been introduced, which uses cross-attention mechanisms to successfully combine the Synthetic Aperture Radar (SAR) and the optical satellite images to achieve better crop classification. In contrast to earlier or later fusion methods, our cross-attention model allows bidirectional flow of information between modalities, the different sensors focusing on the information of the other. Our results are based on the PASTIS-R dataset, which has time-series observations of Sentinel-1 (SAR) and Sentinel-2 (optical) satellites of 20 types of crops. Our model has 78.2% overall accuracy and 72.8% macro F1-score, both 3.4 and 3.4 points higher than late fusion baselines and single-modality models, respectively. Experiments on ablation show that cross-attention, self-attention, and the residual connections are important. The suggested architecture is an effective structure to multi-model satellite data fusion in agricultural applications.","","979-8-3315-8084-1","10.1109/ICISESSC68634.2026.11542669","","https://ieeexplore.ieee.org/stamp/stamp.jsp?arnumber=11542669","Crop classification;Multi-Model fusion;Cross Attention;Deep Learning;SAR;Optical Imagery;Remote Sensing","Modeling;Crops;Printing;Remote sensing;Synthetic aperture radar;Specific absorption rate;Timing;Satellites;Training;Architecture","","","","33","IEEE","4 Jun 2026","9-10 April 2026","9-10 April 2026","IEEE","IEEE Conferences"
"Classification and Prediction of Pineapple Quality using Deep Learning","Z. Li; Y. -W. Chong; M. N. Ab Wahab; G. -K. Lim; R. Dawood","School of Computer Sciences, Universiti Sains Malaysia, Gelugor, Malaysia; National Advanced IPv6 Centre, Universiti Sains Malaysia, Gelugor, Malaysia; School of Computer Sciences, Universiti Sains Malaysia, Gelugor, Malaysia; School of Chemical Sciences, Universiti Sains Malaysia, Gelugor, Malaysia; Department of Informatics, Syiah Kuala University, Banda Aceh, Indonesia",2023 4th International Conference on Big Data Analytics and Practices (IBDAP),"6 Oct 2023","2023","","","1","6","Pineapple, a popular tropical fruit with widespread consumption, necessitates precise classification and quality prediction to ensure its marketability and profitability. Prior research has explored various methods, including thermal imaging and acoustic spectroscopy, to evaluate pineapple quality, but these methods often require costly equipment. In this research, deep learning techniques are used for pineapple classification and quality prediction. The primary objective is to develop a model that integrates VGG16, LSTM, and GAN techniques to classify pineapple maturity based on color, shape, and texture while utilizing YOLO for grading. The dataset used in this study comprises images of MD2 pineapples obtained from Malaysian farms. The developed prototype extracts pertinent features from images captured by established farm standards in Malaysia. Through an automated process, the model effectively classifies the quality of these pineapples.","","979-8-3503-0019-2","10.1109/IBDAP58581.2023.10271948","Keio University; ","https://ieeexplore.ieee.org/stamp/stamp.jsp?arnumber=10271948","pineapple classification;artificial intelligence;smart agriculture;quality prediction","Deep learning;Spectroscopy;Shape;Profitability;Prototypes;Predictive models;Feature extraction","","4","","8","IEEE","6 Oct 2023","25-27 Aug. 2023","25-27 Aug. 2023","IEEE","IEEE Conferences"
"An Approach for Generating Microscopic Images of Scarce Traditional Chinese Medicine Cells","Z. Peng; G. Pang; G. Peng; C. Wei; L. Yang; W. Fu","Key Laboratory of Intelligent Software, Guangxi Colleges and Universities, Wuzhou University, Wuzhou, China; Guangxi Key Laboratory of Machine Vision and Intelligent Control, Wuzhou University, Wuzhou, China; School of Navigation, Wuhan University of Technology, Wuhan, China; College of Electronic Information and Artificial Intelligence, Wuzhou University, Wuzhou, China; School of Computer and Electronic Information, Guangxi University, Nanning, China; Tianjin Tianxing Technology Development Co., Ltd, Tianjin, China","2025 IEEE International Conference on Pattern Recognition, Machine Vision and Artificial Intelligence (PRMVAI)","18 Aug 2025","2025","","","1","6","Artificial microscopic identification remains the predominant method in traditional Chinese medicine (TCM) authentication. This technique, which depends heavily on manual expertise, is time-consuming and lacks consistency, thereby hindering the high-quality development of the TCM industry. Fortunately, deep learning has made significant advancements in the field of image recognition. However, unlike conventional image recognition tasks, the acquisition of microscopic images for Traditional Chinese Medicine (TCM) identification is costly, and issues such as image scarcity and imbalanced dataset distribution pose challenges to the direct application of deep learning techniques in TCM microscopic identification. This article starts with expanding the image scale of scarce traditional Chinese medicine cells and proposes an approach for generating microscopic images of scarce traditional Chinese medicine cells. This approach generates microscopic images in a condition guided manner, then optimizes the discriminator through Wasserstein distance to enhance the model fitting ability, and finally uses Differentiable Augmentation Strategy enhancement to expand the image generation range, achieving the expansion and enrichment of the diversity of scarce traditional Chinese medicine cell microscopic images. The experimental results of YOLOv8 model training show that our CGNGAN+DA approach has improved precision by $\mathbf{2 3. 0 4 \%}$ compared to the CGAN+DA approach.","","979-8-3315-3643-5","10.1109/PRMVAI65741.2025.11108573","National Natural Science Foundation of China(grant numbers:62262059); ","https://ieeexplore.ieee.org/stamp/stamp.jsp?arnumber=11108573","Image recognition;Data augmentation;Generative Adversarial Network;Microscopic identification of traditional Chinese medicine;Identification of Traditional Chinese Medicine","Deep learning;Training;Image recognition;Microscopy;Fitting;Generative adversarial networks;Feature extraction;Pattern recognition;Object recognition;Biomedical imaging","","","","16","IEEE","18 Aug 2025","20-22 June 2025","20-22 June 2025","IEEE","IEEE Conferences"
"Image augmentation using GAN models in Computer Vision","M. John; S. Santhanalakshmi","Department of Computer Science and Engineering, Amrita School of Engineering, Bengaluru Amrita Vishwa, Vidhyapeetham, India; Department of Computer Science and Engineering, Amrita School of Engineering, Bengaluru Amrita Vishwa, Vidhyapeetham, India",2021 2nd International Conference on Smart Electronics and Communication (ICOSEC),"12 Nov 2021","2021","","","1194","1201","The efficiency of deep learning algorithms will increase when it is trained on a large size of data. Over fitting problems will also be solved working on a large dataset. To collect a huge quantity of data for training a model is more challenging job. Collecting data will take more time as well as resources. The data augmentation technique will increase the diversity of data that to be trained on deep learning algorithms. This will also help in not collecting new data. This led to the need for generative models. When the set of training data is given to this generative model, it will learn to produce the same statistical data as the set of training data. GANs are used in many fields including computer vision, medical, agriculture etc. In this paper along with the traditional GANs two architecture variant and two loss-variant GANs are reviewed and experiments are conducted to generate images. Detailed reviews on the performance metrics of GAN models are also discussed and observed that FID plot doesn’t give much insight to compare the generated images. Despite of the significant success achieved till date, applying GAN model to real time dataset has some challenging problems. Challenges faced while training GANs including mode collapse, image quality and vanishing gradients are discussed.","","978-1-6654-3368-6","10.1109/ICOSEC51865.2021.9591692","","https://ieeexplore.ieee.org/stamp/stamp.jsp?arnumber=9591692","Artificial Intelligence;Deep learning;Generative Adversarial Networks;GANs;Architecture-variant GANs;Loss- Variant GANs;Data Augmentation","Deep learning;Training;Image quality;Computer vision;Computational modeling;Training data;Computer architecture","","5","","40","IEEE","12 Nov 2021","7-9 Oct. 2021","7-9 Oct. 2021","IEEE","IEEE Conferences"
"Leaf Blight Disease Detection in Solanaceous Crops Using Generative Adversarial Networks","S. Dutta; S. G. Neogi; V. Chole","Department of Computer Science and Engineering, Amity University Madhya Pradesh, Gwalior, Madhya Pradesh, India; Department of CSE (CS), Techno Main Salt Lake, Kolkata, West Bengal, India; Department of Computer Science and Engineering, Amity University Madhya Pradesh, Gwalior, Madhya Pradesh, India","2025 12th International Conference on Reliability, Infocom Technologies and Optimization (Trends and Future Directions) (ICRITO)","27 Nov 2025","2025","","","1","7","Monitoring plant diseases mitigates crop yield losses and promotes agricultural sustainability. Solanaceous crops such as tomato, potato, aubergine, and chilli are vulnerable to leaf blight disease, characterised by black lesions, discolouration, and defoliation, leading to economic losses. Timely and precise identification of blight disease is crucial for prompt intervention; however, expert inspections and manual analyzes are labour-intensive, susceptible to errors, and lack scalability. This research proposes the application of Generative Adversarial Networks (GANs) for the classification of plant diseases, particularly in the context of unbalanced datasets and limited annotated examples. High-resolution leaf images from the open-source PlantVillage dataset were preprocessed to train GAN-based synthetic image augmentation and automated blight detection algorithms. The generator-discriminator framework collected borders, textures, and colour variations of infected leaves, enhancing feature extraction. Experimental results indicated that GAN-based models outperformed CNNs in terms of accuracy, recall, and F1-scores. The results indicate that GAN-based methods offer scalable, AI-enhanced precision agriculture solutions, enabling farmers to monitor diseases in real time and manage crops sustainably.","2769-2884","979-8-3315-5421-7","10.1109/ICRITO66076.2025.11241495","","https://ieeexplore.ieee.org/stamp/stamp.jsp?arnumber=11241495","Leaf blight;Solanaceous crops;PlantVillage dataset;Generative Adversarial Networks (GANs);Synthetic image augmentation;Deep learning;Plant disease detection;Precision agriculture","Precision agriculture;Plant diseases;Scalability;Generative adversarial networks;Image augmentation;Real-time systems;Reliability;Sustainable development;Monitoring;Optimization","","","","26","IEEE","27 Nov 2025","18-19 Sept. 2025","18-19 Sept. 2025","IEEE","IEEE Conferences"
"Enhancing Groundnut Leaf Disease and Stress Detection Using GAN-Based Deep Learning Models","P. J; K. Dinakaran","Department of Computer Science and Engineering, Sri Sai Ram Institute of Technology, West Tambaram, Chennai; Department of Artificial Intelligence and Data Science, S.A. Engineering College, Chennai",2025 International Conference on Computing and Communication Technologies (ICCCT),"10 Jun 2025","2025","","","1","4","Global food security is greatly influenced by agriculture and crop productivity and quality can only be maximized by early diagnosis of plant diseases. Manual inspection is the foundation of traditional disease detection techniques and it is labor intensive, time consuming and error prone. With the development of deep learning and Generative Adversarial Networks (GANs) automated plant disease and stress detection has taken a revolutionary turn. In order to improve the precision and resilience of groundnut plant leaf disease and stress detection this study investigates the use of GANs. To enhance datasets GANs produce high quality synthetic images which helps models to understand better the intricate illness patterns in a variety of settings. Moreover GAN based detection enhances early disease detection minimizing financial losses and maximizing agricultural output.","2995-3197","979-8-3315-3757-9","10.1109/ICCCT63501.2025.11019972","","https://ieeexplore.ieee.org/stamp/stamp.jsp?arnumber=11019972","Generative Adversarial Networks;deep learning;groundnut plant leaf disease;precise;scalable;automated disease detection","Deep learning;Productivity;Plant diseases;Computational modeling;Food security;Manuals;Inspection;Generative adversarial networks;Stress;Resilience","","5","","12","IEEE","10 Jun 2025","16-17 April 2025","16-17 April 2025","IEEE","IEEE Conferences"
"Advanced Machine Learning Models for Predicting Irrigation Water Quality: A Comparative Study of LSTM, SVM, and XGBoost Algorithms in Rice Cultivation","V. H. Cahaya Putra; A. Rachmat Raharja; G. Kanugrahan; C. Tho; M. Al-Husaini","Computer Science Department, Faculty of Creative Technology Satu University, Bandung, Indonesia; Faculty of Health and Engineering, Informatics Engineering Department, Bandung University Bandung Campus, Bandung, Indonesia; Computer Science Department, Faculty of Creative Technology Satu University, Bandung, Indonesia; Computer Science Department, School of Computer Science Bina Nusantara University, Jakarta, Indonesia; Informatics Department, Faculty of Engineering, Siliwangi University, Tasikmalaya, Indonesia",2025 International Conference on Information Management and Technology (ICIMTech),"4 Dec 2025","2025","","","234","239","Managing Irrigation water quality plays a crucial role in ensuring healthy crops and sustainable agricultural practices, particularly in rice farming. This study evaluates the effectiveness of three machine learning algorithms—LSTM, SVM, and XGBoost—in classifying the quality of irrigation water based on real-world datasets. The dataset included key parameters such as pH, temperature, dissolved oxygen (DO), and carbon monoxide (CO). Preprocessing techniques like data augmentation and normalization were applied to enhance model performance. The results revealed that XGBoost outperformed the other models with an accuracy of 77.93%, followed closely by LSTM at 76.77%, and SVM at 76.43%. XGBoost demonstrated superior performance in handling structured data and real-time monitoring, while LSTM excelled at capturing temporal patterns. SVM, though effective for simpler classification tasks, struggled with larger time-series datasets. These findings underscore the potential of machine learning models for improving irrigation water quality predictions. Future research will explore hybrid models and incorporate larger datasets to further enhance prediction accuracy, ultimately supporting sustainable irrigation practices and precision agriculture.","2837-2778","979-8-3315-9701-6","10.1109/ICIMTech67074.2025.11265474","","https://ieeexplore.ieee.org/stamp/stamp.jsp?arnumber=11265474","Irrigation water quality;machine learning;LSTM;SVM;XGBoost;precision agriculture;real-time prediction;sustainable water management","Precision agriculture;Irrigation;Accuracy;Scalability;Water quality;Machine learning;Predictive models;Real-time systems;Long short term memory;Water resources","","","","31","IEEE","4 Dec 2025","28-29 Aug. 2025","28-29 Aug. 2025","IEEE","IEEE Conferences"
"Joint Learning for Feature Reconstruction and Prediction in Agricultural Semantic Segmentation From Incomplete Satellite Image Time Series","Y. Wang; M. Belgiu; H. Wu; D. Zhong; Y. Cao; H. Li; C. Tao","School of Geosciences and Info-Physics, Central South University, Changsha, China; Faculty of Geo-Information Science and Earth Observation (ITC), University of Twente, Enschede, The Netherlands; School of Geosciences and Info-Physics, Central South University, Changsha, China; School of Geosciences and Info-Physics, Central South University, Changsha, China; Faculty of Geo-Information Science and Earth Observation (ITC), University of Twente, Enschede, The Netherlands; School of Geosciences and Info-Physics, Central South University, Changsha, China; School of Geosciences and Info-Physics, Central South University, Changsha, China",IEEE Transactions on Geoscience and Remote Sensing,"13 Jan 2026","2026","64","","1","23","Satellite image time series (SITS) is crucial for semantic segmentation (SS) in agriculture applications. However, cloud contamination introduces time gaps in SITS, disrupting temporal dependencies and causing feature shifts, which decreases the performance of models pretrained on complete SITS. Existing methods typically address this challenge by reconstructing the entire SITS before prediction or using data augmentation (DA) to simulate missing data. Yet, full reconstruction may introduce noise and redundancy, whereas the DA model can only handle limited missing patterns, leading to poor generalization. We propose a joint learning framework with feature reconstruction (FR) and prediction to address incomplete SITS more effectively. Specifically, we simulate temporal missing scenarios using temporal masks. The two tasks are guided by both ground-truth labels and the teacher model trained on complete SITS. The prediction task constrains the model from selectively reconstructing temporal features, ensuring they align with the teacher’s complete representations and are beneficial for prediction. It reduces unnecessary reconstruction and limits noise propagation. By integrating reconstructed features into the prediction task, the model avoids learning shortcuts and maintains its ability to handle varied missing patterns and complete SITS. The experiments show strong generalization capabilities in multiple aspects: 1) different SS tasks, including cropland extraction and crop classification; 2) different study areas, including Hunan Province, Western France, and Catalonia; 3) different sensors, primarily Sentinel-2 and PlanetScope; 4) different numbers of time gaps, while retaining the model’s performance on complete SITS; and 5) different model architectures, including seven typical backbones. The source codes are available at: https://github.com/wangyuze-csu/Joint_FRP","1558-0644","","10.1109/TGRS.2025.3649017","Natural Science Foundation of Hunan for Distinguished Young Scholars(grant numbers:2022JJ10072); National Natural Science Foundation of China(grant numbers:42471419,42171376); ","https://ieeexplore.ieee.org/stamp/stamp.jsp?arnumber=11316668","Agriculture semantic segmentation (SS) tasks;feature reconstruction (FR);incomplete satellite image time series (SITS);joint learning","Image reconstruction;Clouds;Predictive models;Optical imaging;Adaptive optics;Optical sensors;Crops;Synthetic aperture radar;Semantic segmentation;Optical reflection","","","","67","IEEE","29 Dec 2025","2026","","IEEE","IEEE Journals"
"PlantPlotGAN: A Physics-Informed Generative Adversarial Network for Plant Disease Prediction","F. A. Lopes; V. Sagan; F. Esposito","Taylor Geospatial Institute, St. Louis, MO, USA; Taylor Geospatial Institute, St. Louis, MO, USA; Department of Computer Science, Saint Louis University, St. Louis, MO, USA",2024 IEEE/CVF Winter Conference on Applications of Computer Vision (WACV),"9 Apr 2024","2024","","","7051","7060","Monitoring plantations is crucial for crop management and producing healthy harvests. Unmanned Aerial Vehicles (UAVs) have been used to collect multispectral images that aid in this monitoring. However, given the number of hectares to be monitored and the limitations of flight, plant disease signals become visually clear only in the later stages of plant growth and only if the disease has spread throughout a significant portion of the plantation. This limited amount of relevant data hampers the prediction models, as the algorithms struggle to generalize patterns with unbalanced or unrealistic augmented datasets effectively. To address this issue, we propose PlantPlotGAN, a physics-informed generative model capable of creating synthetic multispectral plot images with realistic vegetation indices. These indices served as a proxy for disease detection and were used to evaluate if our model could help increase the accuracy of prediction models. The results demonstrate that the synthetic imagery generated from PlantPlotGAN outperforms state-of-the-art methods regarding the Frichet inception distance. Moreover, prediction models achieve higher accuracy metrics when trained with synthetic and original imagery for earlier plant disease detection compared to the training processes based solely on real imagery.","2642-9381","979-8-3503-1892-0","10.1109/WACV57701.2024.00691","","https://ieeexplore.ieee.org/stamp/stamp.jsp?arnumber=10484018","Applications;Agriculture;Algorithms;Generative models for image;video;3D;etc.;Applications;Remote Sensing","Training;Plant diseases;Plantations;Vegetation mapping;Computer architecture;Predictive models;Generative adversarial networks","","6","","32","IEEE","9 Apr 2024","3-8 Jan. 2024","3-8 Jan. 2024","IEEE","IEEE Conferences"
"Adaptive Memory Broad Learning System for Unsupervised Time Series Anomaly Detection","Z. Zhong; Z. Yu; Z. Fan; C. L. Philip Chen; K. Yang","School of Computer Science and Engineering, South China University of Technology, Guangzhou, Guangdong, China; School of Computer Science and Engineering, South China University of Technology, Guangzhou, Guangdong, China; School of Computer Science and Engineering, South China University of Technology, Guangzhou, Guangdong, China; School of Computer Science and Engineering, South China University of Technology, Guangzhou, Guangdong, China; School of Computer Science and Engineering, South China University of Technology, Guangzhou, Guangdong, China",IEEE Transactions on Neural Networks and Learning Systems,"2 May 2025","2025","36","5","8331","8345","Time series anomaly detection is the process of identifying anomalies within time series data. The primary challenge of this task lies in the necessity for the model to comprehend the characteristics of time-independent and abnormal data patterns. In this study, a novel algorithm called adaptive memory broad learning system (AdaMemBLS) is proposed for time series anomaly detection. This algorithm leverages the rapid inference capabilities of the broad learning algorithm and the memory bank’s capacity to differentiate between normal and abnormal data. Furthermore, an incremental algorithm based on multiple data augmentation techniques is introduced and applied to multiple ensemble learners, thereby enhancing the model’s effectiveness in learning the characteristics of time series data. To bolster the model’s anomaly detection capabilities, a more diverse ensemble approach and a discriminative anomaly score are recommended. Extensive experiments conducted on various real-world datasets demonstrate that the proposed method exhibits superior inference speed and more accurate anomaly detection compared to the existing competitors. A detailed experimental investigation is presented to elucidate the effectiveness of the proposed method and the underlying reasons for its efficacy.","2162-2388","","10.1109/TNNLS.2024.3415621","National Key Research and Development Program of China(grant numbers:2023YFA1011601); National Natural Science Foundation of China(grant numbers:62106224,U21A20478); Major Key Project of PCL, China(grant numbers:PCL2023AS7-1); Guangzhou Science and Technology Plan Project(grant numbers:2024A04J3749); ","https://ieeexplore.ieee.org/stamp/stamp.jsp?arnumber=10572008","Anomaly detection;broad learning;ensemble learning;memory bank;time series","Anomaly detection;Time series analysis;Training;Data models;Prediction algorithms;Memory modules;Deep learning","","33","","45","IEEE","26 Jun 2024","May 2025","","IEEE","IEEE Journals"
"GANSet - Generating annnotated datasets using Generative Adversarial Networks","H. Hammouch; S. Mohapatra; M. El-Yacoubi; H. Qin; H. Berbia; P. Mäder; M. Chikhaoui","SAMOVAR, SSlab Institut Polytechnique de Paris Mohammed V University Palaiseau, France Rabat, Morocco; Department of Ranging Sensors Valeo Stuttgart, Germany; SAMOVAR, CNRS Institut Polytechnique de Paris Palaiseau, France; Chongqing Engineering Laboratory, Chongqing Technology and Business University Chongqing, China; SSLab Mohammed V University Rabat, Morocco; Ilmenau University of Technology Ilmenau, Germany; Soil and Water Management Institute of Agronomy&Veterinary Medicine Rabat, Morocco",2022 International Conference on Cyber-Physical Social Intelligence (ICCSI),"16 Dec 2022","2022","","","615","620","The prediction of soil moisture for automated irrigation applications is a major challenge, as it is affected by various environmental parameters. The Application of Convolutional Neural Networks (CNN), to this end, has shown remarkable results for soil moisture prediction. These models, however, typically need large datasets, which are scarce in the agriculture field. To this end, this paper presents a Deep Convolutional Generative Adversarial Network (DCGAN) that can learn good data representations and generate highly realistic samples. Traditionally, Generative Adversarial Networks (GANs) have been used for generating data for segmentation and classification tasks or used in conjunction with CNNs or Multi Layer Perceptrons (MLPs) for regression tasks. In this paper, we propose a novel approach in which GANs are used to generate conjointly training images for plants as well as realistic regression values for their corresponding moisture levels without the use of any additional network. The generated images and regression vector targets, together with the training data, are then used to train a CNN which is then evaluated with actual test data from the dataset. We observe an improvement of error rate by 33 percent which shows the validity of our approach.","","978-1-6654-9835-7","10.1109/ICCSI55536.2022.9970561","","https://ieeexplore.ieee.org/stamp/stamp.jsp?arnumber=9970561","Precision agriculture;Convolutional neural networks;Generative adversarial networks;Data augmentation;Regression","Training;Irrigation;Soil moisture;Neural networks;Training data;Moisture;Generative adversarial networks","","5","","13","IEEE","16 Dec 2022","18-21 Nov. 2022","18-21 Nov. 2022","IEEE","IEEE Conferences"
"Applying Federated Learning on Decentralized Smart Farming: A Case Study","I. Siniosoglou; K. Xouveroudis; V. Argyriou; T. Lagkas; D. Margounakis; A. -A. A. Boulogeorgos; P. Sarigiannidis","Department of Electrical and Computer Engineering, University of Western Macedonia, Kozani, Greece; R&D Department, MetaMind Innovations P.C., Kozani, Greece; Department of Networks and Digital Media, Kingston University, Kingston upon Thames, United Kingdom; Department of Computer Science, International Hellenic University, Kavala Campus, Greece; Sidroco Holdings Ltd., Nicosia, Cyprus; Department of Electrical and Computer Engineering, University of Western Macedonia, Kozani, Greece; Department of Electrical and Computer Engineering, University of Western Macedonia, Kozani, Greece",2023 IEEE International Conference on Communications Workshops (ICC Workshops),"23 Oct 2023","2023","","","1295","1300","In the field of Smart Agriculture, accurate time series forecasting is essential for farmers to gather and evaluate relevant information about various aspects of their work, such as the management of harvests, livestock, crops, water and soil. One commonly used method for trend forecasting in time series is the Long Short Term Memory (LSTM) Recurrent Neural Network (RNN) model, due to its ability to retain context for longer periods and enhance performance in context-intensive tasks. To further improve the results, the use of Federated Learning (FL) can be implemented, allowing multiple data providers to simultaneously train on a shared model while preserving data privacy. In this study, a Centralised Federated Learning System (CFLS) is leveraged, that implements and evaluates the efficacy of FL in smart agriculture through the use of datasets produced by such infrastructures. The system receives data from multiple clients and creates an optimised global model through model federation. Consequently, the federated approach is compared with the conventional local training to explore the potential of FL in real-time forecasting for the Smart Farming sector.","2694-2941","979-8-3503-3307-7","10.1109/ICCWorkshops57953.2023.10283681","","https://ieeexplore.ieee.org/stamp/stamp.jsp?arnumber=10283681","Federated Learning;Deep Learning;LSTM;Smart farming;Forecasting;Crop Optimisation;Animal Welfare;Synthetic Data;Dataset","Smart agriculture;Training;Recurrent neural networks;Federated learning;Conferences;Time series analysis;Data models","","7","","28","IEEE","23 Oct 2023","28 May-1 June 2023","28 May-1 June 2023","IEEE","IEEE Conferences"
"DA-Mamba: A Data Augmentation-Enhanced State Space Model for Fertiliser N2O Prediction in Agricultural IoT Applications","G. Bi; T. Liu; Y. Zhang; Q. Xue; Y. Li; P. Yang","School of Computer Science, University of Sheffield, Sheffield, UK; School of Computer Science, University of Sheffield, Sheffield, UK; School of Computer Science, University of Sheffield, Sheffield, UK; Research and Development, Mutus Tech Ltd, Liverpool, UK; Research and Development, Mutus Tech Ltd, Liverpool, UK; School of Computer Science, University of Sheffield, Sheffield, UK",2025 IEEE 23rd International Conference on Industrial Informatics (INDIN),"6 Jan 2026","2025","","","1","4","Nearly half of global anthropogenic N2O emissions are accounted for by nitrogen fertiliser application. Therefore, accurate prediction of fertiliser-induced N2O fluxes is crucial for optimising fertiliser strategies and mitigating climate change. In this work, we introduce DA-Mamba: a data augmentation-enhanced state space model that can capture long-range N2O flux dynamics and their interactions with agri-environmental variables, even when data is limited. Using a publicly available dataset of fertiliser-induced N2O emissions, DA-Mamba achieves state-of-the-art performance, outperforming six baseline models. Additionally, we have integrated DA-Mamba as a containerised microservice within ParallelFarm, our cloud-based precision fertilisation and farm management system. The service uses real-time weather, soil and management data to generate optimised fertiliser plans and field-level N2O–yield predictions, thereby supporting sustainable agricultural decision-making.","2378-363X","979-8-3315-1121-0","10.1109/INDIN64977.2025.11279073","Innovate UK; ","https://ieeexplore.ieee.org/stamp/stamp.jsp?arnumber=11279073","N2O flux prediction;precision fertiliser system;sustainable agriculture;Mamba","Microservice architectures;Soil;Predictive models;Data models;Robustness;Real-time systems;Planning;Nitrogen;Internet of Things;Fertilizers","","","","22","IEEE","6 Jan 2026","12-15 July 2025","12-15 July 2025","IEEE","IEEE Conferences"
"A Novel Approach to Grape Leaf Disease Detection using GAN-Enhanced ResNet and EfficientNet","A. Badhan; P. Arora; R. Garg; R. Kaur","School of Computer Science and Engineering, Lovely Professional University, Phagwara, India; School of Computer Applications, Lovely Professional University, Phagwara, India; School of Computer Applications, Lovely Professional University, Phagwara, India; School of Computer Applications, Lovely Professional University, Phagwara, India",2025 8th International Conference on Computing Methodologies and Communication (ICCMC),"4 Sep 2025","2025","","","1217","1223","In this research, deep learning models are applied to discover grape leaf diseases with a high sense of accuracy and precision to help address the main challenge facing the viticulture industry. To tell apart between healthy and diseased grape leaves, a neural network using ResNet and EfficientNetB5 as well as a two-meter model combining both were used using 5779 training and 360 test images. Statistics have proven that the suggested ensemble model is the most reliable, at 98.06%, and more effective than ResNet (91.23%) and EfficientNetB5 (93.12%). With an ensemble model, both the specificity and recall were 0.99 and F1 score reached a value of 0.99, therefore the model mainly avoided both false positives and false negatives. How well the output data was learned by the model and the effectiveness of using the ensemble model were seen in the training and validation loss curves as the loss for the ensemble was close to 0.1. Based on these findings, ensemble learning explains how diseases can be recognized, which helps reduce costs and damage by responding quickly in precision agriculture.","","979-8-3315-1211-8","10.1109/ICCMC65190.2025.11140713","","https://ieeexplore.ieee.org/stamp/stamp.jsp?arnumber=11140713","Precision Agriculture;Neural Network Grape Leaf Disease Detection;Deep Learning;ResNet;EfficientNetB5;Ensemble Learning;Image Classification;GAN;CNN","Precision agriculture;Deep learning;Training;Accuracy;Pipelines;Neural networks;Data models;Reliability;Ensemble learning;Diseases","","","","20","IEEE","4 Sep 2025","23-25 July 2025","23-25 July 2025","IEEE","IEEE Conferences"
"3D Conditional Adversarial Learning for Synthesizing Microscopic Neuron Image Using Skeleton-to-Neuron Translation","Z. Tang; D. Zhang; Y. Song; H. Wang; D. Liu; C. Zhang; S. Liu; H. Peng; W. Cai","School of Computer Science, University of Sydney, Australia; School of Computer Science, University of Sydney, Australia; School of Computer Science and Engineering, University of New South Wales, Australia; School of Computer Science, University of Sydney, Australia; School of Computer Science, University of Sydney, Australia; School of Computer Science, University of Sydney, Australia; Digital Services, Digital Technology & Innovation, Siemens Healthineers, Princeton, NJ, USA; Allen Institute for Brain Science, Seattle, WA, USA; School of Computer Science, University of Sydney, Australia",2020 IEEE 17th International Symposium on Biomedical Imaging (ISBI),"22 May 2020","2020","","","1775","1779","The automatic reconstruction of single neuron cells from microscopic images is essential to establishing the research on neuron morphology. However, the performance of single neuron reconstruction algorithms is constrained by both the quantity and the quality of the annotated 3D microscopic images since annotating large-scale single neuron models is highly labour intensive. We propose a framework for synthesizing microscopy-realistic 3D neuron images from simulated single neuron skeletons using conditional Generative Adversarial Networks (cGAN). We build the generator network with multi-resolution sub-modules to improve the output fidelity. We evaluate our framework on Janelia-Fly dataset from the BigNeuron project. With both qualitative and quantitative analysis, we show that the proposed framework outperforms the other state-of-the-art methods regarding the quality of the synthetic neuron images. We also show that combining the real neuron images and the synthetic images generated from our framework can improve the performance of neuron segmentation.","1945-8452","978-1-5386-9330-8","10.1109/ISBI45749.2020.9098345","","https://ieeexplore.ieee.org/stamp/stamp.jsp?arnumber=9098345","Image Synthesis;Data Augmentation;Neuron Image","Neurons;Three-dimensional displays;Generators;Skeleton;Microscopy;Training;Morphology","","6","","24","IEEE","22 May 2020","3-7 April 2020","3-7 April 2020","IEEE","IEEE Conferences"
"Redefining Disease Assessment in Raspberries: A Hybrid GAN-SVM Model for Detailed Intensity Measurement","D. Arora; D. Sharma; A. Sharma; P. Goyal","Department of Electronics & Communications Engineering, Chandigarh Enigineering College Landran Mohali, Punjab, India; Depatment of Biotechnolgy, Chandigarh College of Technology Landran Mohali, Punjab, India; Department of Computer Science & Engineering, Chandigarh Enigineering College Jhanjeri Mohali, Punjab, India; Computer Science & Engineering Department, M. M Engineering College, Maharishi Markandeshwar Deemed to be University, Mullana Ambala, Haryana, India",2024 4th International Conference on Ubiquitous Computing and Intelligent Information Systems (ICUIS),"13 Feb 2025","2024","","","621","625","This study presents a hybrid Generative Adversarial Network (GAN) and Support Vector Machine (SVM) model for accurately categorizing Raspberry Cane Disease (RCD) into four severity levels. Leveraging a dataset of 7,000 high-resolution images, the model achieves 98.8% accuracy. GANs generate synthetic images to address data scarcity, while SVMs ensure precise multi-class classification. The results demonstrate the model's effectiveness in disease severity assessment, highlighting its potential for broader agricultural applications.","","979-8-3315-2963-5","10.1109/ICUIS64676.2024.10866347","","https://ieeexplore.ieee.org/stamp/stamp.jsp?arnumber=10866347","Raspberry Cane Disease;Disease Severity Assessment;Deep Learning;Hybrid Model;Generative Adversarial Networks;Support Vector Machines;Precision Agriculture","Support vector machines;Precision agriculture;Plant diseases;Accuracy;Food security;Generative adversarial networks;Ubiquitous computing;Vectors;Hybrid power systems;Information systems","","","","11","IEEE","13 Feb 2025","12-13 Dec. 2024","12-13 Dec. 2024","IEEE","IEEE Conferences"
"Enhancing Plant Disease Detection Using Attention-Augmented Residual Networks and Faster Region–Convolutional Networks","K. Sathya; A. Balakrishnan; P. Baskaran; A. Kumar Ramamoorthy","School of Computer Science and Engineering, Vellore Institute of Technology, Vellore, Tamil Nadu, India; Department of Information Technology, Manipal Academy of Higher Education, Manipal Institute of Technology Bengaluru, Manipal, India; School of Computer Science and Engineering, Vellore Institute of Technology, Vellore, Tamil Nadu, India; Department of Digital Forensics and Cyber Security, University of South Wales, Treforest Campus, Psontypridd, U.K.",IEEE Access,"21 Mar 2025","2025","13","","48625","48642","Rapid and accurate detection of plant diseases is crucial for agricultural productivity and food security. Traditional methods are labor-intensive and often unreliable. To overcome these limitations, this research introduces an innovative approach that integrates attention mechanisms into residual networks (ResNets) and utilizes Generative Adversarial Networks (GANs) for data augmentation. The method incorporates Attention-Augmented Residual Networks (AARN), which enhance feature extraction and classification by focusing on critical image regions. A Conditional GAN (cGAN) generates synthetic images of diseased and healthy plants, increasing dataset diversity. By combining AARN with Faster Region-Convolutional Neural Network (Faster-RCNN), detection capabilities are further enhanced. Training the AARN model on this augmented dataset improves generalization, achieving an impressive 98.78% accuracy in plant disease classification. The attention-augmented residuals boost the Faster-RCNN’s effectiveness by 23.84%, improving feature relevance and reducing overfitting. Comparative analysis shows that this method outperforms existing techniques in accuracy, precision, recall, and F1-score, offering a robust solution for plant disease detection. This integration of advanced deep learning techniques significantly improves automated plant disease identification, benefiting agricultural management practices.","2169-3536","","10.1109/ACCESS.2025.3551242","","https://ieeexplore.ieee.org/stamp/stamp.jsp?arnumber=10925378","Attention-augmented residual networks (AARN);data augmentation;faster region-convolutional neural network (Faster-RCNN);generative adversarial networks (GANs);plant disease detection","Diseases;Plant diseases;Accuracy;Deep learning;Generative adversarial networks;Real-time systems;Crops;Attention mechanisms;Training;Residual neural networks","","17","","31","CCBY","13 Mar 2025","2025","","IEEE","IEEE Journals"
"Generative Adversarial Networks based Data Augmentation for Paddy Disease Detection using Support Vector Machine","S. Lamba; A. Baliyan; V. Kukreja","Chitkara University Institute of Engineering & Technology, Chitkara University, Punjab, India; Chitkara University Institute of Engineering & Technology, Chitkara University, Punjab, India; Chitkara University Institute of Engineering & Technology, Chitkara University, Punjab, India","2022 10th International Conference on Reliability, Infocom Technologies and Optimization (Trends and Future Directions) (ICRITO)","8 Dec 2022","2022","","","1","5","One of the greatest obstacles in applying machine learning to image classification problems is the lack of a standard, online dataset in terms of the number of images of diseases. A lack of training data reduces the accuracy of the supervised models generated for classification. The traditional ways of augmenting datasets using NumPy library functions do not facilitate the generation of new images from existing ones. Generative Adversarial Networks (GANs) unlock that option by generating images which were never existed in the real world. This paper demonstrates the feasibility of augmenting the dataset available to create new images and hence generating a large, authentic, and reliable corpus for paddy diseases. It also indicates that the performance of the classifier trained on the GAN augmented corpus is better than that of augmenting the dataset using traditional methods and not augmenting the dataset at all. The Support Vector Machine (SVM) technique is used to identify diseased plants. The images of the diseased plant were obtained from online archives: Kaggle, UCI, Mendeley, and GitHub. The accuracy achieved by the proposed model is 96.23%.","","978-1-6654-7433-7","10.1109/ICRITO56286.2022.9964506","","https://ieeexplore.ieee.org/stamp/stamp.jsp?arnumber=9964506","SVM;Bacterial blight;Leaf smut;leaf blast;Generative Adversarial Network (GAN);Rice Diseases","Support vector machines;Training data;Generative adversarial networks;Market research;Data models;Reliability;Standards","","15","","13","IEEE","8 Dec 2022","13-14 Oct. 2022","13-14 Oct. 2022","IEEE","IEEE Conferences"
"ResNet Fusion with GAN Augmentation: A Dual-Powered Model for Grape Leaf Diagnostics","S. R. C; N. P; M. J. Naidu; J. R; R. T","Department of CSE(Data Science), RNS Institute of Technology, Bangalore, India; Department of CSE(Data Science), RNS Institute of Technology, Bangalore, India; Department of CSE(Data Science), RNS Institute of Technology, Bangalore, India; Department of CSE(Data Science), RNS Institute of Technology, Bangalore, India; Department of CSE(Data Science), RNS Institute of Technology, Bangalore, India","2025 International Conference on Electronics, Computing, Communication and Control Technology (ICECCC)","11 Jul 2025","2025","","","1","6","This research focuses on an AI-based solution for automated detection of grape plant leaf diseases, aiming to address diseases like black rot, esca measles, and leaf blight. Using Generative Adversarial Networks (GANs) for data augmentation and Convolutional Neural Networks (CNNs) for accurate classification, the system ensures robust performance under diverse conditions. The methodology includes pre-processing, feature extraction with ResNet models, and real-time optimization, which makes it suitable for resource-constrained environments. Results show significant accuracy improvements, promoting sustainable farming practices and reducing crop losses. This study contributes to advancing precision agriculture through innovative machine learning solutions.","","979-8-3315-2162-2","10.1109/ICECCC65144.2025.11063838","","https://ieeexplore.ieee.org/stamp/stamp.jsp?arnumber=11063838","leaf disease detection;deep learning;convolutional neural networks;generative adversarial networks;sustainable agriculture","Precision agriculture;Deep learning;Thermal management of electronics;Accuracy;Pipelines;Crops;Generative adversarial networks;Real-time systems;Convolutional neural networks;Diseases","","","","15","IEEE","11 Jul 2025","1-2 May 2025","1-2 May 2025","IEEE","IEEE Conferences"
"Early Detection of Alzheimer’s Disease Using Deep Learning and MRI: A CNN-Based Approach with Enhanced Data Augmentation","M. A. Ottom; I. M. Alazzam; G. N. Alkufahi; R. Mohawesh; M. Alkhalaileh","Yarmouk University, Irbid, Jordan; Yarmouk University, Irbid, Jordan; Yarmouk University, Irbid, Jordan; Yarmouk University, Irbid, Jordan; Al Ain University, Al Ain, UAE",2025 3rd International Conference on Foundation and Large Language Models (FLLM),"19 Feb 2026","2025","","","1","6","Alzheimer’s disease (AD) causes cognitive decline, memory loss, personality changes, and physiological abnormalities. A new case is reported every three seconds, increasing the disease’s global prevalence. Early detection helps manage it and improve patient care. This study uses deep learning, namely Con-volutional Neural Networks (CNNs), and Magnetic Resonance Imaging to diagnose and characterize AD early on. The dataset enlarged to 7,695 images utilizing 1,296 MRI scans and DC-GAN techniques to overcome data constraints. We preprocessed using cropping, CLAHE, and skull stripping. Five CNN models were tested using the Holdout data split (90% training, 10% testing). In the 30-epoch training phase, the VGG-12 model attained 100% AUC, 99.7% accuracy, 99.6% sensitivity, and 99.7% precision. Thus, it was the best model. Testing results: sensitivity 97.4%, accuracy 97.5%, precision 98.3%, and AUC 99.8%. The VGG-12 model beat earlier efforts in some assessment criteria. Deep learning and other advanced data augmentation methods increase Alzheimer’s disease early detection and classification, according to this study.","","979-8-3315-9409-1","10.1109/FLLM67465.2025.11390951","","https://ieeexplore.ieee.org/stamp/stamp.jsp?arnumber=11390951","Alzheimer’s Disease;Deep Learning;Convolutional Neural Networks;Data Augmentation;DC-GAN;Skull Stripping","Deep learning;Training;Sensitivity;Accuracy;Magnetic resonance imaging;Data augmentation;Data models;Convolutional neural networks;Alzheimer's disease;Testing","","","","26","IEEE","19 Feb 2026","25-28 Nov. 2025","25-28 Nov. 2025","IEEE","IEEE Conferences"
"Deep Learning for Farmland Assessment and Developing an Automatic Crop Recommendation System Using GCN","A. Srilatha; P. Praveen","School of Computer Science & Artificial Intelligence SR University, Warangal, Telangana, India; School of Computer Science & Artificial Intelligence SR University, Warangal, Telangana, India",2024 International Conference on IoT Based Control Networks and Intelligent Systems (ICICNIS),"10 Jan 2025","2024","","","1735","1741","Agricultural productivity is significantly influenced by soil health and crop suitability. Conventional techniques of soil analysis are physically taxing, taking up significant time, and typically involve specialized knowledge. This research proposes an innovative method employing deep learning techniques to classify soil images for farmland assessment. Furthermore, the study extends to developing an automatic crop recommendation system based on the classified soil types. By Utilizing deep convolutional networks for visual data classification and integrating data-driven recommendations, this system aims to enhance decision-making processes in agriculture, promoting sustainable farming practices and optimized crop yields. The GCN model, having achieved almost perfect score of 98% the performance set here is beyond any doubt one of the best that can be routinely which has been complemented by great results in several essential indicators starting with F1-score, recall, specificity, sensitivity and precision. Besides this comprehensive study also provides verifiable evidence of the fact that in each of the five categories, the GCN model stands out as the superior performer emphasizes its possibility to revolutionize the terrain and farming decision-making. The GCN mode distinctive approach is this ability to use topologies from the graph to deconstruct equations in agriculture provides a multiple perspective unmatched by its competitors.","","979-8-3315-1809-7","10.1109/ICICNIS64247.2024.10823317","","https://ieeexplore.ieee.org/stamp/stamp.jsp?arnumber=10823317","Production Function;Time Series Analysis;ARIMA Models;Vector Error Correction Models","Analytical models;Accuracy;Sensitivity;Decision making;Crops;Soil;Agriculture;Topology;Recommender systems;Farming","","3","","19","IEEE","10 Jan 2025","17-18 Dec. 2024","17-18 Dec. 2024","IEEE","IEEE Conferences"
"Improving Financial Security: A Hybrid AI-Based Credit Card Fraud Detection Framework","K. R. Ahmed; A. Rohan; S. A. Mitu; S. Akther; M. Rahaman; U. Chakraborty; M. I. H. Rial","Miyan Research Institute, International University of Business Agriculture and Technology, Uttara Model Town, Dhaka, Bangladesh; Dept. of Management, 3440 Wilshire Blvd STE 1000, International American University, Los Angeles, USA; Dept. of Management, 3440 Wilshire Blvd STE 1000, International American University, Los Angeles, USA; Dept. of Business Analytics, 3440 Wilshire Blvd STE 1000, International American University, Los Angeles, USA; College of Technology and Engineering, Westcliff University, Irvine, CA, USA; Dept. of Management Information System, 3440 Wilshire Blvd STE 1000, International American University, Los Angeles, USA; Dept. of Computer Science and Engineering, Aditya College of Engineering (AOCE), Kakinada, Andhra Pradesh, India",2025 5th International Conference on Intelligent Technologies (CONIT),"24 Sep 2025","2025","","","1","5","The explosive expansion of digital financial transactions demand for robust solutions to address the increasing number of fraudulent activities, perpetrated against credit cards. Although traditional ML models, such as XGBoost, can produce a high level of accuracy, problems such as the class skew, incompatibility with computational resources, and difficulty in interpretability still exist. The proposed method is a new hybrid approach that integrates Temporal Convolutional Network (TCN) with CatBoost, and it is supported by Generative Adversarial Network (GAN)-based synthetic data generation and Bayesian hyperparameter optimization. Class imbalance in the context of SHAP may be mitigated using a hybrid SMOTE-Tomek resampling approach which enables a better interpretability of the selected features. Tested on the anonymized set of $\mathbf{2 8 4, 8 0 7}$ transactions, our model yields an accuracy of $\mathbf{9 9. 1 2 \%}$ and an AUC-ROC score of $\mathbf{0. 9 9 3}$, quite comparable to the achievements of existing benchmarks. We show the possibility of real-time deployment by showing model quantization and edge computing incorporation. This study highlights the success of deep learning hybrids and the combination of advanced optimization in fraud detection.","","979-8-3315-2233-9","10.1109/CONIT65521.2025.11167292","","https://ieeexplore.ieee.org/stamp/stamp.jsp?arnumber=11167292","Credit card fraud;TCN;CatBoost;SMOTETomek;Bayesian optimization;SHAP","Accuracy;Computational modeling;Credit cards;Generative adversarial networks;Fraud;Bayes methods;Security;Optimization;Tuning;Synthetic data","","1","","14","IEEE","24 Sep 2025","20-22 June 2025","20-22 June 2025","IEEE","IEEE Conferences"
"A Survey of Automated Data Augmentation for Image Classification: Learning to Compose, Mix, and Generate","T. -H. Cheung; D. -Y. Yeung","Department of Computer Science and Engineering, The Hong Kong University of Science and Technology, Hong Kong, China; Department of Computer Science and Engineering, The Hong Kong University of Science and Technology, Hong Kong, China",IEEE Transactions on Neural Networks and Learning Systems,"7 Oct 2024","2024","35","10","13185","13205","Data augmentation is an effective way to improve the generalization of deep learning models. However, the underlying augmentation methods mainly rely on handcrafted operations, such as flipping and cropping for image data. These augmentation methods are often designed based on human expertise or repeated trials. Meanwhile, automated data augmentation (AutoDA) is a promising research direction that frames the data augmentation process as a learning task and finds the most effective way to augment the data. In this survey, we categorize recent AutoDA methods into the composition-, mixing-, and generation-based approaches and analyze each category in detail. Based on the analysis, we discuss the challenges and future prospects as well as provide guidelines for applying AutoDA methods by considering the dataset, computation effort, and availability of domain-specific transformations. It is hoped that this article can provide a useful list of AutoDA methods and guidelines for data partitioners when deploying AutoDA in practice. The survey can also serve as a reference for further study by researchers in this emerging research area.","2162-2388","","10.1109/TNNLS.2023.3282258","Hong Kong Ph.D. Fellowship; General Research Fund from the Research Grants Council of Hong Kong(grant numbers:16204720); Research Impact Fund from the Research Grants Council of Hong Kong(grant numbers:R6003-21); ","https://ieeexplore.ieee.org/stamp/stamp.jsp?arnumber=10158722","Automated data augmentation (AutoDA);automated machine learning (AutoML);computer vision;data augmentation;image data;machine learning","Surveys;Machine learning;Data models;Training data;Training;Task analysis;Computer vision","","43","","135","IEEE","21 Jun 2023","Oct. 2024","","IEEE","IEEE Journals"
"TimeDRL: Disentangled Representation Learning for Multivariate Time-Series","C. Chang; C. -T. Chan; W. -Y. Wang; W. -C. Peng; T. -F. Chen","National Yang Ming Chiao Tung University, Hsinchu, Taiwan; National Yang Ming Chiao Tung University, Hsinchu, Taiwan; National Yang Ming Chiao Tung University, Hsinchu, Taiwan; National Yang Ming Chiao Tung University, Hsinchu, Taiwan; National Yang Ming Chiao Tung University, Hsinchu, Taiwan",2024 IEEE 40th International Conference on Data Engineering (ICDE),"23 Jul 2024","2024","","","625","638","Multivariate time-series data in numerous real-world applications (e.g., healthcare and industry) are informative but challenging due to the lack of labels and high dimensionality. Recent studies in self-supervised learning have shown their potential in learning rich representations without relying on labels, yet they fall short in learning disentangled embeddings and addressing issues of inductive bias (e.g., transformation-invariance). To tackle these challenges, we propose TimeDRL, a generic multivariate time-series representation learning frame-work with disentangled dual-level embeddings. TimeDRL is characterized by three novel features: (i) disentangled derivation of timestamp-level and instance-level embeddings from patched time-series data using a [CLS] token strategy; (ii) utilization of timestamp-predictive and instance-contrastive tasks for disentangled representation learning, with the former optimizing timestamp-level embeddings with predictive loss, and the latter optimizing instance-level embeddings with contrastive loss; and (iii) avoidance of augmentation methods to eliminate inductive biases, such as transformation-invariance from cropping and masking. Comprehensive experiments on 6 time-series forecasting datasets and 5 time-series classification datasets have shown that TimeDRL consistently surpasses existing representation learning approaches, achieving an average improvement of forecasting by 58.02% in MSE and classification by 1.48% in accuracy. Further-more, extensive ablation studies confirmed the relative contribution of each component in TimeDRL's architecture, and semi-supervised learning evaluations demonstrated its effectiveness in real-world scenarios, even with limited labeled data. The code is available at https://github.com/blacksnail789521/TimeDRL.","2375-026X","979-8-3503-1715-2","10.1109/ICDE60146.2024.00054","","https://ieeexplore.ieee.org/stamp/stamp.jsp?arnumber=10597874","Representation Learning;Multivariate Time-Series;Self-Supervised Learning;Time-Series Forecasting;Time-Series Classification","Industries;Accuracy;Large language models;Disentangled representation learning;Self-supervised learning;Medical services;Semisupervised learning","","20","","52","IEEE","23 Jul 2024","13-16 May 2024","13-16 May 2024","IEEE","IEEE Conferences"
"A Hybrid Framework Combining GAN-Based Augmentation and Ensemble Learning for Improved Satellite Image Classification","S. M. Nafis Ahmed; N. Tabassum; H. Jahan","Department of Computer Science and Engineering, Military Institute of Science and Technology, Dhaka, Bangladesh; Department of Computer Science and Engineering, Military Institute of Science and Technology, Dhaka, Bangladesh; Department of Computer Science and Engineering, Military Institute of Science and Technology, Dhaka, Bangladesh","2025 2nd International Conference on Next-Generation Computing, IoT and Machine Learning (NCIM)","17 Sep 2025","2025","","","1","6","Satellite image classification is a complex task lies at the intersection of remote sensing, computer vision, and machine learning. The significant variability present in satellite data makes many existing land use land cover classification methods inadequate for effectively handling such datasets. Machine learning and transfer learning models have been widely used in satellite image classification. In contrast, ensemble learning approaches remain relatively new in this domain and have not been explored extensively, despite showing significant potential in many other domains. Another less explored area in satellite imagery is the application of Generative Adversarial Network (GAN), which can be used to augment the satellite image dataset and further increase the model performance. In this paper, we propose a framework for satellite image classification by incorporating GAN with ensemble learning. We aim to address the gap of using GAN and ensemble learning in satellite image classification and introduce a more efficient approach for classifying diverse scenarios across a broad spectrum of satellite images. Two different variants of GAN have been used in this research, i.e., DCGAN and WGAN-GP to generate synthetic data. In addition, we applied several transfer learning models for extracting features from the images. Afterwards, we used a feature selection algorithm, Particle Swarm Optimization (PSO) on the extracted features to select the most important and relevant features, reducing the computational complexity. Finally, we employed an ensemble learning classifier consisting of three machine learning models as base learners and Logistic Regression as the meta-learner to perform the final prediction. The proposed framework is empirically evaluated with several state-of-the-art approaches where it outperformed the existing approaches by achieving 96.03% accuracy.","","979-8-3315-5542-9","10.1109/NCIM65934.2025.11160168","","https://ieeexplore.ieee.org/stamp/stamp.jsp?arnumber=11160168","satellite image classification;generative adversarial network (GAN);ensemble learning;particle swarm optimization (PSO);feature selection","Satellites;Computational modeling;Transfer learning;Generative adversarial networks;Feature extraction;Satellite images;Ensemble learning;Particle swarm optimization;Remote sensing;Synthetic data","","2","","22","IEEE","17 Sep 2025","27-28 June 2025","27-28 June 2025","IEEE","IEEE Conferences"
"A comparison of graph-based semi-supervised learning for data augmentation","W. D. G. d. Oliveira; O. A. B. Penatti; L. Berton","Institute of Science and Technology, Federal University of São Paulo, São José dos Campos, Brazil; Samsung R&D Institute, Campinas, Brazil; Institute of Science and Technology, Federal University of São Paulo, São José dos Campos, Brazil","2020 33rd SIBGRAPI Conference on Graphics, Patterns and Images (SIBGRAPI)","25 Nov 2020","2020","","","264","271","In supervised learning, the algorithm accuracy usually improves with the size of the labeled dataset used for training the classifier. However, in many real-life scenarios, obtaining enough labeled data is costly or even not possible. In many circumstances, Data Augmentation (DA) techniques are usually employed, generating more labeled data for training machine learning algorithms. The common DA techniques are applied to already labeled data, generating simple variations of this data. For example, for image classification, image samples are rotated, cropped, flipped or other operators to generate variations of input image samples, and keeping their original labels. Other options are using Neural Networks algorithms that create new synthetic data or to employ Semi-supervised Learning (SSL) that label existing unlabeled data. In this paper, we perform a comparison among graph-based semi-supervised learning (GSSL) algorithms to augment the labeled dataset. The main advantage of using GSSL is that we can increase the training set by adding non-annotated images to the training set, therefore, we can benefit from the huge amount of unlabeled data available. Experiments are performed on five datasets for recognition of handwritten digits and letters (MNIST and EMINIST), animals (Dogs vs Cats), clothes (MNIST-Fashion) and remote sensing images (Brazilian Coffee Scenes), in which we compare different possibilities for DA, including the GSSL, Generative Adversarial Networks (GANs) and traditional Image Transformations (IT) applied on input labeled data. We also evaluated the impact of such techniques on different convolutional neural networks (CNN). Results indicate that, although all DA techniques performed well, GSSL was more robust to different image properties, presenting less accuracy variation across datasets.","2377-5416","978-1-7281-9274-1","10.1109/SIBGRAPI51738.2020.00043","","https://ieeexplore.ieee.org/stamp/stamp.jsp?arnumber=9265996","Image classification, data augmentation, image transformation, GANs, semi supervised learning, machine learning","Training;Gallium nitride;Semisupervised learning;Drones;Remote sensing;Prediction algorithms;Neural networks","","2","","32","IEEE","25 Nov 2020","7-10 Nov. 2020","7-10 Nov. 2020","IEEE","IEEE Conferences"
"Enhancing Potato Leaf Disease Detection: A Comparative Study of CNN Architectures with K-means Segmentation and Data Augmentation","R. R. Nair; E. P. M; T. Babu","Department of Computer Science and Engineering, Alliance School of Advanced Computing Alliance University, Bengaluru, India; Department of Computer Science and Engineering, Alliance School of Advanced Computing Alliance University, Bengaluru, India; Department of Computer Science and Engineering, Alliance School of Advanced Computing Alliance University, Bengaluru, India",2024 International BIT Conference (BITCON),"7 May 2025","2024","","","1","6","Potato, the third most consumed crop globally, faces significant challenges from leaf diseases. This research proposes an automated deep learning system for detecting and classifying potato leaf diseases. Utilizing computer vision techniques, the study evaluated three CNN architectures (VGG19, VGG16, ResNet50) on a 2,580-image dataset. The VGG16 model, enhanced with K-means segmentation and data augmentation, achieved 97.1% accuracy in identifying healthy and blight-infected leaves. Proposed GAN-based data enhancement further improved performance to 98.2%. By integrating advanced image processing and machine learning, the approach offers a promising solution for early disease detection, enabling farmers to implement timely crop management interventions.","","979-8-3315-1839-4","10.1109/BITCON63716.2024.10985561","","https://ieeexplore.ieee.org/stamp/stamp.jsp?arnumber=10985561","CNN;VGG16;VGG19;ResNet50;Generative Adversarial Network;Crop Management","Deep learning;Image segmentation;Crops;Computer architecture;Data augmentation;Generative adversarial networks;Data models;Faces;Diseases;Residual neural networks","","1","","32","IEEE","7 May 2025","7-8 Dec. 2024","7-8 Dec. 2024","IEEE","IEEE Conferences"
"Crop Classification in UAV Remote Sensing Images Using Segment Anything Model","G. Xu; Y. Bie; N. Wang; Y. Wang","College of Information and Electrical Engineering, China Agricultural University, Beijing, China; College of Information and Electrical Engineering, China Agricultural University, Beijing, China; Peking University, Beijing, China; College of Information and Electrical Engineering, China Agricultural University, Beijing, China",2025 13th International Conference on Agro-Geoinformatics (Agro-Geoinformatics),"1 Sep 2025","2025","","","1","5","With the rapid development of Unmanned Aerial Vehicle (UAV) remote sensing technology, the acquisition of high-resolution and large-scale crop data has become increasingly convenient. Compared to satellite remote sensing, UAV imagery plays a significant role in crop classification and yield prediction. Traditional supervised learning methods rely heavily on large volumes of annotated data, which, while effective in improving model performance, are often limited by the high cost of annotation—posing a challenge for wide-scale application in the agricultural domain. Therefore, exploring efficient and low-cost pre-trained model approaches is of great importance for advancing UAV remote sensing applications in crop classification.This study utilizes a high-resolution UAV remote sensing dataset covering agricultural areas in Xingren City, Guizhou Province, China. The dataset comprises two ultra-large remote sensing images, with resolutions of 47,161×50,141 and 77,470×46,050 pixels, respectively. Due to the massive size of these images, they cannot be directly fed into neural networks. Thus, a sliding window cropping strategy was employed, segmenting the images into multiple sub-images of 512×512 pixels. After cropping, the dataset contains a total of 6,872 sub-images, with the training and testing sets split approximately at a ratio of 4:1. This dataset provides ample remote sensing imagery for model training and evaluation, ensuring reliability and generalization in the classification tasks.This study fine-tunes the Segment Anything Model (SAM) to analyze UAV-based multi-band remote sensing time-series imagery for the purpose of crop classification. Originally pretrained for generic image segmentation tasks, SAM is specifically fine-tuned here to identify crop types in high-resolution UAV imagery. During the fine-tuning process, the model leverages both temporal and spectral features of the remote sensing data to enhance its classification accuracy for Coix seed, corn, and flue-cured tobacco.The fine-tuned SAM model demonstrates broad applicability in agricultural domains, including crop classification and yield prediction, and maintains a recall rate of no less than 89% even under limited annotation scenarios. Experimental results indicate that SAM exhibits strong transferability in UAV-based crop image segmentation tasks, confirming its great potential in agricultural geographic information applications.","2995-0643","979-8-3315-6853-5","10.1109/Agro-Geoinformatics66479.2025.11136613","Research and Development; China Agricultural University; ","https://ieeexplore.ieee.org/stamp/stamp.jsp?arnumber=11136613","SAM;UAV Remote Sensing;Model Fine-tuning;Supervised Learning","Training;Image segmentation;Adaptation models;Supervised learning;Crops;Predictive models;Autonomous aerial vehicles;Data models;Remote sensing;Monitoring","","","","14","IEEE","1 Sep 2025","7-10 July 2025","7-10 July 2025","IEEE","IEEE Conferences"
"Data Augmentation vs. Synthetic Data Generation: An Empirical Evaluation for Enhancing Radiology Image Classification","S. Shetty; A. V.S.; A. Mahale","Dept. of Information Technology, National Institute of Technology Karnataka, Mangalore, India; Dept. of Information Technology, National Institute of Technology Karnataka, Mangalore, India; Dept. of Radiology, Kasturba Medical College, Mangalore, MAHE, Manipal, India",2023 IEEE 17th International Conference on Industrial and Information Systems (ICIIS),"20 Sep 2023","2023","","","1","6","Radiology is a field of medicine dealing with diagnostic images to detect diseases for further treatment. Collecting and annotating diagnostic images like Magnetic Resonance Imaging (MRI) and X-Ray is a rigorous and time-consuming process. Deep Learning methods are widely utilized for disease classification and prediction from diagnostic images, but they demand substantial amounts of training data. Additionally, certain diseases are uncommon in large patient cohorts, posing difficulties in obtaining sufficient imaging samples to construct accurate deep learning models. Data augmentation techniques are commonly used to overcome this challenge of limited data. These techniques involve applying geometric transformations such as rotation, cropping, zooming, flipping, and other similar operations to the images to enlarge the dataset artificially. Another possible way of expanding the dataset is by synthesizing data to generate artificial medical images by mimicking the original images. This study presents RAD-DCGAN: A Deep Convolutional Generative Adversarial Network to produce high-resolution synthetic radiology images from the X-ray and MRI images collected from a private medical hospital (KMC Hospital, India). We aim to determine the most effective technique for enhancing the performance of radiology image classifiers by comparing and evaluating the proposed RAD-DCGAN with the standard data augmentation strategy. Our empirical evaluation, which involved eight standard deep learning models, demonstrated that deep learning classifiers trained on synthetic radiology data outperformed those trained on standard augmented data. The utilization of the RAD-DCGAN model for training and testing deep learning models on synthetic data has demonstrated a notable improvement of 4-5% in accuracy compared to conventional augmentation techniques. This signifies the state-of-the-art performance achieved by the RAD-DCGAN model in enhancing the accuracy of deep learning models.","2164-7011","979-8-3503-2363-4","10.1109/ICIIS58898.2023.10253599","","https://ieeexplore.ieee.org/stamp/stamp.jsp?arnumber=10253599","Radiology;Synthetic Images;Magnetic Resonance Imaging;X-Ray Images;Deep Learning","Deep learning;Magnetic resonance imaging;Radiology;Data augmentation;Data models;Standards;X-ray imaging","","5","","12","IEEE","20 Sep 2023","25-26 Aug. 2023","25-26 Aug. 2023","IEEE","IEEE Conferences"
"GAN and MobileNet Based Classification of Disease Severity of Septoria Leaf Spot in Tomato Crop","S. Patil; H. Mallika; K. Indira; G. Hegde; S. M R","Department of Electronics and Communication Engineering, Ramaiah Institute of Technology, Bangalore, India; Department of Electronics and Communication Engineering, Ramaiah Institute of Technology, Bangalore, India; Department of Electronics and Communication Engineering, Ramaiah Institute of Technology, Bangalore, India; Department of Plant Pathology, University of Agricultural Sciences, Dharwad, India; Department of Plant Pathology, University of Agricultural Sciences, Dharwad, India","2024 5th International Conference on Circuits, Control, Communication and Computing (I4C)","14 Nov 2024","2024","","","489","494","The innovative framework for the precise classification of Septoria leaf spot disease severity in tomato crops, integrating MobileNet and Generative Adversarial Networks (GANs) to enhance the accuracy and accessibility of disease severity detection. MobileNet, with its optimized architecture for mobile devices, serves as the foundation of the system, ensuring that farmers can access real-time disease severity assessments directly in the field. GANs are employed to generate synthetic images that enrich the training dataset, thereby enhancing the model's robustness and its ability to generalize to unseen data without the need for extensive annotated datasets. The project utilizes the PlantVillage dataset, focusing on disease severity of Septoria leaf spot in tomato plant, and evaluates the performance of CNN, MobileNet, and MobileNetV2 architectures, both with and without GAN-augmented data. The results indicate that the MobileNetV2 model, when combined with GAN-generated data, significantly outperforms other models in terms of test accuracy, achieving a remarkable 91.01% accuracy while maintaining computational efficiency. This approach underscores the potential of deep learning technologies to revolutionize plant disease management, empowering farmers with actionable insights to mitigate crop losses and contribute to global food security.","2473-7690","979-8-3315-2853-9","10.1109/I4C62240.2024.10748520","","https://ieeexplore.ieee.org/stamp/stamp.jsp?arnumber=10748520","Deep learning;MobileNet;MobileNetV2;GANs;Disease severity","Training;Plant diseases;Accuracy;Computational modeling;Crops;Computer architecture;Generative adversarial networks;Data models;Robustness;Real-time systems","","3","","8","IEEE","14 Nov 2024","4-5 Oct. 2024","4-5 Oct. 2024","IEEE","IEEE Conferences"
"GAN-Enhanced Multiscale Attention Vision Transformer for Robust and Interpretable Cotton Leaf Disease Diagnosis","C. Ooha; S. Thota; M. Jahnavi; K. H. Kowshik","Department of Computer Science and Engineering, Siddhartha Academy of Higher Education (Deemed to be University), Vijayawada, Andhra Pradesh, India; Department of Computer Science and Engineering, Siddhartha Academy of Higher Education (Deemed to be University), Vijayawada, Andhra Pradesh, India; Department of Computer Science and Engineering, Siddhartha Academy of Higher Education (Deemed to be University), Vijayawada, Andhra Pradesh, India; Department of Computer Science and Engineering, Siddhartha Academy of Higher Education (Deemed to be University), Vijayawada, Andhra Pradesh, India",2026 Contemporary Computing Innovations Conference (CCIC),"30 Apr 2026","2026","","","1","6","The timely and accurate diagnosis of cotton leaf diseases is the most important in preventing loss of crops and achieving agricultural sustainability. Nevertheless, the current deep learning methodologies for this task are heavily constrained by two issues: Scarcity of data and lack of balance between classes in field data, and the difficulty of modeling both fineresolution local lesions and a complex global disease profile. This paper presents a new GAN-Enhanced Multiscale Attention Vision Transformer model to offer a solid and explainable diagnostic system. We implement our method in two stages: a Conditional Generative Adversarial Network is trained, which can be used to generate high-fidelity, label-conditioned images of diseases, effectively balancing and augmenting the training dataset. Second, a Multiscale Attention Vision Transformer, which is based on hierarchical attention and shifted window, is trained on this improved dataset to produce features with different spatial scales in an efficient manner. The GAN-MA-ViT framework was tested on a set of 174 held-out samples and had a maximum classification accuracy of 88.51, performing better than strong CNN baselines by more than 5 points. Moreover, the attention mechanism of the model also makes it possible to generate Localization Heatmaps, which give a visual confirmation that the model is concentrating specifically on the diseased leaf areas, which increases the accuracy and practical interpretability of the model.","","979-8-3195-2966-4","10.1109/CCIC68129.2026.11486034","","https://ieeexplore.ieee.org/stamp/stamp.jsp?arnumber=11486034","Generative Adversarial Networks (GANs);Plant disease detection;Multiscale Attention;Vision Transformers(ViT);Synthetic data augmentation;Crop health monitoring","Feeds;Antennas;Recommender systems;Information filtering;Location awareness;LoRa;Protocols;Mobile communication;Pixel;HTTP","","","","15","IEEE","30 Apr 2026","6-7 Feb. 2026","6-7 Feb. 2026","IEEE","IEEE Conferences"
"Deep Crash Detection From Vehicular Sensor Data With Multimodal Self-Supervision","L. Kubin; T. Bianconcini; D. C. de Andrade; M. Simoncini; L. Taccari; F. Sambo","Verizon Connect Research, Florence, Italy; Verizon Connect Research, Florence, Italy; Verizon Connect Research, Florence, Italy; Verizon Connect Research, Florence, Italy; Verizon Connect Research, Florence, Italy; Verizon Connect Research, Florence, Italy",IEEE Transactions on Intelligent Transportation Systems,"10 Aug 2022","2022","23","8","12480","12489","The ability to detect vehicle accidents from on-board sensor data is of the utmost importance to provide prompt assistance to prevent injuries and fatalities. In this article, we present a novel deep learning method capable of analyzing time series recorded from Inertial Measurement Units (IMU) and GPS devices to recognize the presence of an accident along with its severity. We propose a neural architecture capable of exploiting the different sensor streams (i.e., acceleration, gyroscope, and GPS speed), a multimodal contrastive self-supervised training procedure, and an ad-hoc stack of data augmentation techniques, specifically designed to counteract the extreme class imbalance and to improve the generalization capabilities of the whole pipeline. The proposed method has been validated against several state-of-the-art methods on a large and highly imbalanced dataset, composed of more than 200 thousand time series collected from US vehicles, with different vehicle sizes and traveling on different types of road. Our method achieves an average-precision score (AP) of 0.9 in the detection of crashes and 0.76 in the detection of severe crashes, significantly outperforming all the other approaches, and has small footprint and latency, so that it can easily be deployed on embedded devices.","1558-0016","","10.1109/TITS.2021.3114816","","https://ieeexplore.ieee.org/stamp/stamp.jsp?arnumber=9565850","Crash detection;neural networks;self-supervised learning;time series classification","Accidents;Time series analysis;Feature extraction;Task analysis;Global Positioning System;Deep learning;Training","","13","","33","IEEE","8 Oct 2021","Aug. 2022","","IEEE","IEEE Journals"
"CNNs, GANs, and Transformers for Tomato Disease Detection and Classification: A Review","R. Kandadi; D. Nandan","School of CS & AI, SR University, Warangal, India; School of CS & AI, SR University, Warangal, India","2025 IEEE 7th International Conference on Cybernetics, Cognition and Machine Learning Applications (ICCCMLA)","2 Jul 2026","2025","","","1","7","Diseases have a major impact on agricultural productivity, which is why an accurate and efficient detection method is necessary to minimize crop loss from these pathogens associated with tomato. In recent years, deep learning has successfully provided accurate and scalable plant disease recognition algorithms. In this review, we focus on three representative deep learning architectures, namely Convolutional Neural Networks (CNNs), Generative Adversarial Networks (GANs), and Transformers for Tomato disease detection and classification. CNNs showed good feature extraction effectiveness from leaf images, and GANs provide a help by generating the synthetic data to relieve class imbalance, and provide stronger robustness to the model. More recent techniques (like transformers bearing attention mechanisms) allow greater contextualization and flexibility while processing high-quality image representations. It systematically reviews the literature, identifies the strengths and limitations of each method, and reviews their comparative performance. Furthermore, it gives an overview of shortcomings in existing data sets about diversity, computational complexity, and generalization between environments, etc. Finally, possible future pathways for joining these architectures into precision agriculture architectures are discussed.","","979-8-3315-6162-8","10.1109/ICCCMLA66092.2025.11581264","","https://ieeexplore.ieee.org/stamp/stamp.jsp?arnumber=11581264","CNNs;GANs;Transformers;Image classification;Tomato disease detection and Deep learning","Diseases;Modeling;Convolutional neural networks;Printing;Generative adversarial networks;Signal detection;Transformers;Architecture;Computer architecture;Equations","","","","39","IEEE","2 Jul 2026","1-2 Nov. 2025","1-2 Nov. 2025","IEEE","IEEE Conferences"
"Classification and Augmentation of African Fabrics Using Convolutional Neural Network and Generative Adversarial Network Models","O. Adeyokunnu; A. Abayomi-Alli; O. A. Alabi; O. ‘. Arogundade; D. W. Daniel; B. O. Omoyiola","Department of Computer Science, Federal University of Agriculture, Abeokuta, Nigeria; Department of Computer Science, Federal University of Agriculture, Abeokuta, Nigeria; Department of Computer Science, Federal University of Agriculture, Abeokuta, Nigeria; Department of Computer Science, Federal University of Agriculture, Abeokuta, Nigeria; Department of Computer Science, Federal University of Agriculture, Abeokuta, Nigeria; Department of Computer Science, University of the People, California, United States",2024 IEEE 5th International Conference on Electro-Computing Technologies for Humanity (NIGERCON),"24 Mar 2025","2024","","","1","5","Africans have developed sophisticated textile traditions and various fabrics. Their patterns are original artistic explorations of advanced visual paradigms with dazzling brilliance, intricate composition, and a viscerally appealing rippling effect. However, fabric design in Africa is time-consuming, resource-intensive, and effort-intensive. Moreover, there is a scarcity of well-curated local datasets for African fabrics. Therefore, there is a need for an automated approach to generating more African fabric designs. Generative Adversarial Networks (GANs) are generative modelling that involves automatically identifying and learning the regularities or patterns in input data so that the model can be used to produce new examples that could have been reasonably derived from the original dataset. This study focuses on combining generative models and discriminative models to generate numerous images of African fabrics that would be difficult for a fabric artisan to create. A MobileNetV2 classification model which is a Convolutional Neural Network (CNN) was trained on 1121 images across 8 different classes of fabric designs and StyleGAN2-ADA was employed to generate new African fabric designs for various classes. The performance of MobileNetV2 and StyleGAN2-ADA was evaluated using Accuracy, Precision, Recall, F1 score and Fréchet inception distance (FID). An accuracy score of 0.75 was recorded and new African fabric designs for various classes were generated. African fabrics have a rich history and culture, and using StyleGAN2-ADA with a pre-trained model to generate designs for them is a promising field of research that might produce fresh and inventive designs that build on those traditions.","2377-2697","979-8-3315-4255-9","10.1109/NIGERCON62786.2024.10927147","","https://ieeexplore.ieee.org/stamp/stamp.jsp?arnumber=10927147","African;Classification;CNN;Fabrics;Generative Adversarial Network (GAN);MobileNetV2;StyleGAN2-ADA","Training;Visualization;Accuracy;Africa;Generative adversarial networks;Fabrics;Data models;Robustness;Convolutional neural networks;History","","6","","31","IEEE","24 Mar 2025","26-28 Nov. 2024","26-28 Nov. 2024","IEEE","IEEE Conferences"
"A Data-Scarce Digital Twin Framework for Irrigation Decision-Making Using Physics-Constrained Generative AI","S. Mohan; S. Sharma; M. M. Unnithan; S. Lalitha","Department of Electronics and Communication Engineering, Amrita School of Engineering, Bengaluru Amrita Vishwa, Vidyapeetham, India; Department of Electronics and Communication Engineering, Amrita School of Engineering, Bengaluru Amrita Vishwa, Vidyapeetham, India; Department of Electronics and Communication Engineering, Amrita School of Engineering, Bengaluru Amrita Vishwa, Vidyapeetham, India; Department of Electronics and Communication Engineering, Amrita School of Engineering, Bengaluru Amrita Vishwa, Vidyapeetham, India",2026 4th International Conference on Self Sustainable Artificial Intelligence Systems (ICSSAS),"22 Jun 2026","2026","","","1544","1551","The remote agricultural settings are still struggling to achieve sustainable irrigation management because of the scarcity of efficient environmental data. Moreover, the traditional digital twins and machine learning methods usually rely on long-term sensor logs and fine instrumentation, which limit their use in data-sparse environments as well as the methods used fail to provide forecasting situational answers for diverse set of problems. The hypothesis presented by the proposed framework is a low-cost hybrid Digital Twin architecture that facilitates the process of irrigation decision-making without the need of historical data. A stateful generative AI model is proposed that synthesizes environmental time series data by embedding physical laws, diurnal rhythms, thermodynamic consistency, and hydrological dynamics into a deterministic framework. A WebGL interface provided in real-time and 3D is used to improve the understandability of system states. The obtained data is applied to predict soil moisture with the help of an XGBoost regressor (R2 = 0.8869) and photovoltaic power by using a neural network model with cyclical time encoding (R2=0.7174). The forecasts are incorporated by using a rule based layer which uses energy consciousness to switch on irrigation when moisture deficit and adequate solar availability are present. Simulation findings show consistent hour-ahead irrigation choices in the data-scarcity environment, which indicates the originality of applying physics-constrained generative modeling with renewable-conscious decision validation to precision agriculture.","","979-8-3315-7009-5","10.1109/ICSSAS68835.2026.11559311","","https://ieeexplore.ieee.org/stamp/stamp.jsp?arnumber=11559311","Digital Twin;Precision Agriculture;Soil Moisture Forecasting;Renewable Energy;IoT Sensors;Machine Learning;Irrigation Optimization","Modeling;Irrigation;Timing;Soil moisture;Machine learning;Digital twins;Printing;Forecasting;Visualization;Image sensors","","","","26","IEEE","22 Jun 2026","28-30 May 2026","28-30 May 2026","IEEE","IEEE Conferences"
"A Comprehensive Survey on Data Augmentation","Z. Wang; P. Wang; K. Liu; P. Wang; Y. Fu; C. -T. Lu; C. C. Aggarwal; J. Pei; Y. Zhou","Computer Network Information Center, CAS and University of Chinese Academy of Sciences, Beijing, China; Computer Network Information Center, CAS and University of Chinese Academy of Sciences, Beijing, China; Department of Computer Science, Portland State University, Portland, OR, USA; Department of Computer and Information Science, The State Key Laboratory of Internet of Things for Smart City, University of Macau, Macau, China; Arizona State University, Tempe, AZ, USA; Virginia Tech, Blacksburg, VA, USA; IBM T. J. Watson Research Center, Yorktown Heights, NY, USA; Duke University, Durham, NC, USA; Computer Network Information Center, CAS and University of Chinese Academy of Sciences, Beijing, China",IEEE Transactions on Knowledge and Data Engineering,"9 Dec 2025","2026","38","1","47","66","Data augmentation is a series of techniques that generate high-quality artificial data by manipulating existing data samples. By leveraging data augmentation techniques, AI models can achieve significantly improved applicability in tasks involving scarce or imbalanced datasets, thereby substantially enhancing AI models’ generalization capabilities. Existing literature surveys only focus on a certain type of specific modality data and categorize these methods from modality-specific and operation-centric perspectives, which lacks a consistent summary of data augmentation methods across multiple modalities and limits the comprehension of how existing data samples serve the data augmentation process. To bridge this gap, this survey proposes a more enlightening taxonomy that encompasses data augmentation techniques for different common data modalities by investigating how to take advantage of the intrinsic relationship between and within instances. Additionally, it categorizes data augmentation methods across five data modalities through a unified inductive approach.","1558-2191","","10.1109/TKDE.2025.3622600","National Natural Science Foundation of China(grant numbers:62406306,92470204); National Key Research and Development Program of China(grant numbers:2024YFF0729201); ","https://ieeexplore.ieee.org/stamp/stamp.jsp?arnumber=11205970","Data augmentation;data-centric taxonomy;multi-modality","Data augmentation;Taxonomy;Surveys;Training;Electronic mail;Data models;Big Data;Deep learning;Translation;Perturbation methods","","61","","244","IEEE","16 Oct 2025","Jan. 2026","","IEEE","IEEE Journals"
"A Residual Recurrent Generative Adversarial Network Approach for Crop Yield Estimation and Fertilizer Optimization","P. Awasthi; S. Mishra; N. Gupta; A. Kumar; M. Derawi","Amity School of Engineering and Technology, Amity University, Lucknow Campus, Lucknow, Uttar Pradesh, India; Amity School of Engineering and Technology, Amity University, Lucknow Campus, Lucknow, Uttar Pradesh, India; Information Systems and Processing Group, Institute of Electronics and Informatics Engineering of Aveiro, University of Aveiro, Aviero, Portugal; Amity School of Engineering and Technology, Amity University, Lucknow Campus, Lucknow, Uttar Pradesh, India; Department of Electronic Systems, Faculty of Information Technology and Electrical Engineering, Norwegian University of Science and Technology, Gjøvik, Norway",IEEE Access,"1 Jan 2026","2025","13","","218219","218237","Accurate crop yield forecasting and tailored fertilizer suggestion are essential for realizing sustainable agriculture and food security. To this end, in this paper, the Extended Multiscale Residual Convoluted Recurrent Generative Adversarial Network (Ex-MRConv-RGAN) model for corn yield forecasting is introduced, but more significantly, when integrated with a Hierarchical Fuzzy Rule-based model (HiFM) methodology for fertilizer suggestion on balance dimensions of soil nutrients. Utilize massive data sets of ICRISAT by having past corn yield, climatic, weather, and soil data from all over various regions of India, with recent fertilizer production and consumption data provided by the Fertilizer Association of India. The data pre-processing phase utilizes the normalization method of RobustScaler that guarantees consistent feature scaling. Ex-MRConv-RGAN yield classifications are performed into low, medium, and high using the way in which the GAN would produce real synthetic data to enhance its model precision and resilience. Fertilizer prescriptions are also adjusted further by HiFM according to Nitrogen (N), Phosphorus (P), and Potassium (K) needs for soil nutrients to optimize resource utilization effectively. The system is also augmented with the Clouded Leopard Optimization (CLpO) algorithm to tune hyperparameters. The experimental validation results also show an average improvement of 12% in prediction accuracy and a 15% improvement in efficiency for fertilizer recommendation compared with approaches using traditional methodology, which have been validated by several performance metrics. The platform facilitates farm-level data-driven agricultural decisions and helps to improve the precision with which yields and resource use are forecasted in corn production.","2169-3536","","10.1109/ACCESS.2025.3646354","","https://ieeexplore.ieee.org/stamp/stamp.jsp?arnumber=11305239","Corn yield prediction;Ex-MRConv-RGAN;hierarchical fuzzy rule-based model;fertilizer recommendation;soil nutrient balance;precision agriculture","Fertilizers;Soil;Predictive models;Computational modeling;Forecasting;Data models;Accuracy;Nutrients;Optimization;Machine learning","","1","","42","CCBYNCND","19 Dec 2025","2025","","IEEE","IEEE Journals"
"Multiview Graph Contrastive Learning for Multivariate Time-Series Anomaly Detection in IoT","S. Qin; L. Chen; Y. Luo; G. Tao","Future Network Research Center, Purple Mountain Laboratories, Nanjing, China; Department of Integrated Information System Research Center, Institute of Automation, Chinese Academy of Sciences, Beijing, China; Future Network Research Center, Purple Mountain Laboratories, Nanjing, China; Future Network Research Center, Purple Mountain Laboratories, Nanjing, China",IEEE Internet of Things Journal,"11 Dec 2023","2023","10","24","22401","22414","Internet of Things (IoT) systems typically generate large amounts of sensory signals that get involved to represent the states of the systems. Most existing methods focus on learning the temporal patterns of the signals to detect anomalies. However, the performance is limited due to two critical problems. First, the relationships between different signals are rarely considered, resulting in missing important information for representation. Second, the high sensitivity of time series makes it difficult to use conventional methods for data augmentation, which limits the improvement of representation and generalization capabilities. In this work, we propose a novel reconstruction-based framework with contrastive learning from multiple views to address these two issues. Specifically, intrasignal and intersignal graph structures are formed and learned in parallel to model the temporal context and capture the dependency relationships between signals, respectively. Multiview graph contrastive learning strategy is designed to improve the graph representation. We also provide an adaptive data augmentation method to generate graph views for contrastive learning, which helps to accurately capture valuable intrinsic patterns from two different perspectives. Finally, the contrastive learning task and the reconstruction task are jointly trained. Extensive experiments on four real-world data sets demonstrate that our method outperforms the existing state-of-the-art baselines.","2327-4662","","10.1109/JIOT.2023.3303946","Internal Research Program of Purple Mountain Laboratories; ","https://ieeexplore.ieee.org/stamp/stamp.jsp?arnumber=10214266","Anomaly detection;contrastive learning;graph learning;multivariate time series","Time series analysis;Anomaly detection;Task analysis;Data augmentation;Transformers;Monitoring;Data models","","37","","55","IEEE","10 Aug 2023","15 Dec.15, 2023","","IEEE","IEEE Journals"
"Conditional Generative Adversarial Network for Mitigating Skin Diseases Identification Modeling with Limited Data","D. L. Christiono; N. Afny Catur Andryani","Computer Science Department – BINUS Graduate Program, Master of Computer Science – Bina Nusantara University, Jakarta, Indonesia; Computer Science Department – BINUS Graduate Program, Doctor of Computer Science – Bina Nusantara University, Jakarta, Indonesia",2025 International Conference on Information and Communication Technology (ICoICT),"14 Oct 2025","2025","","","1","6","Accurate skin diseases prediction modelling has always been a challenging task. On of the contributing factor is due to the limited number of its corresponding medical images. Various traditional images augmentation such as cropping, flipping, rotation and bright manipulation are normally implemented on pre-processing to improve the dataset. However, those approaches are less significant to improve the model’s performance since duplication information and less variation led to bad generalization. This study presents the adoption of Conditional Generative Adversarial Networks (CGAN) for constructing additional synthetical skin diseases image dataset to improve the prediction model’s performance. HAM10000 and Fitzpatrick 17k skin diseases dataset are used as the use case. The pre-trained model, VGG16, is applied as the prediction modelling. Based on the simulation results on given datasets, the attached CGAN procedure contributes to the improvement especially on precision. It indicates that the additional synthetical dataset produced by CGAN support model on more sensitive to false positive case.","","979-8-3315-0323-9","10.1109/ICoICT66265.2025.11192943","","https://ieeexplore.ieee.org/stamp/stamp.jsp?arnumber=11192943","skin disease;synthetical data;conditional GAN;stacking;pretrained models","Simulation;Stacking;Predictive models;Generative adversarial networks;Skin;Data models;Image augmentation;Information and communication technology;Diseases;Biomedical imaging","","","","24","IEEE","14 Oct 2025","30-31 July 2025","30-31 July 2025","IEEE","IEEE Conferences"
"Enhancing Few-Shot Plant Disease Classification with Diffusion Model","J. Huang; Z. Wang; M. Xu; L. Ma; W. Wu; J. Cao","Zhejiang University, Ningbo, China; Zhejiang University, Ningbo, China; NingboTech University, Ningbo, China; NingboTech University, Ningbo, China; Ningbo Special Equipment Inspection and Research Institute, Ningbo, China; NingboTech University, Ningbo, China",2024 China Automation Congress (CAC),"13 Feb 2025","2024","","","2036","2040","Plant diseases significantly threaten global agriculture, impacting crop yield and quality, thus affecting food security and economic stability. Traditional detection methods, reliant on expert knowledge and manual inspection, are time-consuming and error-prone. Few-shot classification methods, including meta-learning, transfer learning, and data augmentation, have gained attention. Meta-learning adapts models quickly across tasks but requires substantial computational resources. Transfer learning enhances related task performance, reducing data needs but risking negative transfer. Traditional data augmentation, like image flipping and rotation, offers limited effectiveness. We propose an advanced generative model-based plant disease data augmentation method using Stable Diffusion models to generate high-quality synthetic data, integrated with ControlNet and Embbedings for precise control, and fine-tuned by Low-Rank Adaptation (LoRA). This method overcomes traditional limitations by generating diverse, high-quality samples, enhancing dataset diversity and model generalization, thereby facilitating robust and accurate plant disease detection model development.","2688-0938","979-8-3503-6860-4","10.1109/CAC63892.2024.10864650","","https://ieeexplore.ieee.org/stamp/stamp.jsp?arnumber=10864650","Plant disease;Few-shot Classification;Diffusion model;Leaf images","Metalearning;Plant diseases;Adaptation models;Biological system modeling;Transfer learning;Food security;Data augmentation;Diffusion models;Data models;Synthetic data","","1","","19","IEEE","13 Feb 2025","1-3 Nov. 2024","1-3 Nov. 2024","IEEE","IEEE Conferences"
"DeepFarm: AI-Driven Management of Farm Production using Explainable Causality","Y. Wang; J. Chandrasekaran; F. Haberkorn; Y. Dong; M. Gopinath; F. A. Batarseh","Dept. of Electrical and Computer Engineering (ECE), Virginia Tech, Arlington, VA, USA; Commonwealth Cyber Initiative Virginia Tech, Arlington, VA, USA; Dept. of Computer Science (CS) Virginia Tech, Federal Reserve Board of Governors, Arlington, VA, USA; Dept. of CS, Virginia Tech, Arlington, VA, USA; Dept. of Agriculture and Applied Economics, University of Georgia, Athens, GA, USA; Dept. of Biological Systems Engineering, Virginia Tech, Arlington, VA, USA",2022 IEEE 29th Annual Software Technology Conference (STC),"18 Nov 2022","2022","","","27","36","American agriculture has been afflicted by numerous outlier events in the past decade, such as several natural disasters, cyber-attacks, trade wars, and a global pandemic. Such unprecedented black-swans have created outcome uncertainties throughout the food supply chain, starting at the farm level for agricultural producers and aggregating at the consumption level for households and international trade flows. The primary drivers behind the shocks in agricultural productivity include strong weather-related events, transitory transportation disruptions, shipping delays, and policy shifts. This paper presents DeepFarm, an Artificial Intelligence (AI)-enabled framework to measure and manage uncertainties while evaluating multiple cause-effect scenarios in agricultural farm production. We deploy Deep Learning (DL) models to predict the impact of crop yield during outlier events such as extreme weather events and cyber-attacks. Additionally, we use a causal inference-based approach to quantity the impact of such events affecting the critical phases of farm production. Models are developed; experiments are performed; the results are recorded, evaluated, and discussed. Our results suggest that DeepFarm can effectively forecast and quantity the impact of outlier events on crop yield across different regions in the US.","","978-1-6654-8864-8","10.1109/STC55697.2022.00013","Food and Drug Administration; ","https://ieeexplore.ieee.org/stamp/stamp.jsp?arnumber=9951037","AI for Agriculture;Farm Production;GAN;Synthetic Data;DeepAR;Causality","Productivity;Uncertainty;Supply chains;Crops;Weather forecasting;Transportation;Predictive models","","9","","32","IEEE","18 Nov 2022","3-6 Oct. 2022","3-6 Oct. 2022","IEEE","IEEE Conferences"
"Gas Source Localization in Outdoor Environment Using Deep Learning: Data Augmentation by Gas Dispersion Simulator","G. -J. Zhao; H. Matsukura; M. Sakaue; T. Haratsu; H. Ishida","Graduate School of Bio-Applications and Systems Engineering, Tokyo University of Agriculture and Technology, Tokyo, Japan; Graduate School of Informatics and Engineering, University of Electro-Communications, Tokyo, Japan; Graduate School of Bio-Applications and Systems Engineering, Tokyo University of Agriculture and Technology, Tokyo, Japan; Graduate School of Bio-Applications and Systems Engineering, Tokyo University of Agriculture and Technology, Tokyo, Japan; Graduate School of Bio-Applications and Systems Engineering, Tokyo University of Agriculture and Technology, Tokyo, Japan",2024 IEEE International Symposium on Olfaction and Electronic Nose (ISOEN),"18 Jun 2024","2024","","","1","3","This paper presents an application of a gas dispersion simulator that uses recorded wind data to reproduce gas distribution observed in an open outdoor field. Outdoor gas source localization is highly challenging because of the large fluctuations of the wind. Combination of a gas sensor network and a deep-learning pattern recognition model is expected to provide high accuracy in estimating a gas source location. However, collecting sufficient amount of gas sensor data for training a neural network model can be extremely laborious. Here we propose to use the simulator to generate the training data. Gas distributions trailing from its source in various directions are simulated by rotating the wind data measured in an outdoor environment. The temporal waveform of each sensor response in a stationary gas sensor network is calculated by feeding the simulated gas concentration values to a second-order sensor response model. The sensor response data is then used to train a long short-term memory neural network (LSTM) to estimate the location of the gas source. The high-accuracy results demonstrate the effectiveness of augmenting the training data using the gas dispersion simulator.","","979-8-3503-4865-1","10.1109/ISOEN61239.2024.10556037","","https://ieeexplore.ieee.org/stamp/stamp.jsp?arnumber=10556037","data augmentation;deep learning;gas dispersion simulator;sensor network;gas source localization","Location awareness;Accuracy;Fluctuations;Neural networks;Training data;Position measurement;Data models","","1","","8","IEEE","18 Jun 2024","12-15 May 2024","12-15 May 2024","IEEE","IEEE Conferences"
"MPFormer: Multipatch Transformer for Multivariate Time-Series Anomaly Detection With Contrastive Learning","S. Ma; J. Nie; S. Guan; Z. He; M. Gao","School of Electronic and Information, Hangzhou Dianzi University, Hangzhou, China; School of Electronic and Information, Hangzhou Dianzi University, Hangzhou, China; School of Electronic and Information, Hangzhou Dianzi University, Hangzhou, China; School of Electronic and Information, Hangzhou Dianzi University, Hangzhou, China; School of Electronic and Information, Hangzhou Dianzi University, Hangzhou, China",IEEE Internet of Things Journal,"20 Nov 2024","2024","11","23","38221","38237","Recent unsupervised framework-based anomaly detection methods in Internet of Things (IoT) have been proved successful by learning temporal pattern representations from normal time-series data. However, such methods have long suffered from weakened normal-abnormal boundary incurred by discrimination-insufficient temporal pattern representations, due to: 1) normal time series often suffer from some unprocessed abnormal noise, interfering with model’s discriminative representations between normal and abnormal points and 2) previous methods rarely focus on contextual semantic features of time series that are also crucial for constructing discriminative representations. In this article, we propose multipatch contrastive learning framework for multivariate time-series anomaly detection (MPFormer), a transformer-based multipatch contrastive learning framework. This novel framework leverages contrastive learning to guide discriminative feature learning. It incorporates a data augmentation strategy to generate positive samples and maximizes the similarity between positive sample pairs, thereby capturing inherent representations of normal temporal patterns and enhancing robust discrimination ability to abnormal noise. To further facilitate discriminative representation modeling, we divide input time series into multiple patches and design a transformer-based dual-attention module to explore contextual semantic features in both interpatch and intrapatch views. Benefiting from discriminative representations being modeled, MPFormer effectively strengthens the normal-abnormal boundary, thus improving detection accuracy. Experimental results on six widely adopted data sets demonstrate that our proposed MPFormer outperforms existing baseline methods.","2327-4662","","10.1109/JIOT.2024.3443910","National Key Research and Development Program of China(grant numbers:2023YFB2504100); National Major Scientific Research Instrument Development Project of China(grant numbers:62227802); Zhejiang Provincial Major Research and Development Project of China(grant numbers:2024C01013); Central Guiding Local Science and Technology Development Fund Projects of China(grant numbers:2023ZY1008); ","https://ieeexplore.ieee.org/stamp/stamp.jsp?arnumber=10637263","Anomaly detection;contrastive learning;multivariate time series","Time series analysis;Transformers;Noise measurement;Anomaly detection;Semantics;Feature extraction;Contrastive learning","","24","","56","IEEE","14 Aug 2024","1 Dec.1, 2024","","IEEE","IEEE Journals"
"A Dual GAN-Based Method for Augmenting High-Quality Rice Leaf Disease Images","K. Vijayalakshmi; K. Sreenivasulu; M. Sandhya; G. Khaleelbasha; M. V. Naresh","Dept of ECE, Mohan Babu University (Erstwhile Sree Vidyanikethan Engineering College), Tirupati, India; Dept of ECE, Mohan Babu University (Erstwhile Sree Vidyanikethan Engineering College), Tirupati, India; Dept of ECE, Mohan Babu University (Erstwhile Sree Vidyanikethan Engineering College), Tirupati, India; Dept of ECE, Mohan Babu University (Erstwhile Sree Vidyanikethan Engineering College), Tirupati, India; Dept of ECE, Mohan Babu University (Erstwhile Sree Vidyanikethan Engineering College), Tirupati, India","2024 International Conference on Advances in Computing, Communication and Applied Informatics (ACCAI)","25 Jul 2024","2024","","","1","8","It is crucial to classify rice leaf diseases as accurately as possible. in the realm of agricultural administration. This paper presents a novel methodology for augmenting image data on rice leaf diseases by employing a Dual Generative Adversarial Network (GAN) framework. By utilising input image preprocessing techniques, our approach improves the dataset’s quality and diversity. After that, an architecture for a Convolutional Neural Network (CNN), specifically EfficientNetB4, is utilized for categorization tasks. The evaluation metrics include accuracy, F1 score, recall, and precision. To assess if the model is effective, we compile a detailed report on classification. The creation of a convolutional neural network (CNN) model is the primary objective. that can correctly categorize paddy leaf photos into nine different disease categories: normal leaf, bacterial panicle blight, blast, hispa, tungro, and bacterial leaf blight. Spread out throughout several categories, the 10,407 tagged photos that comprise the training sample also include other information like crop variety and age. With the goal of successfully classifying each image, the suggested model is evaluated using a separate dataset that contains 3,469 photos. Our method gets a high accuracy of 99% and performs well across several evaluation metrics. This implies that it might be helpful for classifying rice leaf diseases in agricultural applications.","","979-8-3503-8944-9","10.1109/ACCAI61061.2024.10602452","","https://ieeexplore.ieee.org/stamp/stamp.jsp?arnumber=10602452","Rice leaf diseases;Data augmentation;Dual GAN;EfficientNetB4;Convolutional Neural Network (CNN);Classification;Accuracy;F1 score;Recall;Precision etc","Training;Accuracy;Computational modeling;Crops;Generative adversarial networks;Convolutional neural networks;Reliability","","2","","12","IEEE","25 Jul 2024","9-10 May 2024","9-10 May 2024","IEEE","IEEE Conferences"
"AGANet: Attention-Guided Generative Adversarial Network for Corn Hyperspectral Images Augmentation","W. Zhang; Z. Li; G. Li; L. Zhou; W. Zhao; X. Pan","Postdoctoral Innovation Practice Base, and the Postdoctoral Workstation, Henan Bainong Seed Industry Company Ltd., and the School of Information Engineering, Institute of Computer Applications, Henan Institute of Science and Technology, Xinxiang, China; School of Information Engineering, Institute of Computer Applications, Henan Institute of Science and Technology, Xinxiang, China; School of Information Engineering, Institute of Computer Applications, Henan Institute of Science and Technology, Xinxiang, China; School of Information Engineering, Institute of Computer Applications, Henan Institute of Science and Technology, Xinxiang, China; School of Artificial Intelligence, Beijing University of Posts and Telecommunications, Beijing, China; School of Computer Science and Information Security, Guilin University of Electronic Technology, Guilin, China",IEEE Transactions on Consumer Electronics,"18 Aug 2025","2025","71","2","3683","3694","Hyperspectral imaging represents a spectral technique that facilitates the non-destructive detection of corn seeds. However, the application of deep learning techniques often necessitates a substantial volume of training data, a requirement that becomes challenging due to the limited availability of labeled hyperspectral images, a limitation imposed by equipment and labor costs. To overcome these challenges, this paper proposes an attention-guided generative adversarial network designed for data augmentation. By integrating an attention module and a classifier within the GAN framework, this approach enables the generator to produce hyperspectral samples with precise class labels from random noise and class labels as inputs. Additionally, the classifier establishes a linkage between the generated images and their corresponding labels, thereby reducing the necessity for extensive labeled datasets. Moreover, the incorporation of attention modules in both the generator and discriminator enhances the spatial feature extraction, resulting in more realistic sample production. The experimental outcomes confirm that the proposed methodology significantly elevates the resemblance of the generated hyperspectral corn images to actual images, thereby underscoring its potent generative capabilities.","1558-4127","","10.1109/TCE.2024.3470846","China Postdoctoral Science Foundation Project(grant numbers:2024M750747); Henan Provincial Science and Technology Research and Development Joint Foundation Project(grant numbers:235200810066); Postdoctoral Fellowship Program of CPSF(grant numbers:GZC20240163); Natural Science Foundation of Henan Province(grant numbers:242300420277); Key Research and Development Project of Henan Province(grant numbers:241111211800); Key Specialized Research and Development Program of Science and Technology in Henan Province(grant numbers:232102111127,242102210075,242102211048,242102211030,241111210100,242102210126,242102211096,242102211059,252102310045); ","https://ieeexplore.ieee.org/stamp/stamp.jsp?arnumber=10700792","Data augmentation;generating adversarial networks;corn seed;hyperspectral images","Hyperspectral imaging;Generators;Generative adversarial networks;Training;Seeds (agriculture);Consumer electronics;Diffusion models;Noise reduction;Deep learning","","21","","62","IEEE","30 Sep 2024","May 2025","","IEEE","IEEE Journals"
"Patch-Based Time-Series Anomaly Detection with Cross-Variable Attention","J. Son; S. Song; J. -G. Baek","Department of Industrial and Management Engineering, Korea University, Seoul, South Korea; Department of Industrial and Management Engineering, Korea University, Seoul, South Korea; Department of Industrial and Management Engineering, Korea University, Seoul, South Korea",2024 International Conference on Artificial Intelligence in Information and Communication (ICAIIC),"20 Mar 2024","2024","","","638","643","Modern manufacturing processes are influenced by smart factories, which collect data from multiple sensors in real time. However, detecting anomalies is challenging due to their irregular and complex patterns, often resulting in unreliable labeling that depends on the engineer's expertise. Moreover, in these processes, where sensors are interconnected, fluctuations in one variable can potentially influence subsequent variables. The proposed method uses cross-variable attention to reflect the relationship between variables at different time points. It also utilizes contrastive learning to extract a representation of only normal data that can be distinguished from anomalies without labels. Experimental results on multivariate time series data demonstrate that the proposed method outperforms existing models in anomaly detection.","2831-6983","979-8-3503-4434-9","10.1109/ICAIIC60209.2024.10463377","","https://ieeexplore.ieee.org/stamp/stamp.jsp?arnumber=10463377","Anomaly Detection;Cross-Variable Attention;Multivariate Time Series;Contrastive Learning","Manufacturing processes;Fluctuations;Time series analysis;Self-supervised learning;Learning (artificial intelligence);Real-time systems;Labeling","","","","19","IEEE","20 Mar 2024","19-22 Feb. 2024","19-22 Feb. 2024","IEEE","IEEE Conferences"
"PLANTED: A Dataset for Planted Forest Identification from Multi-Satellite Time Series","L. M. Pazos-Outón; C. N. Vasconcelos; A. Raichuk; A. Arnab; D. Morris; M. Neumann",Mineral AI; Google DeepMind; Google DeepMind; Google DeepMind; Google Research; Google DeepMind,IGARSS 2024 - 2024 IEEE International Geoscience and Remote Sensing Symposium,"5 Sep 2024","2024","","","7066","7070","Protecting and restoring forest ecosystems is critical for bio-diversity conservation and climate change mitigation. Forest monitoring on a global scale is essential for prioritizing and assessing conservation efforts. Satellite-based remote sensing is the only viable solution for providing global coverage, but to date, large-scale forest monitoring is limited mostly to single modalities or single time points. In this paper, we present a dataset consisting of data from five public satellites for recognizing forest plantations and planted tree species across the globe. Each satellite modality consists of a multi-year time series. The dataset, named ""Planted"" includes over 2M examples of 64 tree label classes (46 genera and 40 distinctive species), distributed among 41 countries. This dataset is released to foster research in forest monitoring using multimodal, multi-scale, multi-temporal data sources. Additionally, we present initial baseline results and evaluate modality fusion and data augmentation approaches for this dataset.","2153-7003","979-8-3503-6032-5","10.1109/IGARSS53475.2024.10641578","","https://ieeexplore.ieee.org/stamp/stamp.jsp?arnumber=10641578","Remote sensing;forests;machine learning;dataset","Satellites;Soft sensors;Prevention and mitigation;Time series analysis;Plantations;Forestry;Task analysis","","5","","13","IEEE","5 Sep 2024","7-12 July 2024","7-12 July 2024","IEEE","IEEE Conferences"
"Generative Modeling Techniques for Simulating Rare Agricultural Events on Prediction of Wheat Yield Production","Y. Dhumale; G. Bamnote; R. Kale; G. Sawale; A. Chaudhari; R. Karwa","Department of Computer Sciecnce & Engineering, P.R.M.I.T & R, Maharashtra, India; Department of Computer Sciecnce & Engineering, P.R.M.I.T & R, Maharashtra, India; Department of Computer Sciecnce & Engineering, P.R.M.I.T & R, Maharashtra, India; Department of Computer Sciecnce & Engineering, P.R.M.I.T & R, Maharashtra, India; Department of Computer Sciecnce & Engineering, P.R.M.I.T & R, Maharashtra, India; Department of Computer Sciecnce & Engineering, P.R.M.I.T & R, Maharashtra, India","2024 2nd DMIHER International Conference on Artificial Intelligence in Healthcare, Education and Industry (IDICAIEI)","20 Jan 2025","2024","","","1","5","Wheat yield prediction is key to food security and optimal resource use. In this paper, Generative AI is use for specifically GANs and VAEs, to predict wheat yield under different weather conditions, uses the crop yield prediction dataset from Kaggle which has temperature, rainfall and soil quality as parameters and build models that beat traditional statistical methods. By leveraging advanced AI models, such as Generative Adversarial Networks (GANs) and Variational Autoencoders (VAEs), the model generates synthetic data that mimics these rare occurrences. The GAN generates synthetic data that enriches the training set and improves prediction accuracy. The VAE captures the complex non-linear relationships between input features and output. The combination of both models gives us a robust framework for yield prediction. Experimental results shows that the GAN dataset gives 14% improvement over baseline models. VAE model gives 13% improvement on its own, showing its ability to handle the variability and complexity of agricultural data. This dual model approach is a big leap in agricultural analytics and will enable more robust and adaptive farming in the face of climate change.","","979-8-3315-2871-3","10.1109/IDICAIEI61867.2024.10842716","","https://ieeexplore.ieee.org/stamp/stamp.jsp?arnumber=10842716","Wheat Yield Prediction;Generative Adversarial Networks (GANs);Variational Autoencoders (VAEs)","Training;Adaptation models;Accuracy;Autoencoders;Machine learning;Predictive models;Generative adversarial networks;Data models;Complexity theory;Synthetic data;Crop yield;Climate change","","2","","11","IEEE","20 Jan 2025","29-30 Nov. 2024","29-30 Nov. 2024","IEEE","IEEE Conferences"
"LiquidGAN: Integrating Liquid Neural Networks and Neural ODEs for High-Fidelity Thermal Image Synthesis Under Data Scarcity","S. Sarath; J. J. Nair","Department of Computer Science and Engineering, Amrita School of Computing, Amrita Vishwa Vidyapeetham, Amritapuri, India; Department of Computer Science and Engineering, Amrita School of Computing, Amrita Vishwa Vidyapeetham, Amritapuri, India",IEEE Access,"2 Oct 2025","2025","13","","169758","169768","The growing importance of thermal imaging in a variety of fields, including medical diagnostics, security, and environmental monitoring, emphasizes the critical need for efficient deep learning models capable of analysing thermal data. The training of these algorithms is much limited by the absence of suitably annotated thermal imaging datasets. We propose LiquidGAN, a novel Generative Adversarial Network (GAN) architecture which integrates the Neural Ordinary Differential Equations (ODEs) and Liquid Neural Networks (LNNs) to address the scarcity of annotated thermal imaging datasets. LiquidGAN employs a fixed-step Runge-Kutta (RK4) solver to refine the latent representations, enabling continuous image transformations through an encoder-ODE-decoder generator. The LNN-based discriminator adaptively models the subtle, and the dynamic temperature features, hence improving the ability to distinguish the real images from synthetic images. By integrating ODE-driven liquid dynamics across both the generator and discriminator, LiquidGAN effectively captures the dynamic temperature variations while stabilizing adversarial training under the limited data conditions. Moreover, Automatic Mixed Precision (AMP) and gradient scaling are used in our work to further improve the computational efficiency. Experimental results on multiple thermal imaging datasets, including those related to surveillance, healthcare, and precision agriculture, suggest that LiquidGAN offers a promising direction for generating high-fidelity synthetic thermal images under data-constrained conditions.","2169-3536","","10.1109/ACCESS.2025.3612038","","https://ieeexplore.ieee.org/stamp/stamp.jsp?arnumber=11173655","Generative adversarial networks;liquid neural networks;neural ordinary differential equations;thermal imaging;data scarcity;data augmentation;continuous dynamics;mixed precision training","Training;Generators;Generative adversarial networks;Imaging;Liquids;Mathematical models;Data augmentation;Temperature distribution;Adaptation models;Image synthesis","","3","","23","CCBY","19 Sep 2025","2025","","IEEE","IEEE Journals"
"Mandarin Orange Anomaly Detection with Cycle-GAN","K. Noguchi; Y. Takemura; M. Tominaga; K. Ishii","Kyushu Institute of Technology, Fukuoka, Japan; Nishinippon Institute of Technology, Fukuoka, Japan; Nishinippon Institute of Technology, Fukuoka, Japan; Kyushu Institute of Technology, Fukuoka, Japan",2024 IEEE/SICE International Symposium on System Integration (SII),"9 Feb 2024","2024","","","644","649","In the agricultural field, many issues arose such as the decline of productivity due to population aging and the lack of new generations to replace the previous ones. Information and communication technology (ICT), the Internet of Things (IoT), and robotics are expected to provide solutions. Despite the enormous promise of these technologies, they are expensive to implement, require ongoing technical assistance, and have little affinity for the immediate demands of farmers. For example, when a new breed is improved, it is necessary to ask the developing company to outsource data analysis to identify defective new individuals. Therefore, the main objective of this study is to realize an economically viable and easily implementable smart agricultural system. For this purpose, interviews were conducted with actual farmers, and it became clear that even in the fruit sorting process, which is becoming increasingly automated, the burden on farmers with knowledge and skills is significant. In this study, we focus on mandarin oranges, which have the highest yield among Japanese oranges, to automate the identification of defective fruit, i. e. damaged or affected by a disease, which has been done by the human eye. In this study, an automatic fruit sorting system based on a conveyor belt mechanism was designed. The system performs fruit sorting using a CNN based on individual features derived from images, but since the number of images of defective individuals is far fewer than the number of images of good individuals, the system was supplemented by a Cycle-GAN. This integrated approach aims to alleviate labor intensity and enhance operational efficiency, thereby contributing to the promotion of smart agriculture.","2474-2325","979-8-3503-1207-2","10.1109/SII58957.2024.10417370","","https://ieeexplore.ieee.org/stamp/stamp.jsp?arnumber=10417370","Smart Agriculture;Mandarin Orange;Anomaly Detection;Cycle-GAN","Training data;System integration;Wounds;Information and communication technology;Internet of Things;Task analysis;Sorting","","6","","14","IEEE","9 Feb 2024","8-11 Jan. 2024","8-11 Jan. 2024","IEEE","IEEE Conferences"
"Spatio-Temporal Consistency for Multivariate Time-Series Representation Learning","S. Lee; W. Kim; Y. Son","Department of Industrial and Systems Engineering, Dongguk University, Seoul, Republic of Korea; Division of Future Convergence (HCI Science Major), Dongduk Women’s University, Seoul, Republic of Kore; Department of Industrial and Systems Engineering, Dongguk University, Seoul, Republic of Korea",IEEE Access,"1 Mar 2024","2024","12","","30962","30975","Label sparsity in multivariate time series (MTS) makes using label information for practical applications challenging. Thus, unsupervised representation learning methods have gained attention to learn effective representations suitable for various MTS tasks without relying on labels. Recently, contrastive learning has emerged as a promising approach to generate robust representations by capturing underlying MTS information. However, the existing methods have some limitations, such as insufficient consideration of cross-variable relationships of MTS and high sensitivity to positive pairs. Therefore, we proposed a novel spatio-temporal contrastive representation learning method (STCR) designed to address these limitations. STCR focuses on learning robust representations by encouraging spatio-temporal consistency, which comprehensively considers spatial information as well as temporal dependencies in MTS. The results of extensive experiments on MTS classification and forecasting tasks demonstrate the efficacy of STCR in generating high-quality representations, achieving state-of-the-art performance on both tasks.","2169-3536","","10.1109/ACCESS.2024.3369679","National Research Foundation of Korea (NRF); Ministry of Science and ICT (MSIT) of Korea(grant numbers:RS-2023-00208412,RS-2023-00239877); National Research Foundation of Korea (NRF); Ministry of Education(grant numbers:RS-2023-00271054); Korea Institute of Planning and Evaluation for Technology in Food, Agriculture, Forestry (IPET) through Smart Agri Products Flow Storage Technology Development Program; Ministry of Agriculture, Food and Rural Affairs (MAFRA) of Korea(grant numbers:322050-3); ","https://ieeexplore.ieee.org/stamp/stamp.jsp?arnumber=10445124","Contrastive learning;cross-variable relations;multivariate time series;representation learning;temporal dependency","Task analysis;Time series analysis;Representation learning;Self-supervised learning;Forecasting;Vectors;Transformers;Multivariate regression;Labeling;Spatiotemporal phenomena","","5","","47","CCBYNCND","26 Feb 2024","2024","","IEEE","IEEE Journals"
"V-FARM: Virtualized Farming Analytics for Smart Decision-Making","H. Mahmoud; M. Bell; N. Anderson; E. Cutter; C. Edwards; A. Aneiba; U. Daraz; D. Mi","College of Computing, Birmingham City University, Birmingham, United Kingdom; Animals and Agriculture Department, Hartpury University, Gloucester, UK; Business Development, Hartpury University, Gloucester, UK; Business Development, Hartpury University, Gloucester, UK; Business Development, Hartpury University, Gloucester, UK; College of Computing, Birmingham City University, Birmingham, United Kingdom; College of Computing, Birmingham City University, Birmingham, United Kingdom; College of Computing, Birmingham City University, Birmingham, United Kingdom",2025 IEEE 11th Conference on Big Data Security on Cloud (BigDataSecurity),"21 May 2025","2025","","","186","191","The welfare, productivity, and health of livestock are being impacted steadily by climate change and extreme weather events. For instance, it is predicted that heat stress will cause dairy cows in Southeast England to lose more than 170 kg of milk a year; in the hottest UK regions, this loss could increase to 1,300 kg per cow (18.6% of annual yield) by the 2090s. A solid foundation for evaluating environmental stress is presented in this paper. It is based on agro-environmental indices that are obtained from temperature and humidity data. To improve predictive capabilities, the proposed Virtualized Farming Analytics for Smart Decision-Making (V-Farm) system uses state-of-the-art synthetic data generation techniques, such as TCGAN and polynomial fitting. A novel approach to lessen the effects of thermal stress in precision livestock farming is to incorporate these indices into automated ventilation systems.","","979-8-3315-9510-4","10.1109/BigDataSecurity66063.2025.00034","Engineering and Physical Sciences Research Council; Innovate UK; Health; ","https://ieeexplore.ieee.org/stamp/stamp.jsp?arnumber=11006780","Heat stress;temperature-humidity index;livestock welfare;precision livestock farming","Climate change;Heat treatment;Temperature measurement;Humidity control;Indexes;Livestock;Precision agriculture;Decision making;Smart agriculture","","","","22","IEEE","21 May 2025","9-11 May 2025","9-11 May 2025","IEEE","IEEE Conferences"
"Instance-Level Image Translation With a Local Discriminator","M. Xu; J. Lee; A. Fuentes; D. S. Park; J. Yang; S. Yoon","Department of Electronics Engineering, JeonBuk National University, Jeonbuk, South Korea; Department of Electronics Engineering, JeonBuk National University, Jeonbuk, South Korea; Department of Electronics Engineering, JeonBuk National University, Jeonbuk, South Korea; Core Research Institute of Intelligent Robots, JeonBuk National University, Jeonbuk, South Korea; College of Artificial Intelligence, Tianjin University of Science and Technology, Tianjin, China; Department of Computer Engineering, Mokpo National University, Jeonnam, South Korea",IEEE Access,"13 Aug 2021","2021","9","","111802","111813","Instance-level image translation aims to only translate instance of interest and can be operated more finely and flexibly than object-level and holistic-level image translation. However, current algorithms are not suitable to do it since they employ a holistic or object level’s discriminator that tends to change the whole image or all instances. To address the issue, we propose a simple yet effective local discriminator, in which the input image is split into two parts, region of interest (ROI) and background. Instance mask is employed to align the ROI and the background is design to be random in a prior distribution to mitigate a divergence between the ROI and the background. In this way, we obtain translated instance with decent margins without artifacts as current algorithms get. Moreover we propose a new architecture to simultaneously realize versatile instance-level image translation. Experimental results prove that our proposed algorithm outperforms the state-of-the-art in position accuracy and background retainment by a clear margin.","2169-3536","","10.1109/ACCESS.2021.3102263","Basic Science Research Program through the National Research Foundation of Korea (NRF) by the Ministry of Education(grant numbers:2019R1A6A1A09031717); NRF through the Ministry of Science and ICT (MSIT)(grant numbers:2020R1A2C2013060); Korea Institute of Planning and Evaluation for Technology in Food, Agriculture and Forestry (IPET) through the Smart Farm Innovation Technology Development Program by the Rural Development Administration (RDA) and MSIT and the Ministry of Agriculture, Food and Rural Affairs (MAFRA)(grant numbers:421027-04); ","https://ieeexplore.ieee.org/stamp/stamp.jsp?arnumber=9505697","Image translation;local discriminator;generative adversarial network","Generators;Generative adversarial networks;Feature extraction;Image synthesis;Training data;Semantics","","3","","39","CCBY","3 Aug 2021","2021","","IEEE","IEEE Journals"
"Perspective and Attribute-Based Self-Supervised Conditional GAN for Few-Shot Bolt Defect Image Generation and Classification","K. Zhang; Y. Xiao; J. Wang; X. Sheng; Z. Zheng; C. Shi; Z. Zhao","Department of Electronic and Communication Engineering, North China Electric Power University, Baoding, China; School of Electrical and Electronic Engineering, North China Electric Power University, Beijing, China; Department of Computer Science and Software Engineering, Monmouth University, West Long Branch, NJ, USA; School of Electrical and Electronic Engineering, North China Electric Power University, Beijing, China; School of Electrical and Electronic Engineering, North China Electric Power University, Beijing, China; Department of Electronic and Communication Engineering, North China Electric Power University, Baoding, China; Department of Electronic and Communication Engineering, North China Electric Power University, Baoding, China",IEEE Transactions on Power Delivery,"23 Jan 2026","2026","41","1","200","211","The scarcity of bolt defect samples in transmission lines presents significant challenges for classification and detection tasks. To address this issue, this paper proposes a Perspective and Attribute-based Self-supervised Conditional Generative Adversarial Network, aiming to enhance the generative capability of few-shot bolt defect images. First, a label generator based on Contrastive Language-Image Pre-training is proposed for automatic bolt perspective division, which autonomously assigns perspective labels to a bolt dataset to alleviate the issue of visual discrepancies. Then, the perspective and attribute information as conditional guides in the generator is introduced to increase the controllability of generation, and a Residual Skip-Layer Excitation is proposed to enhance the gradient information flow. Finally, the U-Net Self-supervised Reconstruction Discriminator is proposed, and a unique local cropping technique named Shape-crop is designed specifically for T-shaped bolts, thereby enhancing the bolts’ feature extraction capability and texture detail generation ability. We constructed a few-shot bolt defect dataset and conducted experiments on it. The experimental results indicate that the method proposed in this paper can generate high-quality bolt defect images and assist in enhancing the accuracy of bolt defect classification, which validates the effectiveness of the methodology presented herein.","1937-4208","","10.1109/TPWRD.2025.3625169","National Natural Science Foundation of China(grant numbers:62076093,61871182,62206095); Fundamental Research Funds for the Central Universities(grant numbers:2022MS078,2023JG002,2023JC006); Science and Technology (S&T) Program of Hebei(grant numbers:SZX2020034); ","https://ieeexplore.ieee.org/stamp/stamp.jsp?arnumber=11217242","Generating adversarial networks;bolt defect classification;bolt perspective;data augmentation","Fasteners;Generative adversarial networks;Training;Image synthesis;Noise reduction;Generators;Visualization;Power transmission lines;Diffusion models;Image reconstruction","","","","36","IEEE","24 Oct 2025","Feb. 2026","","IEEE","IEEE Journals"
"Effect of Synthetic Data Augmentation on Plant Classification Accuracy Using MobileNetV2, EfficientNet-B0, and ResNet-18","F. B. Pasaribu; L. J. E. Dewi; K. Y. E. Aryanto; P. Varnakovida","Computer Science, Universitas Pendidikan Ganesha, Singaraja Bali, Indonesia; Computer Science, Universitas Pendidikan Ganesha, Singaraja Bali, Indonesia; Computer Science, Universitas Pendidikan Ganesha, Singaraja Bali, Indonesia; Faculty of Science, King Mongkut's University of Technology Thonburi, Thailand",2025 IEEE 5th International Conference on Software Engineering and Artificial Intelligence (SEAI),"14 Aug 2025","2025","","","1","6","The classification of agricultural crops such as cassava, corn, rice, and sugarcane is crucial for efficient data collection and decision-making. However, the limited availability of labeled images poses a significant challenge in training deep learning models effectively. This study investigates the effect of synthetic data augmentation using Deep Convolutional Generative Adversarial Networks (DCGAN) and Wasserstein GAN with Gradient Penalty (WGAN-GP) on plant classification accuracy. The original dataset contained only 245 images, which were augmented using GANs to increase data diversity. Three convolutional neural networks—MobileNetV2, EfficientNet-B0, and ResNet-18—were trained on three dataset variations: the original dataset, a combination of original and synthetic images, and a fully synthetic dataset. Experimental results reveal that the use of GAN-generated data, particularly from DCGAN, negatively impacted classification accuracy due to artifacts and inconsistencies in the synthetic images. Despite achieving lower Frechet Inception Distance (FID) scores, DCGAN-generated images introduced distortions that reduced model performance. WGAN-GP produced more visually realistic images but still failed to improve classification accuracy. The highest accuracy of 97.37% was achieved using only the original dataset, while models trained with GAN-augmented datasets experienced performance degradation. These findings emphasize that when the amount of real data is limited, low-quality synthetic images can further degrade model performance rather than improving it. Future research should focus on enhancing the quality of GAN-generated images and exploring hybrid augmentation techniques for small datasets.","","979-8-3315-1361-0","10.1109/SEAI65851.2025.11108883","","https://ieeexplore.ieee.org/stamp/stamp.jsp?arnumber=11108883","agriculture;augmentation;image classification;DCGAN;synthetic dataset","Training;Degradation;Accuracy;Noise;Generative adversarial networks;Distortion;Data models;Synthetic data;Software engineering;Image classification","","","","35","IEEE","14 Aug 2025","20-22 June 2025","20-22 June 2025","IEEE","IEEE Conferences"
"DSLS-PET: Unsupervised Deep Generative Simulator for Realistic PET Lesions Synthesis","I. Shiri; A. Sanaat; M. Amini; G. Hajianfar; Z. Mansouri; A. Saberi; Y. Salimi; H. Zaidi","Department of Medical Imaging, Division of Nuclear Medicine and Molecular Imaging, Geneva University Hospital, Geneva 4, Switzerland; Department of Medical Imaging, Division of Nuclear Medicine and Molecular Imaging, Geneva University Hospital, Geneva 4, Switzerland; Department of Medical Imaging, Division of Nuclear Medicine and Molecular Imaging, Geneva University Hospital, Geneva 4, Switzerland; Rajaie Cardiovascular, Medical & Research Center, Iran University of Medical Science, Tehran, Iran; Department of Medical Imaging, Division of Nuclear Medicine and Molecular Imaging, Geneva University Hospital, Geneva 4, Switzerland; Department of Medical Imaging, Division of Nuclear Medicine and Molecular Imaging, Geneva University Hospital, Geneva 4, Switzerland; Department of Medical Imaging, Division of Nuclear Medicine and Molecular Imaging, Geneva University Hospital, Geneva 4, Switzerland; Department of Medical Imaging, Division of Nuclear Medicine and Molecular Imaging, Geneva University Hospital, Geneva 4, Switzerland",2022 IEEE Nuclear Science Symposium and Medical Imaging Conference (NSS/MIC),"26 Jan 2024","2022","","","1","3","Owing to the partial volume effect, low resolution, and noisy nature, defining a ground truth of lesion boundary is highly challenging. Different approaches, such as analytical and Monte Carlo-based methods, have been developed to simulate PET images. However, simplifying the tumor environment and highly time-consuming processes is the burden of these approaches. Therefore, a dedicated, fast, and flexible tool for realistic tumor generation is highly demanded. In this study, we aimed to build a deep generative adversarial-based simulator for realistic tumor generation for PET images. We enrolled PET/CT images of 328 histologically proven head and neck cancer patients. Primary tumors were performed on PET/CT images. In this study, we implemented a cycle generative adversarial network (C-GAN) as the core of the deep learning model. C-GAN consisted of two cycles of forward and backward, each composed of a generator and discriminator. In addition, various data augmentation techniques were implemented, including flipping, left/right, elastic deformation, and random cropping. The training was performed in unpaired and unsupervised approaches to increase the size of the dataset from a thousand to a million unpaired images. The training was performed in a 2D fashion. We evaluated models on 20% of the test set using structural similarity index (SSIM) and Peak signal noise ratio (PSNR). Model performance metrics using paired data used ground truth mask as inputs were 0.99 and 35.23 dB for SSIM and PSNR, respectively. Generated images are well-matched with original lesions concerning uptake distribution and tumor heterogeneity. The generated tumor could be incorporated with other normal patient images to synthesize ground truth images for image processing tasks, such as providing real ground truth for PET o, age segmentation, or data augmentation for deep learning model training.","2577-0829","978-1-6654-8872-3","10.1109/NSS/MIC44845.2022.10399057","National Science Foundation; University Hospitals; ","https://ieeexplore.ieee.org/stamp/stamp.jsp?arnumber=10399057","GAN;PET;Simulation","Training;Deep learning;PSNR;Data augmentation;Data models;Lesions;Task analysis","","","","20","IEEE","26 Jan 2024","5-12 Nov. 2022","5-12 Nov. 2022","IEEE","IEEE Conferences"
"RacPixGAN: An Enhanced Sketch-to-Face Synthesis GAN Based on Residual modules, Multi-Head Self-Attention Mechanisms, and CLIP Loss","Y. Wang; Y. Xie; X. Ji; Z. Liu; X. Liu","College of Computer and Information Sciences, Fujian Agriculture and Forestry University, Fuzhou, China; College of Computer and Information Sciences, Fujian Agriculture and Forestry University, Fuzhou, China; College of Computer and Information Sciences, Fujian Agriculture and Forestry University, Fuzhou, China; College of Computer and Information Sciences, Fujian Agriculture and Forestry University, Fuzhou, China; College of Computer and Information Sciences, Fujian Agriculture and Forestry University, Fuzhou, China",2023 4th International Conference on Electronic Communication and Artificial Intelligence (ICECAI),"13 Jul 2023","2023","","","336","342","In this paper, we present an enhanced model to overcome the drawbacks of the traditional Pix2pix GAN (Image-to-Image Translation with Conditional Adversarial Networks) in generating performance for sketch-to-face synthesis. This model integrates residual modules and multi-head self-attention mechanisms. Additionally, to enhance the model’s generative capabilities in sketch-to-face synthesis tasks, we introduce a brand-new loss function called CLIP (Contrastive Language-Image Pretraining) Loss. We begin by providing a comprehensive overview of the key theories and techniques for our model. Then, we empirically test the upgraded model and contrast it with the traditional Pix2pix GAN. The experimental outcomes demonstrate that the new model significantly outperforms the traditional Pix2pix GAN in terms of generating performance for sketch-to-face synthesis tasks, supporting the idea that adding residual modules and multi-head self-attention mechanisms can significantly improve the generator’s performance in such tasks. The addition of CLIP Loss has also been shown to improve the quality of image generation.","","979-8-3503-1449-6","10.1109/ICECAI58670.2023.10176715","Natural Science Foundation of Fujian Province; ","https://ieeexplore.ieee.org/stamp/stamp.jsp?arnumber=10176715","Generative Adversarial Networks (GANs);CLIP Loss;Residual Modules;Multi-Head Self-Attention Mechanisms;Sketch-to-Face Synthesis","Training;Image synthesis;Generative adversarial networks;Feature extraction;Data augmentation;Data models;Data mining","","2","","14","IEEE","13 Jul 2023","12-14 May 2023","12-14 May 2023","IEEE","IEEE Conferences"
"Data Augmentation on Plant Leaf Disease Image Dataset Using Image Manipulation and Deep Learning Techniques","J. Arun Pandian; G. Geetharamani; B. Annette","Dept. of Computer Science and Engineering, M.A.M. College of Engg. & Tech., Tiruchirappalli, India; Dept. of Mathematics, University College of Engineering, Anna University - BIT Campus, Tiruchirappalli, India; Dept. of Management Studies, M.A.M. College of Engg. & Tech., Tiruchirappalli, India",2019 IEEE 9th International Conference on Advanced Computing (IACC),"30 Jan 2020","2019","","","199","204","A large volume of data will increase the performance of machine learning algorithms and avoid overfitting problems. Collecting a large amount of training data in the agricultural field for designing plant leaf disease detection and diagnosis model is a highly challenging task which takes more time and resources. Data augmentation increases the diversity of training data for machine learning algorithms without collecting new data. In this article, augmented plant leaf disease datasets was developed using basic image manipulation and deep learning based image augmentation techniques such as Image flipping, cropping, rotation, color transformation, PCA color augmentation, noise injection, Generative Adversarial Networks (GANs) and Neural Style Transfer (NST) techniques. Performance of the data augmentation techniques was studied using state-of-the-art transfer learning techniques, for instance, VGG16, ResNet, and InceptionV3. An extensive simulation shows that the augmented dataset using GAN and NST techniques achieves better accuracy than the original dataset using a basic image manipulation based augmented dataset. Furthermore, a combination of Deep learning, Color, and Position augmentation dataset gives the maximum classification performance than all other datasets.","2473-3571","978-1-7281-4392-7","10.1109/IACC48062.2019.8971580","","https://ieeexplore.ieee.org/stamp/stamp.jsp?arnumber=8971580","Data augmentation;Deep Learning;Generative Adversarial Networks;Image manipulation;Neural Style Transfer","Deep learning;Machine learning algorithms;Image color analysis;Transfer learning;Training data;Data augmentation;Generative adversarial networks;Neural style transfer;Image augmentation;Diseases","","47","","35","IEEE","30 Jan 2020","13-14 Dec. 2019","13-14 Dec. 2019","IEEE","IEEE Conferences"
"An Adaptive Deep Learning Framework for Prediction of Agricultural Yield","K. R. Rao; M. Swapna Kumari; R. Eklarker; P. C. Shaker Reddy; K. Muley; V. K. Burugari","Electronics and Communication Engineering, Geethanjali College of Engineering and Technology, Hyderabad, Telangana, India; Department of CSE(AIML &IoT), Vallurupalli Nageswara Rao Vignana Jyothi Institute of Engineering and Technology, Hyderabad, India; Department of AI &DS, Vardhaman College of Engineering, Hyderabad, Telangana, India; School of Computer Science and Artificial Intelligence, SR University, Warangal, Telangana, India; Master of Computer Applications, Bharati Vidyapeeth's Institute of Management and Information Technology, Navi Mumbai, India; Computer Science and Engineering, Koneru Lakshmaiah Education Foundation, Vaddeswaram, Andhra Pradesh, India",2024 International Conference on Integrated Circuits and Communication Systems (ICICACS),"18 Apr 2024","2024","","","1","6","Agriculture and its large yields are vital to human survival. Recently, machine learning and deep learning have been applied to determine agricultural output. This study estimated apple production utilizing a unique deep-learning(DL)-based technique. A study-designed convolutional neural network (CNN) classified golden and royal gala apple photos. Classifying CNN-extracted pictures with traditional machine-learning(ML) methods was a hybrid application. Datasets A is used to evaluate the performance of the proposed model. Based on Dataset A accuracy findings, the CNN-SVM hybrid model performed best. CNN-SVM and CNN-Gradient Boosting hybrid models performed best and accurately for Dataset A. The more balanced distribution of train, test, and validation sizes, the suggested hybrid CNN model, and the model's assessment made dataset C the best choice. The hybrid model was 99.70% accurate for Dataset A. Precision, recall, f-measure, and Cohen kappa were 99%. The study found that hybrid models could accurately predict apple fruit yield using golden and royal gala photos.","","979-8-3503-1755-8","10.1109/ICICACS60521.2024.10498465","","https://ieeexplore.ieee.org/stamp/stamp.jsp?arnumber=10498465","Yield-Prediction;DL;Ensemble-Methods;ML;Smart-farms","Deep learning;Adaptation models;Communication systems;Production;Predictive models;Prediction algorithms;Generative adversarial networks","","7","","26","IEEE","18 Apr 2024","23-24 Feb. 2024","23-24 Feb. 2024","IEEE","IEEE Conferences"
"Finding the Truth From Uncertain Time Series by Differencing","J. Sun; D. Zhou; B. Jiang","Huaiyin Institute of Technology, Huaian, China; Huaiyin Institute of Technology, Huaian, China; Huaiyin Institute of Technology, Huaian, China",IEEE Open Journal of the Computer Society,"3 Nov 2023","2023","4","","303","313","Time series data is ubiquitous and of great importance in real applications. But due to poor qualities and bad working conditions of sensors, time series reported by them contain more or less noises. To reduce noise, multiple sensors are usually deployed to measure an identical time series and from these observations the truth can be estimated, which derives the problem of truth discovery for uncertain time series data. Several algorithms have been proposed, but they mainly focus on minimizing the error between the estimated truth and the observations. In our study, we aim at minimizing the noise in the estimated truth. To solve this optimization problem, we first find out the level of noise produced by each sensor based on differenced time series, which can help estimating the truth wisely. Then, we propose a quadratic optimization model to minimize the noise of the estimated truth. Further, a post process is introduced to refine the result by iteration. Experimental results on both real world and synthetic data sets verify the effectiveness and efficiency of our proposed methods, respectively.","2644-1268","","10.1109/OJCS.2023.3326150","National Natural Science Foundation of China(grant numbers:62002131); Shuangchuang Ph.D award (from World Prestigious Universities) of Jiangsu Province(grant numbers:JSSCBS20211179); ","https://ieeexplore.ieee.org/stamp/stamp.jsp?arnumber=10288191","Differencing;optimization;time series;truth discovery","Time series analysis;Sensors;Soft sensors;Hidden Markov models;Reliability;Intelligent sensors;Data models","","1","","30","CCBYNCND","19 Oct 2023","2023","","IEEE","IEEE Journals"
"Exploitation of ARIMA and Annual Variations Model for SAR Interferometry Over Permafrost Scenarios","W. Yu; X. Cheng; M. Jiang","School of Geospatial Engineering and Science, Sun Yat-sen University, Guangzhou, China; School of Geospatial Engineering and Science, Sun Yat-sen University, Guangzhou, China; School of Geospatial Engineering and Science, Sun Yat-sen University, Guangzhou, China",IEEE Journal of Selected Topics in Applied Earth Observations and Remote Sensing,"9 Apr 2025","2025","18","","8938","8952","The temperature change is expected to induce nonlinear characteristics in the annual fluctuation of permafrost. The interferometric synthetic aperture radar (InSAR) technique has demonstrated its efficacy in capturing such variations by monitoring surface deformation over time. However, turbulent atmospheric phase noise often requires spatiotemporal filtering, resulting in a loss of temporal resolution for nonlinear signals. Furthermore, the influence of interannual temperature variations on annual freeze–thaw cycles has not been fully integrated into InSAR modeling thus far. In this study, we propose a methodology to enhance the effectiveness of InSAR time-series analysis in permafrost environments. Diverging from conventional filtering methods where the temporal resolution loss depends on the size of the convolution kernel, we introduce the autoregressive integrated moving average model to extract the nonlinear deformation signal component. Additionally, we derive parameters associated with annual variations from the time-series deformation data during InSAR permafrost modeling. Through synthetic data experiments incorporating various noise delays, we observe a considerable improvement in accuracy, ranging from 27.8% to 55.3% in nonlinear time-series deformation analysis. Leveraging Sentinel-1 datasets from 2017 to 2021 alongside ground truth data from northern Alaska, we ascertain an enhancement of over 22% in the accuracy of time-series deformation estimation. Furthermore, incorporating annual variations enhances the accuracy of active layer thickness estimation. Our methodology reveals a strong correlation between residual deformations and soil moisture content, shedding light on the pivotal role of soil moisture in permafrost thawing processes.","2151-1535","","10.1109/JSTARS.2025.3550748","National Natural Science Foundation of China(grant numbers:42474024,42074008); Basic and Applied Basic Research Foundation of Guangdong Province(grant numbers:2024A1515012507); ","https://ieeexplore.ieee.org/stamp/stamp.jsp?arnumber=10923631","Autoregressive integrated moving average (ARIMA);freeze–thaw process;interferometric synthetic aperture radar (InSAR);permafrost;soil moisture content","Deformation;Permafrost;Deformable models;Filtering;Noise;Spatiotemporal phenomena;Autoregressive processes;Synthetic aperture radar;Soil moisture","","3","","55","CCBY","11 Mar 2025","2025","","IEEE","IEEE Journals"
"Zero-Shot Transfer Learning Framework for Plant Leaf Disease Classification","R. Satya Rajendra Singh; R. K. Sanodiya","Indian Institute of Information Technology Sri City, Sri City, Chittoor, India; Indian Institute of Information Technology Sri City, Sri City, Chittoor, India",IEEE Access,"25 Dec 2023","2023","11","","143861","143880","Agriculture’s pivotal role in sustaining livelihoods and driving economic growth is widely recognized, yet various challenges like the adverse effects of climate change and limited resource availability hinder its productivity. Notably, plants are susceptible to various viruses and bacteria, impacting yield and food security. The emergence of deep learning, particularly convolutional neural networks (CNNs), has transformed agriculture by facilitating tasks such as disease detection. However, a significant challenge arises from the often unrealistic assumption that training and testing data share the same distribution. To address this, domain adaptation and transfer learning techniques have been employed, bridging the gap between different data distributions. Therefore, a novel framework named ‘Zero-Shot Transfer Learning’ is introduced. This addresses the challenge of improving classifier performance when trained on a source domain with different classes and tested on a target domain, exemplified by tomato and potato datasets. More specifically, in this framework, we include different CNN models along with techniques such as data augmentation, synthetic data generation, and robust discriminative losses, enhancing classifier performance in zero-shot scenarios. Extensive experiments on plant leaf disease classification under the zero-shot Transfer Learning assumption demonstrate the superiority of the proposed framework for effective disease classification. Ultimately, this framework holds the potential to promote crop yield optimization and ensure food security.","2169-3536","","10.1109/ACCESS.2023.3343759","","https://ieeexplore.ieee.org/stamp/stamp.jsp?arnumber=10363182","Agriculture;classification;deep learning;zero-shot transfer learning;disease identification","Transfer learning;Task analysis;Support vector machines;Agriculture;Training;Image segmentation;Feature extraction;Classification algorithms;Deep learning;Diseases;Zero-shot learning;Economics;Market research;Climate change","","37","","111","CCBY","18 Dec 2023","2023","","IEEE","IEEE Journals"
"Deep Learning–Driven Tea Leaf Disease Detection Using Convolutional and Adversarial Networks","N. Bhaskar; S. H. Barshikar; V. K S; K. E. Prakash; A. K P","Department of AI&DS, Nitte (Deemed to be University) NMAM Institute of Technology, Nitte, India; Department of E & TC, Sinhgad College of Engineering, Pune, India; Department of Civil Engineering, Alvas Institute of Engineering and Technology, Moodubidire, India; Shree Devi Institute of Technology, Mangalore, India; Department of CSE, Shri Madhwa Vadiraja Institute of Technology and Management",2026 7th International Conference on Inventive Research in Computing Applications (ICIRCA),"23 Jun 2026","2026","","","1293","1298","The conventional method of visually inspecting tea crops is time-consuming, requires human judgement, and is unsuitable for large scale tea plantations. This paper proposes a deep learning automated framework to detect tea leaf diseases using Convolutional Neural Networks (CNN) combined with Generative Adversarial Networks (GAN). The GAN will provide realistic synthetic images to augment the training set; this is an effective approach to addressing class imbalance and improve the generalization of the model. The study finds that the CNN captures the discriminatory spatial characteristics of the tea leaf images and classifies the leaf images into three categories of diseases. The framework’s classification results indicate an overall accuracy of 97.6%, precision of 96.9%, recall of 97.8%, F1 score of 97.3%, and specificity of 97.1%. The study also finds that the proposed CNN-GAN framework greatly improves the robustness and classification accuracy of tea disease detection compared to traditional CNN, ResNet-50, Inception-v3 and EfficientNet-B3. Additionally, the proposed CNN-GAN framework provides efficient inference time which can be employed in real-life applications and highlight GAN assisted deep learning methods for achieving accurate results at low cost.","","979-8-3315-5940-3","10.1109/ICIRCA69024.2026.11570371","","https://ieeexplore.ieee.org/stamp/stamp.jsp?arnumber=11570371","Tea leaf disease;neural network;generative adversarial network;deep learning;image classification;precision agriculture","Modeling;Convolutional neural networks;Diseases;Generative adversarial networks;Training;Printing;Signal detection;Accuracy;Deep learning;Data augmentation","","","","17","IEEE","23 Jun 2026","3-5 June 2026","3-5 June 2026","IEEE","IEEE Conferences"
"Cycle-Consistent Generative Adversarial Network Augmented MobileNetV3 for Robust Grape Leaf Disease Classification","S. Aghabalayev; Y. Liu; Y. Tang; R. Ji","Faculty of Electronic Information Engineering, Huaiyin Institute of Technology, Huai'an, China; Faculty of Management Engineering, Huaiyin Institute of Technology, Huai'an, China; Faculty of Electronic Information Engineering, Huaiyin Institute of Technology, Huai'an, China; Faculty of Electronic Information Engineering, Huaiyin Institute of Technology, Huai'an, China",2024 IEEE International Conference on Cognitive Computing and Complex Data (ICCD),"28 Jan 2025","2024","","","47","52","Automating grape leaf disease classification is essential for reducing economic losses in agriculture. Traditional manual inspection methods are slow and subjective, underscoring the need for efficient machine learning solutions. This paper presents a novel system combining Generative Adversarial Networks (GANs) and Convolutional Neural Networks (CNNs) to improve grape leaf disease classification. GANs generate synthetic images of grape leaves at different disease stages, expanding the dataset for enhanced model generalization. A CNN, specifically MobileNetV3Large, is then applied to classify diseases using attention mechanisms to capture intricate patterns. The system was evaluated on a dataset of 5237 images representing five diseases (black rot, downy mildew, mosaic virus, black measles, and leaf blight) and healthy leaves. Compared to ResNet50, VGG16, EfficientNet, DenseNet, and ResNeXt, the proposed system achieved superior performance with an accuracy of 95.6%, precision of 94.3%, recall of 95.1%, and an F1 score of 94.7%, demonstrating its effectiveness for automated grape leaf disease detection.","","979-8-3503-5289-4","10.1109/ICCD62811.2024.10843461","","https://ieeexplore.ieee.org/stamp/stamp.jsp?arnumber=10843461","Leaf Disease Detection;Deep Learning;ResNet50;VGG16;EfficientNet;MobileNet;DenseNet;ResNeXt Models","Economics;Accuracy;Computational modeling;Pipelines;Generative adversarial networks;Feature extraction;Data augmentation;Data models;Convolutional neural networks;Diseases","","","","19","IEEE","28 Jan 2025","28-30 Sept. 2024","28-30 Sept. 2024","IEEE","IEEE Conferences"
"Fresh Concrete Image Data Set Development Using Data Augmentation Algorithm as Building Concrete Compression Identification Reference","T. Handayani; S. A. Sudiro; R. Andayani; S. Madenda","Information Technolgy Doctoral, Gunadarma University, Depok, Indonesia; MTI Magister, STMIK Jakarta STI&K, Jakarta, Indonesia; Civil Engineering, Gunadarma University, Depok, Indonesia; Information Technolgy Doctoral, Gunadarma University, Depok, Indonesia",2022 IEEE International Conference of Computer Science and Information Technology (ICOSNIKOM),"13 Feb 2023","2022","","","1","6","Image is one of the most important multimedia data that is widely used in information technology. Information can be represented by image and human eye can analyze and interpret the information in accordance with the objective. In the field of civil engineering, image processing is used to help identify and classify concrete quality classes based on a collection of concrete image data as in this study, namely classifying the concrete compressive strength in 3 qualities fc 22.83 Mpa, fc 24.90 Mpa and fc 26.98 Mpa. The purpose of this study is to develop a concrete image data set with data augmentation because in image processing, an adequate data set is needed so that machine learning can do learning on training data and model the data set perfectly. The method used in developing this data set uses augmentation data, which is a series of techniques or methods that increase the size and higher quality of the training data so that algorithm modeling using Neural Networks can be built better than 45 concrete images with 3 concrete quality classes. The types of data augmentation used are color augmentation with Contrast and position augmentation with re-scale, rotate, translation and flip. The results of each augmentation process produce 90 images of each concrete quality so that the total data set obtained is 270 concrete images. This data set will be used to build a compressive strength of concrete identification algorithm using GLRLM and obtain a compressive strength of concrete classification algorithm using a Neural Network.","","979-8-3503-9907-3","10.1109/ICOSNIKOM56551.2022.10034902","","https://ieeexplore.ieee.org/stamp/stamp.jsp?arnumber=10034902","Concrete image;data set;Neural Network;augmentation","Image coding;Machine learning algorithms;Image color analysis;Neural networks;Training data;Machine learning;Concrete","","","","12","IEEE","13 Feb 2023","19-21 Oct. 2022","19-21 Oct. 2022","IEEE","IEEE Conferences"
"Interactive AI Training Agent for Tomato Farmers: A GenAI and LLM driven Approach to Agriculture 4.0","G. S; P. T. C.","Dept. of Computer Science and Engineering, Siddaganga Institute of Technology, Tumkur, India; Dept. of Computer Science and Engineering, Siddaganga Institute of Technology, Tumkur, India",2025 International Conference On Emerging Computation and Information Technologies (ICECIT),"30 Mar 2026","2025","","","1","6","Agriculture in developing regions continues to face challenges of limited access to timely, localized, and expert guidance. Traditional advisory systems often lack scalability, personalization, and contextual relevance. Advances in Artificial Intelligence (AI), particularly Generative AI (GenAI), Large Language Models (LLMs), and autonomous agents, provide opportunities for more adaptive solutions. This paper proposes an Interactive Training Agent for Tomato Farmers that combines multimodal interfaces, retrieval-augmented generation, and AI-driven modules for disease detection, soil analytics, and predictive insights. It is multimodal voice, text and image and edge deployed, which makes it reliable in rural areas and achieved 98% detection accuracy on different tomato leaf diseases. The framework belongs to Agriculture 4.0 that is supposed to improve the decision-making process of farmers, reduce crop losses, and produce tomatoes sustainably.","","979-8-3315-6865-8","10.1109/ICECIT67774.2025.11451172","","https://ieeexplore.ieee.org/stamp/stamp.jsp?arnumber=11451172","AI;GenAI;LLM;AI agents;Tomato plant;Agriculture","Training;Weather;Accuracy;Image edge detection;Scalability;Soil;Speech enhancement;Reliability;Artificial intelligence;Diseases","","","","20","IEEE","30 Mar 2026","19-20 Dec. 2025","19-20 Dec. 2025","IEEE","IEEE Conferences"
"A Hybrid GAN-CNN Approach for Predicting Tomato Leaf Diseases","K. A; K. S","Department of computer Science, Karpagam Academy of Higher Education, Deemed to be University, Coimbatore; Department of computer Science, Karpagam Academy of Higher Education, Deemed to be University, Coimbatore",2025 9th International Conference on Inventive Systems and Control (ICISC),"13 Oct 2025","2025","","","1","7","Plant diseases significantly impact globparticularly tomato crops, leading to reduced yields and market instability. Timely and accurate disease detection is crucial for minimizing crop loss and selecting effective treatments. However, conventional manual evaluations are slow, subjective, and prone to errors due to overlapping symptoms and environmental factors. AI-driven deep learning enables automated detection by extracting features autonomously. Research highlights various detection techniques, including CNNs, GANs, YOLOv6, MobileNet, PCA-DeepNet, and hybrid models like CNN-SVM and GAN-Augmented Learning. CNNs outperform SVM and DT models, offering higher precision, recall, and generalization. Classification accuracy improves with data augmentation, multimodal feature integration, and saliency detection. Despite their advantages, deep learning models face challenges such as data dependency, high resource demands, and difficulty distinguishing similar diseases. Studies suggest GAN-based synthetic data generation and transfer learning can mitigate these limitations. Future research should enhance model interpretability, real-world applicability, and IoT integration for real-time crop health monitoring.","","979-8-3315-1247-7","10.1109/ICISC65841.2025.11188346","","https://ieeexplore.ieee.org/stamp/stamp.jsp?arnumber=11188346","Disease;Automated detection;Accurate;PCA-DeepNet;IoT","Deep learning;Plant diseases;Accuracy;Transfer learning;Crops;Feature extraction;Real-time systems;Monitoring;Synthetic data;Saliency detection","","1","","21","IEEE","13 Oct 2025","12-13 Aug. 2025","12-13 Aug. 2025","IEEE","IEEE Conferences"
"Deep Neural Network‐Based Multi‐Class Image Classification for Plant Diseases","A. Negi; K. Kumar; P. Chauhan","Department of Computer Science and Engineering, National Institute of Technology, Srinagar, India; Department of Computer Science and Engineering, National Institute of Technology, Srinagar, India; College of Technology, G.B. Pant University of Agriculture and Technology, Pantnagar, India",Agricultural Informatics: Automation Using the IoT and Machine Learning,"","2021","","","117","129","Summary <p>Recognition of plant disease is significantly a difficult challenge in agriculture farming field. Faster and more accurate prediction of leaf diseases in plants will help to improve crop production and market value in an effective management strategy while dramatically reducing environmental damage. Disease detection in plant needs a lot hard work, knowledge of all plant diseases with more processing time. Hence, plant disease recognition is the majority promising approach in agriculture, which is attracting significant attention in both the farming and computer communities. Therefore, in this paper we describe Deep Convolutional Neural Network (CNN) model to care for farming by identifying leaf disease that help in growing up the healthy plants. We apply CNN techniques on large agricultural plant dataset for accurate detection of plant leaves diseases.</p>","","9781119769224","10.1002/9781119769231.ch6","","https://ieeexplore.ieee.org/xpl/ebooks/bookPdfWithBanner.jsp?fileName=10953890.pdf&bkn=10950313&pdfType=chapter","","Sign language;Assistive technologies;Translation;Sensors;Sensor systems;Image recognition;Hands;Videos;Feature extraction;Hidden Markov models","","3","","","","8 Apr 2025","","","Wiley","Wiley AI eBook Chapters"
"Learning Graphs with Multiple Temporal Resolutions","K. Yamada; Y. Tanaka","Graduate School of BASE, Tokyo University of Agriculture and Technology, Tokyo, Japan; Graduate School of BASE, Tokyo University of Agriculture and Technology, Tokyo, Japan",2020 Asia-Pacific Signal and Information Processing Association Annual Summit and Conference (APSIPA ASC),"31 Dec 2020","2020","","","139","142","This paper proposes a framework for learning time-varying graphs with multiple temporal resolutions from multivariate time series signals. Our method estimates multiresolution graphs by a top-down approach: Graphs are learned from a segment of the time-series data corresponding to the desired temporal resolution, and we impose a constraint so that the learned graphs at the target temporal resolution are close to that in the lower temporal resolution. The proposed approach overcomes the problem of existing time-varying graph learning methods that must infer graphs in a single temporal resolution. Experimental results with synthetic data demonstrate that our method outperforms a baseline graph learning method.","2640-0103","978-988-14768-8-3","","","https://ieeexplore.ieee.org/stamp/stamp.jsp?arnumber=9306233","Graph learning;network topology inference;multiresolution graph;time-varying graph.","Signal resolution;Time series analysis;Symmetric matrices;Spatial resolution;Optimization;Signal processing algorithms;Learning systems","","","","13","IEEE","31 Dec 2020","7-10 Dec. 2020","7-10 Dec. 2020","IEEE","IEEE Conferences"
"Reviving Legacy Seismic Data via Machine Learning Technique—Part 2: Estimating 3-D Seismic Volumes From 2-D Seismic Lines With VQ-VAE","J. -W. Lee; M. Je Lee; D. -J. Min; Y. Cho","Climate Change Response Division, Korea Institute of Geoscience and Mineral Resources, Daejeon, Republic of Korea; Division of Earth Sciences, Korea Polar Research Institute, Incheon, Republic of Korea; Department of Energy Systems Engineering and the Research Institute of Energy and Resources, Seoul National University, Seoul, Republic of Korea; Department of Energy Systems Engineering and the Research Institute of Energy and Resources, Seoul National University, Seoul, Republic of Korea",IEEE Transactions on Geoscience and Remote Sensing,"3 Jun 2025","2025","63","","1","21","We propose a machine learning-based method that estimates a 3-D seismic volume from irregularly placed 2-D seismic lines, addressing the challenges regarding the local disturbances contained within 2-D lines (e.g., seismic misties and discrepant seismic characteristics across lines). To overcome these challenges, we employ the vector-quantized variational autoencoder (VQ-VAE) framework, which effectively captures global structures in data. Through appropriate data augmentation processes, the network is trained with diverse samples despite the limited availability of seismic volumes, enhancing its generality for estimating 3-D structures. Specifically, numerous training samples are generated from five seismic volumes with various augmentation methods, including perspective transform along the horizontal axes, horizontal flipping, polarity reversal, and random signal-level perturbations (e.g., smooth gain functions and convolution filters). In addition, a two-stage training process, into which randomly generated convolution filters are incorporated, further strengthens the robustness to local disturbances. We validate and evaluate the trained network on unseen 3-D volumes using  $L_{1}$  and 3-D structural similarity index measure (3D-SSIM) metrics, demonstrated with numerical examples. The validation confirms that: 1) the proposed method successfully reconstructs subsurface geological structures from 2-D lines and 2) random filtering enhances performance for inconsistent (IC) lines. In addition, we test the applicability of the proposed method with actual 2-D lines acquired from the Jeju Basin, which have various line intervals ranging from 0.5 to 4 km. The testing results show that the network effectively manages intervals up to 2 km but struggles to estimate structures beyond straightforward horizontal layers at intervals of 4 km.","1558-0644","","10.1109/TGRS.2025.3567596","Korea Institute of Energy Technology Evaluation and Planning (KETEP); Ministry of Trade, Industry, and Energy (MOTIE) of Korea(grant numbers:20233D00000090); Basic Research Project of the Korea Institute of Geoscience and Mineral Resources (KIGAM); Ministry of Science and Information and Communication Technology (MSIT) of Korea(grant numbers:GP2025-021); Korea National Oil Corporation (KNOC) as part of the Geological and Geophysical Evaluation of the South Sea of Korea; ","https://ieeexplore.ieee.org/stamp/stamp.jsp?arnumber=10990050","2-D line interpolation;2-D/3-D seismic data;3-D volume data augmentation;3-D volume estimation;vector-quantized variational autoencoder (VQ-VAE)","Three-dimensional displays;Surveys;Geology;Training;Interpolation;Estimation;Volume measurement;Two-dimensional displays;Neural networks;Data augmentation","","4","","87","IEEE","7 May 2025","2025","","IEEE","IEEE Journals"
"Improvement of Urinary Stone Segmentation Using GAN-Based Urinary Stones Inpainting Augmentation","W. Preedanan; K. Suzuki; T. Kondo; M. Kobayashi; H. Tanaka; J. Ishioka; Y. Matsuoka; Y. Fujii; I. Kumazawa","Department of Information and Communications Engineering, School of Engineering, Tokyo Institute of Technology, Midori-ku, Yokohama, Japan; Department of Information and Communications Engineering, School of Engineering, Tokyo Institute of Technology, Midori-ku, Yokohama, Japan; School of Information and Communication Technology, Sirindhorn International Institute of Technology, Thammasat University, Prathumthani, Thailand; Department of Urology, Tokyo Medical and Dental University, Bunkyo-ku, Tokyo, Japan; Department of Urology, Tokyo Medical and Dental University, Bunkyo-ku, Tokyo, Japan; Department of Urology, Tokyo Medical and Dental University, Bunkyo-ku, Tokyo, Japan; Department of Urology, Tokyo Medical and Dental University, Bunkyo-ku, Tokyo, Japan; Department of Urology, Tokyo Medical and Dental University, Bunkyo-ku, Tokyo, Japan; Department of Information and Communications Engineering, School of Engineering, Tokyo Institute of Technology, Midori-ku, Yokohama, Japan",IEEE Access,"8 Nov 2022","2022","10","","115131","115142","A urinary stone is a type of abnormality that occurs frequently in the urinary system. An automated segmentation of urinary stones is important for assisting medical doctors in early diagnosis and further treatment. While deep learning techniques are effective for image segmentation, they require a large number of datasets to achieve high accuracy. We proposed a GAN-based augmentation technique for creating synthetic images based on stone and non-stone mask inputs in order to improve the segmentation network’s performance by increasing the number and diversity of training data. The synthetic training images were generated from stone-contained images and stone-free images using existing stone ground truth and corresponding stone location maps, respectively. To segment urinary stones from full abdominal x-ray images, we trained the MultiResUnet model using both original stone-contained and our proposed synthetic samples. The proposed method obtained a 69.59% pixel-wise  $F_{1}$  score and a 68.14% region-wise  $F_{1}$  score, which achieved an improvement of 2.12% and 2.13%, respectively, over a model trained with only the original stone-contained dataset.","2169-3536","","10.1109/ACCESS.2022.3218444","JST-Mirai Program, Japan(grant numbers:JPMJMI20B8); ","https://ieeexplore.ieee.org/stamp/stamp.jsp?arnumber=9933448","GANs;data augmentation;image inpainting;abdominal X-Ray imaging;urinary stone segmentation","Biomedical imaging;Kidney stones;Lesions;Image segmentation;X-ray imaging;Task analysis;Generative adversarial networks","","20","","42","CCBY","31 Oct 2022","2022","","IEEE","IEEE Journals"
"Impact of Forest Disturbance on InSAR Surface Displacement Time Series","P. M. Bürgi; R. B. Lohman","Earth and Atmospheric Sciences Department, Cornell University, Ithaca, NY, USA; Earth and Atmospheric Sciences Department, Cornell University, Ithaca, NY, USA",IEEE Transactions on Geoscience and Remote Sensing,"24 Dec 2020","2021","59","1","128","138","As interferometric synthetic aperture radar (InSAR) data improve in their global coverage and temporal sampling, studies of ground deformation using InSAR are becoming feasible even in heavily vegetated regions such as the American Pacific Northwest (PNW) and Sumatra. However, ongoing forest disturbance due to logging, wildfires, or disease can introduce time-variable signals which could be misinterpreted as ground displacements. This study constrains the error introduced into InSAR time series in the presence of time-variable forest disturbance using synthetic data. For satellite platforms with randomly distributed orbital positions in time (e.g., Sentinel-1), mid-time series forest disturbance results in random error on the order of 0.2 and 10 cm/year for 1-year secular and time-variable velocities, respectively. If the orbital positions are not randomly distributed in time (e.g., ALOS-1), a biased error on the order of 10 cm/year is introduced to the inferred secular velocity. A time series using real ALOS-1 data near Eugene, OR, USA, shows agreement with the bias estimated by synthetic models. Mitigation of time-variable land cover change effects can be achieved if their timing is known, either through independent observations of surface properties (e.g., Landsat/Sentinel-2) or through the use of more computationally expensive, nonlinear inversions with additional terms for the timing of height changes. Inclusion of these additional terms reduces the potential for misinterpretation of InSAR signals associated with land surface change as ground deformation.","1558-0644","","10.1109/TGRS.2020.2992938","NASA Earth and Space Science Fellowship Program Grant; NASA(grant numbers:NNX16AK57G); ","https://ieeexplore.ieee.org/stamp/stamp.jsp?arnumber=9094708","Deforestation;interferometric synthetic aperture radar (InSAR);land cover change;time-series analysis","Forestry;Time series analysis;Synthetic aperture radar;Vegetation;Strain;Spaceborne radar","","6","","73","IEEE","18 May 2020","Jan. 2021","","IEEE","IEEE Journals"
"A Hybrid Computer Vision enabled GAN Model for Pest and Disease Detection","J. Banerjee; A. K. Das; K. Sabale; A. Alkhayyat","School of Computer Engineering, Kalinga Institute of Industrial Technology, Bhubaneswar, India; School of Computer Engineering, Kalinga Institute of Industrial Technology, Bhubaneswar, India; Department of Computer Science and Engineering, School of Technology, Pandit Deendayal Energy University, Gandhinagar, Gujarat, India; College of Technical Engineering, The Islamic University, Najaf, Iraq",2024 International Conference on Intelligent Computing and Emerging Communication Technologies (ICEC),"16 Jan 2025","2024","","","1","5","Agriculture is among the most prominent occupation in India and among different parts of the globe, and plant diseases account for 35% of crop yield loss each year. Plants are affected by pests, environmental conditions, and nutritional deficits. Identifying and treating issues early is crucial for accomplishing desired yields. In this paper, an effective way for early detection of bugs in plants which combines Generative Adversarial Networks(GANs) with computer vision techniques is suggested. The proposed model utilizes advanced data augmentation, pre-processing, feature extraction, and classification to improve the precision of bug assessment in plants. Extensive set of simulations were performed to highlight the improved performance of the suggested approach. The experimental outcome has demonstrated promising results of the proposed model over the recent modern appraoches with maximum 95.2% accuracy, 92.6 % f-score, 93.8 % precision and 91.2% recall.","","979-8-3315-0843-2","10.1109/ICEC59683.2024.10837494","","https://ieeexplore.ieee.org/stamp/stamp.jsp?arnumber=10837494","Plant Diseases;generative adversarial networks;computer vision;feature extraction;early detection","Computer vision;Plant diseases;Accuracy;Computational modeling;Plants (biology);Computer bugs;Generative adversarial networks;Feature extraction;Data augmentation;Data models","","1","","18","IEEE","16 Jan 2025","23-25 Nov. 2024","23-25 Nov. 2024","IEEE","IEEE Conferences"
"Generalize Polyp Segmentation Via Inpainting Across Diverse Backgrounds and Pseudo-Mask Refinement","J. Ma; F. Lu; S. Huang; S. Wu; Z. Li","FNII, CUHK-Shenzhen; South China Hospital, Medical School, Shenzhen University; South China Hospital, Medical School, Shenzhen University; South China Hospital, Medical School, Shenzhen University; SSE, CUHK-Shenzhen",2024 IEEE International Symposium on Biomedical Imaging (ISBI),"22 Aug 2024","2024","","","1","5","Inpainting lesions within different normal backgrounds is a potential method of addressing the generalization problem, which is crucial for polyp segmentation models. However, seamlessly introducing polyps into complex endoscopic environments while simultaneously generating accurate pseudomasks remains a challenge for current inpainting methods. To address these issues, we first leverage the pre-trained Stable Diffusion Inpaint and ControlNet, to introduce a robust generative model capable of inpainting polyps across different backgrounds. Secondly, we utilize the prior that synthetic polyps are confined to the inpainted region, to establish an inpainted region-guided pseudo-mask refinement network. We also propose a sample selection strategy that prioritizes well-aligned and hard synthetic cases for further model fine-tuning. Experiments demonstrate that our inpainting model outperformed baseline methods both qualitatively and quantitatively in inpainting quality. Moreover, our data augmentation strategy significantly enhances the performance of polyp segmentation models on external datasets, achieving or surpassing the level of fully supervised training benchmarks in that domain. Our code is available at https://github.com/497662892/PolypInpainter.","1945-8452","979-8-3503-1333-8","10.1109/ISBI56570.2024.10635889","Chinese University of Hong Kong; Tencent; ","https://ieeexplore.ieee.org/stamp/stamp.jsp?arnumber=10635889","Colonoscopy;Segmentation;Data Augmentation;Inpainting","Training;Image segmentation;Codes;Endoscopes;Biological system modeling;Benchmark testing;Data augmentation","","2","","14","IEEE","22 Aug 2024","27-30 May 2024","27-30 May 2024","IEEE","IEEE Conferences"
"Generating synthetic data on agricultural crops with DCGAN","F. B. Pasaribu; L. J. E. Dewi; K. Y. E. Aryanto; K. A. Seputra; P. Varnakovida; N. K. Kertiasih","Computer Science, Universitas Pendidikan Ganesha, Singaraja, Indonesia; Computer Science, Universitas Pendidikan Ganesha, Singaraja, Indonesia; Computer Science, Universitas Pendidikan Ganesha, Singaraja, Indonesia; Software Engineering, Universitas Pendidikan Ganesha, Singaraja, Indonesia; Faculty of Science, King Mongkut's University of Technology, Thonburi, Thailand; Software Engineering, Universitas Pendidikan Ganesha, Singaraja, Indonesia","2024 11th International Conference on Advanced Informatics: Concept, Theory and Application (ICAICTA)","28 Nov 2024","2024","","","1","6","Convolutional Neural Network (CNN) is one of the deep learning architectures that is very effective for handling images. CNN is able to automatically extract important features from images, making it very suitable for various image processing tasks such as classification, object detection, and segmentation. However, even though CNN has great capabilities, one important thing to note is the amount of data. A considerable amount of data is needed for the CNN model to work optimally and avoid overfitting. To handle this problem, a synthetic data augmentation process is used using the Deep Convolutional Generative Adversarial Network (DCGAN) method. The generator network contained in the DCGAN model has a latent space dimension input whose value can vary. The size of the latent space dimension is very important in enabling data or image reconstruction during the training process. This study tested latent space dimension values on a corn plant dataset totaling 9159. The latent space values used in this experiment were 64, 100, and 128. In addition, this study also tested different batch sizes, namely 64 and 128. The model was evaluated using Fre'chet Inception Distance (FID) and Inception Score (IS). From the evaluation results, the best score on FID was 0.018001 and IS 1.239421. The greater the latent space value, the more realistic and clear the image results will be. Likewise, the smaller the batch size value, the more realistic and clear the image results.","2996-2552","979-8-3315-2031-1","10.1109/ICAICTA63815.2024.10763158","","https://ieeexplore.ieee.org/stamp/stamp.jsp?arnumber=10763158","generative;realistic image;synthetic;corn","Training;Plants (biology);Generative adversarial networks;Feature extraction;Data augmentation;Size measurement;Data models;Stability analysis;Convolutional neural networks;Synthetic data","","2","","37","IEEE","28 Nov 2024","28-30 Sept. 2024","28-30 Sept. 2024","IEEE","IEEE Conferences"
"Comparative Analysis of CNN Models' Accuracy Using Synthetic and Original Datasets for Cotton Leaf Classification","P. S. Bolisetty; L. Y. N A; S. D. Kosuri; P. Sravan; S. V. Sai Karthik; R. C.B","Department of Electronics and Communication Engineering, Amrita School of Engineering, Coimbatore Amrita Vishwa, Vidyapeetham, India; Department of Electronics and Communication Engineering, Amrita School of Engineering, Coimbatore Amrita Vishwa, Vidyapeetham, India; Department of Electronics and Communication Engineering, Amrita School of Engineering, Coimbatore Amrita Vishwa, Vidyapeetham, India; Department of Electronics and Communication Engineering, Amrita School of Engineering, Coimbatore Amrita Vishwa, Vidyapeetham, India; Department of Electronics and Communication Engineering, Amrita School of Engineering, Coimbatore Amrita Vishwa, Vidyapeetham, India; Department of Electronics and Communication Engineering, Amrita School of Engineering, Coimbatore Amrita Vishwa, Vidyapeetham, India",2024 4th International Conference on Artificial Intelligence and Signal Processing (AISP),"12 Feb 2025","2024","","","1","5","In agriculture, finding diseases in plants as soon as possible is very important for getting the most crops and making sure there is enough food for everyone. A potential way to quickly and accurately diagnose diseases is to use Artificial Intelligence (AI) tools, especially image classification models. But the quality and variety of the training sample have a big impact on how well these models work. In many cases, it's hard to get a fair collection with enough samples. In order to solve this problem, we suggest a new way to classify cotton leaf diseases that uses both fake and real datasets. First, we use the Deep Convolutional Generative Adversarial Network (DCGAN) method to make a fake dataset. This makes fake pictures that look like the ones in the real dataset. After that, we use both the real and mixed datasets to train different Convolutional Neural Network (CNN) models, such as DenseNet121, InceptionV3, MobileNetV2, ResNet50, VGG16, and VGG19. To see how well each model does on both sets of data, evaluation measures like accuracy, Fl score, and classification results are used. Our results show that the accuracy rates of the combined dataset with simulated pictures are higher than those of the original dataset alone.","2640-5768","979-8-3503-5065-4","10.1109/AISP61711.2024.10870706","","https://ieeexplore.ieee.org/stamp/stamp.jsp?arnumber=10870706","Artificial Intelligence;Agriculture;Disease Detection;Image Classification;Synthetic Dataset;Original Dataset;CNN Models;Accuracy Analysis","Training;Analytical models;Accuracy;Crops;Signal processing;Data augmentation;Data models;Convolutional neural networks;Cotton;Synthetic data","","4","","24","IEEE","12 Feb 2025","26-28 Oct. 2024","26-28 Oct. 2024","IEEE","IEEE Conferences"
"Multi-Patch Blending improves lung cancer growth pattern segmentation in whole-slide images","Z. Swiderska-Chadaj; E. Stoelinga; A. Gertych; F. Ciompi","Faculty of Electrical Engineering, Warsaw University of Technology, Warsaw, Poland; Department of Pathology, Radboud University Medical Center, Nijmegen, Netherlands; Faculty of Biomedical Engineering, Silesian University of Technology, Poland; Department of Pathology, Radboud University Medical Center, Nijmegen, Netherlands",2020 IEEE 21st International Conference on Computational Problems of Electrical Engineering (CPEE),"26 Oct 2020","2020","","","1","4","In this study, we introduce a technique to generate synthetic histologic image data by blending parts of different images into a new image patch. The proposed approach, which we call multi-patch blending (MPB), crops parts of two histologic images of tumor growth patterns annotated with single but different labels and pastes them into a newly created image patch comprising areas with two different annotations. A Cycle-GAN model is employed in MPB to smooth out transitions between the pasted image crops and make the output image patch look realistic. The goal of implementing the MPB is to support the task of semantic segmentation of lung adenocarcinoma grown patterns in whole-slide images (WSI). We used MPB to increase the number of training patches extracted from a set of 18 WSIs with sparse annotations. De facto, MPB was implemented as a novel data augmentation strategy. U-Net trained with MPB-generated patches achieved 13% higher F1-score than the U-Net trained with original (sparsely annotated) patches in a 4-class semantic segmentation task.","","978-1-7281-9617-6","10.1109/CPEE50798.2020.9238710","National Science Centre (Poland(grant numbers:2016/23/N/ST6/02076); ","https://ieeexplore.ieee.org/stamp/stamp.jsp?arnumber=9238710","Deep Learning;Cycle-GAN;Lung Cancer;Tumor Growth Patterns;Data Augmentation","Training;Electrical engineering;Image segmentation;Annotations;Semantics;Crops;Lung cancer","","2","","15","IEEE","26 Oct 2020","16-19 Sept. 2020","16-19 Sept. 2020","IEEE","IEEE Conferences"
"An Offline Affective Brain-Computer Interface Paradigm with CycleGAN Data Augmentation and Meta-Learning Update Mode","H. Chen; H. He; S. Sun; J. Li; X. Cui; J. Zhu; X. Li; B. Hu","Gansu Provincial Key Laboratory of Wearable Computing, School of Information Science and Engineering, Lanzhou University, Lanzhou, China; Gansu Provincial Key Laboratory of Wearable Computing, School of Information Science and Engineering, Lanzhou University, Lanzhou, China; Gansu Provincial Key Laboratory of Wearable Computing, School of Information Science and Engineering, Lanzhou University, Lanzhou, China; Gansu Provincial Key Laboratory of Wearable Computing, School of Information Science and Engineering, Lanzhou University, Lanzhou, China; Gansu Provincial Key Laboratory of Wearable Computing, School of Information Science and Engineering, Lanzhou University, Lanzhou, China; Gansu Provincial Key Laboratory of Wearable Computing, School of Information Science and Engineering, Lanzhou University, Lanzhou, China; Gansu Provincial Key Laboratory of Wearable Computing, School of Information Science and Engineering, Lanzhou University, Lanzhou, China; Gansu Provincial Key Laboratory of Wearable Computing, School of Information Science and Engineering, Lanzhou University, Lanzhou, China",IEEE Transactions on Affective Computing,"","2026","PP","99","1","18","Data acquisition and system update are key parts of affective brain-computer interface (aBCI). Facing the issue of data scarcity, supplementing data from real samples of other subjects is a feasible solution. However, only data from subjects with emotional patterns (EP) similar to those of the user can be used for initializing and updating the aBCI. Therefore, we proposed an inter-subject data supplementation solution based on Cycle-Consistent Generative Adversarial Network (CycleGAN). With the introduction of EP metrics, information reconstruction and data augmentation networks can mitigate individual emotional pattern differences (IEPD). Based on these networks, a one-to-one inter-subject data sharing community was established. Even with data showing significant emotional pattern differences, it can still be transformed into data compatible with the user. Given that the system update mode for aBCI remains undefined, we proposed a meta-learning system update mode to learn the user's EP knowledge. Recursive meta-learning is employed to learn emotional information from a multi-task dataset. A temporary meta-learning paradigm for emotion recognition is designed to enable the system to adapt to unknown session tasks. After multi-session updates, an EP record system is used to summarize user-specific emotion-related feature patterns accumulated across sessions. The proposed paradigm is validated with a multi-session sequential learning process, yielding performances of 93.33 ± 7.00% on SEED, 77.08 ± 9.07% on SEED-FRA, and 71.87 ± 7.77% on SEED-GER. This research highlights the importance of offline assistive technologies, providing a novel perspective and an initial framework for the offline operational mechanisms of aBCI.","1949-3045","","10.1109/TAFFC.2026.3726689","","https://ieeexplore.ieee.org/stamp/stamp.jsp?arnumber=11663422","Electroencephalogram(EEG);brain-computer interface(BCI);affective computing;data augmentation;metalearning;emotion recognition","Metalearning;Modeling;Seeds (agriculture);Electroencephalography;Data augmentation;Learning (artificial intelligence);Brain-computer interfaces;Emotion recognition;Training;Affective computing","","","","","IEEE","24 Aug 2026","","","IEEE","IEEE Early Access Articles"
"GACNet: Generate Adversarial-Driven Cross-Aware Network for Hyperspectral Wheat Variety Identification","W. Zhang; Z. Li; G. Li; P. Zhuang; G. Hou; Q. Zhang; C. Li","School of Information Engineering and the Institute of Computer Applications, Henan Institute of Science and Technology, Xinxiang, China; School of Information Engineering and the Institute of Computer Applications, Henan Institute of Science and Technology, Xinxiang, China; School of Information Engineering and the Institute of Computer Applications, Henan Institute of Science and Technology, Xinxiang, China; School of Automation and Electrical Engineering, University of Science and Technology Beijing, Beijing, China; College of Computer Science and Technology, Qingdao University, Qingdao, China; School of Information Science and Technology, Dalian Maritime University, Dalian, China; School of Computer Science, Nankai University, Tianjin, China",IEEE Transactions on Geoscience and Remote Sensing,"11 Jan 2024","2024","62","","1","14","Wheat variety identification from hyperspectral images holds significant importance in both fine breeding and intelligent agriculture. However, the discriminatory accuracy of some techniques is limited due to insufficient datasets, data redundancy, and noise interference. To address these issues, we propose a wheat variety identification framework called generate adversarial-driven cross-aware network (GACNet), comprising a semi-supervised generative adversarial network (GAN) for data augmentation and a cross-aware attention network (CAANet) for variety identification. First, the semi-supervised GAN (SSGAN) alleviates data scarcity by generating fake hyperspectral images as realistically as possible through learning the distribution hypothesis of real hyperspectral images, while the discriminator distinguishes between real and fake hyperspectral images. Subsequently, the CAANet is employed for wheat variety identification, which leverages a cascading cross-learning of 3-D and 2-D convolutions to fully exploit spectral, spatial, and texture features and refines the features through an embedded attention mechanism in the cross-convolutional module. Additionally, we constructed a hyperspectral wheat variety dataset (HWVD) comprising 4560 samples of 19 categories. Extensive experiments on our dataset demonstrate that our GACNet outperforms state-of-the-art methods for wheat variety identification. The HWVD will be made available.","1558-0644","","10.1109/TGRS.2023.3347745","National Natural Science Foundation of China(grant numbers:62171252); Natural Science Foundation of Henan Province(grant numbers:212300410345,232300420428); Teacher Education Curriculum Reform Research of Henan Province(grant numbers:2024-JSJYYB-029); Key Specialized Research and Development Program of Science and Technology of Henan Province(grant numbers:232102210018); ","https://ieeexplore.ieee.org/stamp/stamp.jsp?arnumber=10375525","Cross-aware attention;generative adversarial network (GAN);hyperspectral image;wheat variety identification","Hyperspectral imaging;Feature extraction;Generative adversarial networks;Data augmentation;Deep learning;Data models;Seeds (agriculture)","","57","","75","IEEE","28 Dec 2023","2024","","IEEE","IEEE Journals"
"The Impact of Data Augmentation on Tactile-Based Object Classification Using Deep Learning Approach","P. Maus; J. Kim; O. Nocentini; M. Z. Bashir; F. Cavallo","BioRobotics Institute, Scuola Superiore Sant’Anna, Pontedera, Italy; BioRobotics Institute, Scuola Superiore Sant’Anna, Pontedera, Italy; BioRobotics Institute, Scuola Superiore Sant’Anna, Pontedera, Italy; Department of Industrial Engineering, University of Florence, Florence, Italy; Department of Industrial Engineering, University of Florence, Florence, Italy",IEEE Sensors Journal,"14 Jul 2022","2022","22","14","14574","14583","A safe and versatile interaction between humans and objects is based on tactile and visual information. In literature, visual sensing is widely explored compared to tactile sensing, despite showing significant limitations in environments with an obstructed view. Tactile perception does not depend on those factors. In this paper, a Machine Learning-based tactile object classification approach is presented. The hardware setup is composed of a 3-finger-gripper of a robotic manipulator mounted on the Doro robot of the Robot-Era project. This paper’s main contribution is the augmentation of the custom 20 class 2000 sample tactile time-series dataset using random jitter noise, scaling, magnitude, time warping, and cropping. The effect on the object recognition performance of the dataset expansion is investigated for the neural network architectures MLP, LSTM, CNN, CNNLSTM, ConvLSTM, and deep CNN (D-CNN). The data augmentation methods brought a statistically significant object classification accuracy increase compared to models trained on the original dataset. The best tactile object classification success rate of 72.58% is achieved for the D-CNN trained on an augmented dataset derived from scaling and time warping augmentation.","1558-1748","","10.1109/JSEN.2022.3175153","European Union Research and Innovation Program, PON (Programma Operativo Nazionale) 2014-2020 – SI-Robotics Project. Healthy and Active Ageing through Social Robotics(grant numbers:ARS01_01120); ","https://ieeexplore.ieee.org/stamp/stamp.jsp?arnumber=9774358","Machine learning;time-series data augmentation;tactile object classification;tactile object recognition","Sensors;Convolutional neural networks;Robots;Visualization;Task analysis;Robot kinematics;Three-dimensional displays","","16","","33","IEEE","13 May 2022","15 July15, 2022","","IEEE","IEEE Journals"
"A Robust Deep Learning Approach for the Quantitative Characterization and Clustering of Peach Tree Crowns Based on UAV Images","J. Hu; Y. Zhang; D. Zhao; G. Yang; F. Chen; C. Zhou; W. Chen","Food Science Institute, Zhejiang Academy of Agricultural Sciences, Hangzhou, China; Institute of Soil and Fertilizer, Anhui Academy of Agricultural Sciences, Hefei, China; Food Science Institute, Zhejiang Academy of Agricultural Sciences, Hangzhou, China; Information Technology Research Center and the Intelligent Equipment Research Center, Beijing Academy of Agriculture and Forestry Sciences, Beijing, China; School of Life Sciences, Anhui University, Hefei, China; Institute of Agricultural Equipment, Zhejiang Academy of Agricultural Sciences, Hangzhou, China; Food Science Institute, Zhejiang Academy of Agricultural Sciences, Hangzhou, China",IEEE Transactions on Geoscience and Remote Sensing,"15 Mar 2022","2022","60","","1","13","The accurate large-scale measurement of peach crowns is vital in horticultural science and the optimization of orchard management. Nowadays, numerous crown parameters (e.g., crown area, height, and volume) can be obtained via the analysis of point clouds or photographs. Current laser-based sensors provide the required reliable and accurate information; however, they are costly and time-consuming. Therefore, a simpler approach for crown measurement is required. For this purpose, this study presents a pipeline for the monitoring and clustering of 259 peach tree crowns based on unmanned aerial vehicle (UAV) images of a peach orchard in Southeast China. Considering the limitation that the original aerial image dataset contains little information, a data augmentation process is adopted, and an efficient deep learning architecture based on conditional generative adversarial networks (cGANs) was designed to extract the crown area. Then, the shape of the crown area was clustered using an edge detection process and a  $k$ -means algorithm. Finally, an ellipsoid volume method (EVM) was applied to estimate the crown volume. Five indicators—namely,  $Q_{\mathrm {seg}}$ ,  $S_{\mathrm {r}}$ , Precision, Recall, and F-measure—were employed to evaluate the crown extraction effects, and the average results for testing samples were 0.832, 0.847, 0.851, 0.828, and 0.846, respectively. Compared with other approaches—namely, fully convolutional network (FCN), U-Net, SegNet21, the excess green index (ExG), and the color index of vegetation extraction (CIVE)—the proposed cGAN model performs better, achieving an accuracy improvement of 5%–25%. For the estimation of crown volume, using measurements from a light detection and ranging (LIDAR) scanner as a reference, the correlation coefficient and relative-root-mean-square error (R-RMSE) were found to be 0.836% and 14.93%, respectively. Overall, the results demonstrate that the proposed method is feasible for measuring peach tree crowns. The wide application of such technology would facilitate applied research in plant phenotyping and precision horticulture.","1558-0644","","10.1109/TGRS.2022.3142288","National Natural Science Foundation of China(grant numbers:32000283,31901662,31901722); Beijing Natural Science Foundation(grant numbers:6182011); Beijing Academy of Agriculture and Forestry Sciences(grant numbers:KJCX20170423); ","https://ieeexplore.ieee.org/stamp/stamp.jsp?arnumber=9678963","Crown measurement;deep learning;shape clustering;unmanned aerial vehicle (UAV) images;volume estimation","Vegetation;Autonomous aerial vehicles;Laser radar;Remote sensing;Agriculture;Volume measurement;Monitoring","","13","","44","IEEE","12 Jan 2022","2022","","IEEE","IEEE Journals"
"Preliminary Results on the Generation of Artificial Handwriting Data Using a Decomposition-Recombination Strategy","J. F. Adrán Otero; O. Soláns Caballer; P. Marti-Puig; Z. Sun; T. Tanaka; J. Solé-Casals","Faculty of Computer Science, Multimedia and Telecommunications, Open University of Catalonia, Barcelona, Spain; Faculty of Computer Science, Multimedia and Telecommunications, Open University of Catalonia, Barcelona, Spain; Data and Signals Processing Research Group, University of Vic-Central University of Catalonia, Barcelona, Spain; Computational Engineering Applications Unit, Head Office for Information Systems and Cybersecurity, RIKEN, Saitama, Japan; Department of Electrical and Electronic Engineering, Tokyo University of Agriculture and Technology, Japan; Data and Signals Processing Research Group, University of Vic-Central University of Catalonia, Barcelona, Spain","ICASSP 2022 - 2022 IEEE International Conference on Acoustics, Speech and Signal Processing (ICASSP)","27 Apr 2022","2022","","","1166","1170","Deep learning techniques are able to extract the characteristics of temporal signals to study their patterns and diagnose diseases such as essential tremor. However, these techniques require a large amount of data to train the neural network and achieve good results, and the more data the network has, the more accurate the final model implemented will be. This work proposes the use of data augmentation techniques to improve the accuracy of a Long short-term memory system in the diagnosis of essential tremor. For this purpose, the Empirical Modal Decomposition method will be used to decompose the original temporal signals collected from control subjects and patients with essential tremor. The time series obtained from the decomposition, covering different frequency ranges, will be randomly shuffled and combined to generate new artificial samples for each group. Then, both the generated artificial samples and part of the real samples will be used to train the LSTM network, and the remaining original samples will be used to test the model. Experimental results demonstrate the capability of the proposed method, increasing the classifier accuracy from 83.2% to almost 93% when artificial samples are used.","2379-190X","978-1-6654-0540-9","10.1109/ICASSP43922.2022.9747658","European Cooperation in Science and Technology; ","https://ieeexplore.ieee.org/stamp/stamp.jsp?arnumber=9747658","Deep Learning;LSTM;Data Augmentation;Empirical Mode Decomposition;Essential Tremor","Deep learning;Training;Time-frequency analysis;Sensitivity;Neural networks;Time series analysis;Signal processing","","","","17","IEEE","27 Apr 2022","23-27 May 2022","23-27 May 2022","IEEE","IEEE Conferences"
"A Data Augmentation Method Based on Generative Adversarial Networks for Grape Leaf Disease Identification","B. Liu; C. Tan; S. Li; J. He; H. Wang","College of Information Engineering, Northwest A&F University, Yangling, China; College of Information Engineering, Northwest A&F University, Yangling, China; College of Information Engineering, Northwest A&F University, Yangling, China; College of Mathematics and Computer Science, Yan’an University, Yan’an, China; Ningxia Smart Agricultural Industry Technology Collaborative Innovation Center, Yinchuan, China",IEEE Access,"10 Jun 2020","2020","8","","102188","102198","The identification of grape leaf diseases based on deep learning is critical to controlling the spread of diseases and ensuring the healthy development of the grape industry. Focusing on the lack of training images of grape leaf diseases, this paper proposes a novel model named Leaf GAN, which is based on generative adversarial networks (GANs), to generate images of four different grape leaf diseases for training identification models. A generator model with degressive channels is first designed to generate grape leaf disease images; then, the dense connectivity strategy and instance normalization are fused into an efficient discriminator to identify real and fake disease images by utilizing their excellent feature extraction capability on grape leaf lesions. Finally, the deep regret gradient penalty method is applied to stabilize the training process of the model. Using a total of 4,062 grape leaf disease images, the Leaf GAN model ultimately generates 8,124 grape leaf disease images. The generated grape leaf disease images based on Leaf GAN model can obtain better performance than DCGAN and WGAN in terms of the Fréchet inception distance. The experimental results show that the proposed Leaf GAN model generates sufficient grape leaf disease images with prominent lesions, providing a feasible solution for the data augmentation of grape leaf disease images. For the eight prevailing classification models with the expanded dataset, the identification performance based on CNNs indicated higher accuracies, whereby all the accuracies were better than those of the initial dataset with other data augmentation methods. Among them, Xception achieves a recognition accuracy of 98.70% on the testing set. The results demonstrate that the proposed data augmentation method represents a new approach to overcoming the overfitting problem in disease identification and can effectively improve the identification accuracy.","2169-3536","","10.1109/ACCESS.2020.2998839","Key Research and Development Program of Shaanxi(grant numbers:2019ZDLNY07-06-01); Ningxia Smart Agricultural Industry Technology Collaborative Innovation Center(grant numbers:2017DC53); Fundamental Research Funds for the Central Universities(grant numbers:2452019064); National Natural Science Foundation of China(grant numbers:61602388,61902339); China Postdoctoral Science Foundation(grant numbers:2017M613216); Natural Science Basic Research Plan in Shaanxi Province of China(grant numbers:2017JM6059); Postdoctoral Science Foundation of Shaanxi Province of China(grant numbers:2016BSHEDZZ121); Shaanxi Key Laboratory of Intelligent Processing for Big Energy Data; Yan’an University(grant numbers:IPBED14); Doctoral Starting Up Foundation of Yan’an University(grant numbers:YDBK2019-06); Innovation and Entrepreneurship Training Program of Northwest A&F University of China(grant numbers:201910712048); ","https://ieeexplore.ieee.org/stamp/stamp.jsp?arnumber=9104723","Generative adversarial networks;convolutional neural networks;data augmentation;grape leaf disease identification","Diseases;Pipelines;Generators;Gallium nitride;Training;Feature extraction;Generative adversarial networks","","193","","58","CCBY","1 Jun 2020","2020","","IEEE","IEEE Journals"
"Segmentation of Diseased Regions in Pigeon Pea Leaves Using DeepLabV3+ with High-Order Pooling and Optimized Classification","A. Patil; Virupakshappa","Sharnbasva University, Kalaburagi, India; Sharnbasva University, Kalaburagi, India",2025 2nd Asia Pacific Conference on Innovation in Technology (APCIT),"4 Mar 2026","2025","","","1","8","This study presents a comprehensive framework for segmentation and classification of diseased regions in pigeon pea leaves by integrating advanced image processing techniques with deep learning models. A custom dataset was obtained from publicly available dataset, which is represented in proposed subsection. dataset encompasses both healthy and diseased leaves affected by six major pigeon pea diseases: Alternaria Leaf Spot, Cercospora Leaf Spot, Powdery Mildew, Fusarium Wilt (Leaf Yellowing), Phytophthora Blight, and Leaf Mosaic. Each disease category, along with healthy samples, contains a balanced number of images to prevent class imbalance. For segmentation tasks, pixel-level annotations of diseased regions were manually created using the LabelMe annotation tool. Data augmentation techniques, including geometric (rotation, flipping, scaling) and photometric (brightness variation, zoom cropping) transformations, were applied to enhance dataset diversity and training robustness. To used a 70:15:15 ratio to divide the last dataset into training, validation, and testing sets. Anisotropic diffusion filtering is used during preprocessing to reduce noise, keep edge details, and improve image quality. The DeepLabV3+ model is used for segmentation. It uses atrous convolutions and multi-scale feature extraction to accurately mark off areas that are affected by disease. Then, a finely tuned GAN-based architecture is used to classify the segmented areas. The ALO is used to make the classification presentation even better. The results of experiments show that proposed scheme is very good at both segmentation and classification. This makes it a strong and dependable solution for precision agriculture and finding pigeon pea leaf diseases early. The classification model did better than the baseline methods, with an accuracy of more than 96.8%, a precision of about 97.2%, besides F1-score of 96.5% across all the leaf disease datasets that were tested. The suggested method works much better than both old and new methods for both segmenting and classifying plant leaf diseases. It shows great accuracy and strength by getting 97.85% of the segments right and 98.60% of the classifications right. The combination of DeepLabV3+, GAN, and ALO makes the model additional generalisable and reliable on benchmark datasets.","","979-8-3315-2306-0","10.1109/APCIT65661.2025.11411077","","https://ieeexplore.ieee.org/stamp/stamp.jsp?arnumber=11411077","Generative Adversarial Network;DSLR camera;pigeon pea leaf diseases;segmentation and classification","Training;Image quality;Image segmentation;Accuracy;Filtering;Image edge detection;Noise;Generative adversarial networks;Robustness;Diseases","","1","","22","IEEE","4 Mar 2026","19-20 Sept. 2025","19-20 Sept. 2025","IEEE","IEEE Conferences"
"SketchFashion: Image Translation from Fashion Sketch Based on GAN","J. Wang; R. Chen; Y. Shi; J. Gao","School of Arts and Sciences, Beijing Institute of Fashion Technology, Beijing, China; School of Arts and Sciences, Beijing Institute of Fashion Technology, Beijing, China; School of Business Beijing Institute of Fashion Technology, Beijing, China; School of Arts and Sciences, Beijing Institute of Fashion Technology, Beijing, China",2022 2nd International Conference on Electronic Information Technology and Smart Agriculture (ICEITSA),"23 Feb 2023","2022","","","1","6","Fashion is the embodiment of a cultural symbol and one of the ways we present ourselves to the world. In this paper, we focus on the work process of a fashion designer from drawing fashion sketches to looking for different fabrics to make clothing samples, which usually requires high cost. We propose SketchFashion, which translates the fashion sketches into real images according to the specified style. SketchFashion is implemented through our proposed novel improvements based on SSS2I, and it can generate an image with $512\times 512$ resolution, which plays an important role in both auxiliary design and apparel e-commerce.","","978-1-6654-6401-7","10.1109/ICEITSA57468.2022.00041","","https://ieeexplore.ieee.org/stamp/stamp.jsp?arnumber=10044323","computer vision;self-supervision;fashion sketch;sketch-to-image translation","Smart agriculture;Image resolution;Costs;Clothing;Symbols;Fabrics;Electronic commerce","","1","","20","IEEE","23 Feb 2023","9-11 Dec. 2022","9-11 Dec. 2022","IEEE","IEEE Conferences"
"Sleep Stage Classification Via Multi-View Based Self-Supervised Contrastive Learning of EEG","C. Zhao; W. Wu; H. Zhang; R. Zhang; X. Zheng; X. Kong","Center for Artificial Intelligence in Agriculture, Fujian Key Laboratory of Agricultural Information Sensoring Technology, School of Mechanical and Electrical Engineering, School of Future Technology Haixia Institute of Science and Technology, Fujian Agriculture and Forest University, Fuzhou, China; School of Mechanical and Electrical Engineering, Fujian Agriculture and Forest University, Fuzhou, China; School of Mechanical and Electrical Engineering, Fujian Agriculture and Forest University, Fuzhou, China; School of Mechanical and Electrical Engineering, Fujian Agriculture and Forest University, Fuzhou, China; School of Mechanical and Electrical Engineering, Fujian Agriculture and Forest University, Fuzhou, China; Center for Artificial Intelligence in Agriculture, Fujian Key Laboratory of Agricultural Information Sensoring Technology, School of Mechanical and Electrical Engineering, School of Future Technology Haixia Institute of Science and Technology, Fujian Agriculture and Forest University, Fuzhou, China",IEEE Journal of Biomedical and Health Informatics,"5 Dec 2024","2024","28","12","7068","7077","Self-supervised learning (SSL) is a challenging task in sleep stage classification (SSC) that is capable of mining valuable representations from unlabeled data. However, traditional SSL methods typically focus on single-view learning and do not fully exploit the interactions among information across multiple views. In this study, we focused on a multi-domain view of the same EEG signal and developed a self-supervised multi-view representation learning framework via time series and time–frequency contrasting (MV-TTFC). In the MV-TTFC framework, we built-in a cross-domain view contrastive learning prediction task to establish connections between the temporal view and time–frequency (TF) view, thereby enhancing the information exchange between multiple views. In addition, to improve the quality of the TF view inputs, we introduced an enhanced multisynchrosqueezing transform, which can create high energy concentration TF image views to compensate for the inaccurate representations in traditional TF processing techniques. Finally, integrating temporal, TF, and fusion space contrastive learning effectively captured the latent features in EEG signals. We evaluated MV-TTFC based on two real-world SSC datasets (SleepEDF-78 and SHHS) and compared it with baseline methods in downstream tasks. Our method exhibited state-of-the-art performance, achieving accuracies of 78.64% and 81.45% with SleepEDF-78 and SHHS, respectively, and macro F1-scores of 70.39% with SleepEDF-78 and 70.47% with SHHS.","2168-2208","","10.1109/JBHI.2024.3432633","National Key Research and Development Program of China(grant numbers:2022YFF1202400,2021YFF1200700); ","https://ieeexplore.ieee.org/stamp/stamp.jsp?arnumber=10649886","Sleep stage classification;self-supervised learning;contrastive learning;multi-view representation;time–frequency analysis","Sleep;Contrastive learning;Task analysis;Electroencephalography;Brain modeling;Data models;Time series analysis","Humans;Electroencephalography;Signal Processing, Computer-Assisted;Supervised Machine Learning;Sleep Stages;Adult;Male;Female;Young Adult;Algorithms","26","","49","IEEE","27 Aug 2024","Dec. 2024","","IEEE","IEEE Journals"
"Anomaly Prediction: A Novel Approach with Explicit Delay and Horizon","J. You; A. Cela; R. Natowicz; J. Ouanounou; P. Siarry","Université Paris-Est Créteil, Île-de-France, France; ESIEE Paris-UGE, Île-de-France, France; ESIEE Paris-UGE, Île-de-France, France; HN-Services, Île-de-France, France; Université Paris-Est Créteil, Île-de-France, France",2024 IEEE 20th International Conference on Intelligent Computer Communication and Processing (ICCP),"17 Dec 2024","2024","","","1","8","Anomaly detection in time series data is a critical challenge across various domains. Traditional methods typically focus on identifying anomalies in immediate subsequent steps, often underestimating the significance of temporal dynamics such as delay time and horizons of anomalies, which generally require extensive post-analysis. This paper introduces a novel approach for time series anomaly prediction, incorporating temporal in-formation directly into the prediction results. We propose a new dataset specifically designed to evaluate this approach and conduct comprehensive experiments using several state-of-the-art methods. Our results demonstrate the efficacy of our approach in providing timely and accurate anomaly predictions, setting a new benchmark for future research in this field.","2766-8495","979-8-3315-3997-9","10.1109/ICCP63557.2024.10793012","","https://ieeexplore.ieee.org/stamp/stamp.jsp?arnumber=10793012","","Accuracy;Time series analysis;Benchmark testing;Predictive models;Solids;Delays;Reliability;Forecasting;Anomaly detection;Synthetic data","","","","47","IEEE","17 Dec 2024","17-19 Oct. 2024","17-19 Oct. 2024","IEEE","IEEE Conferences"
"A Labor-Efficient GAN-based Model Generation Scheme for Deep-Learning Defect Inspection among Dense Beans in Coffee Industry","C. -J. Kuo; C. -C. Chen; T. -T. Chen; Z. Tsai; M. -H. Hung; Y. -C. Lin; Y. -C. Chen; D. -C. Wang; G. -J. Homg; W. -T. Su","Department of Computer Science and Information Engineering, Institute of Manufacturing Information and Systems, National Cheng Kung University, Taiwan; Department of Computer Science and Information Engineering, Institute of Manufacturing Information and Systems, National Cheng Kung University, Taiwan; Department of Computer Science and Information Engineering, Institute of Manufacturing Information and Systems, National Cheng Kung University, Taiwan; Dept. of Mgmt. Info. Sys, Southern Taiwan University of Science and Technology (STUST), Taiwan; Department of Computer Science and Information Engineering, Chinese Culture University, Taiwan; Department of Computer Science and Information Engineering, Institute of Manufacturing Information and Systems, National Cheng Kung University, Taiwan; Department of Industrial Engineering and Management, National Yunlin University of Science and Technology, Taiwan; Dept. of Mgmt. Info. Sys, Southern Taiwan University of Science and Technology (STUST), Taiwan; Dept. of Comp. Sci. & Info. Engr, STUST; Department of Computer Science and Information Engineering, Aletheia University, Taiwan",2019 IEEE 15th International Conference on Automation Science and Engineering (CASE),"19 Sep 2019","2019","","","263","270","Coffee beans are one of most valuable agricultural products in the world, and defective bean removal plays a critical role to produce high-quality coffee products. In this work, we propose a novel labor-efficient deep learning-based model generation scheme, aiming at providing an effective model with less human labeling effort. The key idea is to iteratively generate new training images containing defective beans in various locations by using a generative-adversarial network framework, and these images incur low successful detection rate so that they are useful for improving model quality. Our proposed scheme brings two main impacts to the intelligent agriculture. First, our proposed scheme is the first work to reduce human labeling effort among solutions of vision-based defective bean removal. Second, our scheme can inspect all classes of defective beans categorized by the SCAA (Specialty Coffee Association of America) at the same time. The above two advantages increase the degree of automation to the coffee industry. We implement the prototype of the proposed scheme for conducting integrated tests. Testing results of a case study reveal that the proposed scheme ca] efficiently and effectively generating models for identifying defect beans.Our implementation of the proposed scheme is available a https://github.com/Louis8582/LEGAN.","2161-8089","978-1-7281-0356-3","10.1109/COASE.2019.8843259","","https://ieeexplore.ieee.org/stamp/stamp.jsp?arnumber=8843259","automatic defect inspection;machine learning intelligent agriculture;model refinement;data augmentation","Labeling;Data models;Inspection;Training;Industries;Testing;Robots","","9","","15","IEEE","19 Sep 2019","22-26 Aug. 2019","22-26 Aug. 2019","IEEE","IEEE Conferences"
"Image-to-image Translation for Enlargement of Aircraft Skin Defect Datasets","A. N. Kasule; M. Ding; Y. Xu; J. Xu","Civil Aviation College, Nanjing University of Aeronautics and Astronautics, Nanjing, China; Civil Aviation College, Nanjing University of Aeronautics and Astronautics, Nanjing, China; Civil Aviation College, Nanjing University of Aeronautics and Astronautics, Nanjing, China; Civil Aviation College, Nanjing University of Aeronautics and Astronautics, Nanjing, China",2023 IEEE 5th International Conference on Civil Aviation Safety and Information Technology (ICCASIT),"15 Dec 2023","2023","","","585","590","With the size and diversity of a dataset being integral to the accuracy of aircraft skin defect detection models, it can be argued that the currently available small aircraft skin defect datasets need to be greatly increased. In this paper, we suggest employing image-to-image translation techniques, specifically the CycleGAN network combined with perceptual loss. By exploiting the CycleGAN network’s ability to generate images similar to those fed into the network, we aim to increase the size of an available aircraft skin damage dataset through the generation of synthetic images. The addition of perceptual loss further enhances the quality and realism of generated images. Through image evaluation with Fréchet Inception Score, we showcase how this method has the capacity to address the challenge posed by limited datasets for small aircraft skin damage.","","979-8-3503-1060-3","10.1109/ICCASIT58768.2023.10351722","National Natural Science Foundation of China; Aeronautical Science Foundation of China; ","https://ieeexplore.ieee.org/stamp/stamp.jsp?arnumber=10351722","CycleGAN;data augmentation;original images;generated images;perceptual loss","Training;Sensitivity;Atmospheric modeling;Skin;Generators;Safety;Complexity theory","","","","33","IEEE","15 Dec 2023","11-13 Oct. 2023","11-13 Oct. 2023","IEEE","IEEE Conferences"
"Image Data Augmentation techniques for Deep Learning -A Mirror Review","D. Saini; R. Malik","School of Computer Science and Engineering, Lovely Professional University, Punjab, India; School of Computer Science and Engineering, Lovely Professional University, Punjab, India","2021 9th International Conference on Reliability, Infocom Technologies and Optimization (Trends and Future Directions) (ICRITO)","15 Nov 2021","2021","","","1","5","Making a computer understand the images is the task of computer vision. However, to familiarize it and learn to analyze what the computer is able to perceive is a tedious task. To address this challenge, Convolutional Neural Networks using deep learning frameworks could be performed and our goal could be achieved. For enhancing this task and making a computer learn more accurately and precisely about the variations in the real-world images, augmentation is an excellent way for making it possible. In this paper different types of normal augmentations, using deep learning methods for augmentation and other important works on this technique are discussed. This paper tries to cover the critical features of the augmentation, which will thus not only aid the new researchers but also other experienced researchers to interpret the latest trends going on in this technology, this would enable us to work together to make the computers learn more meticulously by utilizing various deep learning models that are trained on the images, making them more efficient and robust.","","978-1-6654-1703-7","10.1109/ICRITO51393.2021.9596262","","https://ieeexplore.ieee.org/stamp/stamp.jsp?arnumber=9596262","Image Augmentation;Geometric Transformation;Hyperspectral Images Adversarial Training;GAN","Deep learning;Computer vision;Computational modeling;Market research;Reliability;Mirrors;Convolutional neural networks","","11","","50","IEEE","15 Nov 2021","3-4 Sept. 2021","3-4 Sept. 2021","IEEE","IEEE Conferences"
"Handling of Class Imbalance for Plant Disease Classification with Variants of GANs","B. Talukdar","Department of Computer Science and Engineering, Indian Institute of Information Technology, Guwahati, Guwahati, India",2020 IEEE 15th International Conference on Industrial and Information Systems (ICIIS),"8 Feb 2021","2020","","","466","471","Plant leaf diseases are one of the major threats to the agriculture sector that significantly contribute to yield losses. Swift and accurate detection of plant leaf diseases is essential to reduce the intensity of the disease thereby minimising economic losses. Here, a deep learning-based Inception-v3 methodology has been proposed to identify and classify various plant leaf diseases using plant leaf image datasets. The approach also employs Generative Adversarial Networks (GANs) to augment the limited datasets. Different classes of GANs are adopted for experimental analysis to evaluate the performance of the proposed model. From the experiment's results, it is observed that the DCGAN model achieves the highest accuracy and performs better than CGAN as a data augmentation technique in terms of Class Accuracy, Precision, Recall, F1 Score and Accuracy. The DCGAN model also outperforms in terms of evaluation parameters when compared with other techniques in literature.","2164-7011","978-1-7281-8524-8","10.1109/ICIIS51140.2020.9342728","","https://ieeexplore.ieee.org/stamp/stamp.jsp?arnumber=9342728","Deep Learning;Data augmentation;Generative Adversarial Networks (GANs);Inception-v3;Plant disease","Economics;Plants (biology);Conferences;Generative adversarial networks;Data models;Diseases;Information systems","","3","","19","IEEE","8 Feb 2021","26-28 Nov. 2020","26-28 Nov. 2020","IEEE","IEEE Conferences"
"EID-GAN: Generative Adversarial Nets for Extremely Imbalanced Data Augmentation","W. Li; J. Chen; J. Cao; C. Ma; J. Wang; X. Cui; P. Chen","School of Artificial Intelligence and Computer Science, Jiangsu Key Laboratory of Media Design and Software Technology, Science Center for Future Foods, Jiangnan University, Wuxi, China; Department of Computing, The Hong Kong Polytechnic University, Hong Kong; Department of Computing, The Hong Kong Polytechnic University, Hong Kong; School of Cyber Science and Engineering, Wuhan University, Wuhan, China; Department of Intelligent Science, Xi’an Jiaotong-Liverpool University, Suzhou, China; Department of Intelligent Science, Xi’an Jiaotong-Liverpool University, Suzhou, China; Department of Engineering, University of Massachusetts Boston, Boston, MA, USA",IEEE Transactions on Industrial Informatics,"8 Mar 2023","2023","19","3","3208","3218","Imbalanced data cause deep neural networks to output biased results, and it becomes more serious when facing extremely imbalanced data regarding the outliers with tiny size (the ratio of the outlier size to the image size is around 0.05%). Many data argumentation models are proposed to supplement imbalanced data to alleviate biased results. However, the existing augmentation models cannot synthesize tiny outliers, which make the generated data unavailable. In this article, we propose a new augmentation model named extremely imbalanced data augmentation generative adversarial nets (EID-GANs) to address the extremely imbalanced data augmentation problem. First, we design a new penalty function by subtracting the outliers from the cropped region of generated instance to guide the generator to learn the features of outliers. After this, we combine the output value of the penalty function with the generator loss to jointly update the generator’s parameters with backpropagation. Second, we propose a new evaluation approach that adopts two outlier detectors with k-fold cross-validation to assess the availability of generated instances. We conduct extensive experiments to demonstrate the significant performance improvement of EID-GAN on two extremely imbalanced datasets, which are the industrial Piston and the Fabric datasets, and one general imbalanced dataset, i.e., the public DAGM dataset. The experimental results show that our EID-GAN outperforms the state-of-the-art (SOTA) augmentation models on different imbalanced datasets.","1941-0050","","10.1109/TII.2022.3182781","2021 Jiangsu ShuangChuang Talent Program(grant numbers:JSSCBS20210827); Open Foundation of Engineering Research Center of Cyberspace(grant numbers:KJAQ202112014); CRF-RGC Collaborative Research Fund 2018/19-Group Research(grant numbers:C5026-18G); Fundamental Research Funds for the Central Universities(grant numbers:JUSRP121073,JUSRP521004); XJTLU Research Development Fund(grant numbers:RDF-21-01-053); AI Empowerment Tech. Inc.(grant numbers:RDS10120220021); ","https://ieeexplore.ieee.org/stamp/stamp.jsp?arnumber=9795891","Extremely imbalanced data augmentation;generative adversarial net (GAN);generated data evaluation;norm penalty function","Training;Generators;Detectors;Data models;Pistons;Fabrics;Prototypes","","77","","30","IEEE","14 Jun 2022","March 2023","","IEEE","IEEE Journals"
"Data Acquisition and Image Augmentation using Adversarial Networks","U. Lathamaheswari; J. Jebathagam","Department of Computer Science, Vels Institute of Science Technology and Advanced Studies, Chennai, India; Department of Computer Science, Vels Institute of Science Technology and Advanced Studies, Chennai, India",2022 International Conference on Edge Computing and Applications (ICECAA),"8 Nov 2022","2022","","","140","151","It is possible to avoid challenges caused by overfitting, and the performance of machine learning algorithms can improve when there is a large amount of data. The improved training data diversity that is offered by data augmentation, which does not require the collection of fresh data, is beneficial to the algorithms that are used in machine learning. In this paper, we collect the data from the associated paddy leaf dataset, however, it is found that the collected data is insufficient for conducting the training and testing of a classifier. In order to increase the samples for training and testing to predict the leaf disease using a machine or a deep learning classifier, it is essential to increase the number of instances for efficient classification. In regards to this, the study uses Generative Adversarial Networks (GANs) to increase the images required for training and testing using image cropping, flipping, color transformation, rotation and noise injection on the collected datasets. The simulation is conducted in python for the generation of images from the input datasets and we store these augmented images for further processing.","","978-1-6654-8232-5","10.1109/ICECAA55415.2022.9936265","","https://ieeexplore.ieee.org/stamp/stamp.jsp?arnumber=9936265","Image Augmentation;Image Processing;Generative Adversarial Network;Paddy Leaf.","Training;Deep learning;Machine learning algorithms;Image color analysis;Computational modeling;Training data;Prediction algorithms","","","","18","IEEE","8 Nov 2022","13-15 Oct. 2022","13-15 Oct. 2022","IEEE","IEEE Conferences"
"Interactive Translation in Echocardiography Training System With Enhanced Cycle-GAN","L. Teng; Z. Fu; Y. Yao","Chengdu Institute of Computer Application, Chinese Academy of Sciences, Chengdu, China; Chengdu Institute of Computer Application, Chinese Academy of Sciences, Chengdu, China; Chengdu Institute of Computer Application, Chinese Academy of Sciences, Chengdu, China",IEEE Access,"12 Jun 2020","2020","8","","106147","106156","Interactive translation in echocardiography training system refers to the pixel-wise translation between ultrasound cardiac and theoretical sketch images in the course of hand-on operation. It is capable of efficiently gaining more insights into clinical ultrasound anatomy. However, major studies on the synthesis of ultrasound cardiac image primarily discuss the physical model simulation, while studies on cardiac image segmentation place an emphasis on image processing. Thus, they cannot be easily integrated into one pipeline for interactive translation. This paper presents an enhanced Cycle-GAN for interactive translation. Perceptual loss is introduced to enhance the quality of synthetic ultrasound texture, while Cycle-GAN translates between two modalities. The proposed method is trained on 300 pair images and tested on 68 pair images. As revealed from the experiment results, the proposed method is feasible in interactive translation, and it is superior over Cycle-GAN for ultrasound image synthesis.","2169-3536","","10.1109/ACCESS.2020.3000666","Sichuan Province’s New Generation of Artificial Intelligence Major Special Project(grant numbers:2018GZDZX0036); ","https://ieeexplore.ieee.org/stamp/stamp.jsp?arnumber=9110573","Echocardiography;generative adversarial network (GAN);interactive translation;computer vision;medical image analysis","Ultrasonic imaging;Image segmentation;Echocardiography;Training;Gallium nitride;Computed tomography;Magnetic resonance imaging","","28","","40","CCBY","8 Jun 2020","2020","","IEEE","IEEE Journals"
"GenAI for the Synthesis of Enteric Methane Data","E. Komaclo; T. Gonsalves","Information & Communication Sciences Faculty of Science & Tech., Sophia University, Tokyo, Japan; Information & Communication Sciences Faculty of Science & Tech., Sophia University, Tokyo, Japan",2024 6th International Workshop on Artificial Intelligence and Education (WAIE),"4 Mar 2025","2024","","","364","368","Methane (CH4) is the second most significant greenhouse gas and a primary contributor to global warming, with its atmospheric concentration tripling since the beginning of the 20th century due to human activity. Agriculture, particularly enteric fermentation in ruminant animals, is the largest anthropogenic source of methane emissions. Direct measurement techniques, such as respiration chambers and the sulfur hexafluoride tracer method, provide precise enteric methane information but are often restricted to small-scale operations due to high costs and controlled environment requirements. Indirect estimation methods, relying on mathematical models, have limitations due to uncertainties in national and global livestock methane inventories. This study explores the potential of Generative Artificial Intelligence (GenAI) models, specifically Variational Autoencoders (VAEs) and Conditional VAEs (CVAEs), to synthesize realistic and statistically accurate enteric methane data. Our findings demonstrate that CVAEs outperform VAEs in generating diverse and realistic data, effectively addressing class imbalances and enhancing methane emission prediction models.","","979-8-3503-7889-4","10.1109/WAIE63876.2024.00071","","https://ieeexplore.ieee.org/stamp/stamp.jsp?arnumber=10904413","methane emissions;enteric fermentation;data synthesis;generative models;variational autoencoder;conditional variational autoencoder","Generative AI;Climate change;Data augmentation;Image morphing;Image classification;Machine learning;Methane;Greenhouse gases;Global warming;Atmospheric measurements;Predictive models;Mathematical models;Agriculture;Fermentation;Livestock;Inventory management","","","","21","IEEE","4 Mar 2025","28-30 Sept. 2024","28-30 Sept. 2024","IEEE","IEEE Conferences"
"Advancements for Improved Plant Disease and Pest Identification: A Survey","T. Feilong; H. T. Yew; F. Wong; R. R. Porle","Faculty of Engineering, Universiti of Sabah Malaysia, Sabah, Malaysia; Faculty of Engineering, Universiti of Sabah Malaysia, Sabah, Malaysia; Faculty of Engineering, Universiti of Sabah Malaysia, Sabah, Malaysia; Faculty of Engineering, Universiti of Sabah Malaysia, Sabah, Malaysia","2024 International Conference on Green Energy, Computing and Sustainable Technology (GECOST)","26 Mar 2024","2024","","","354","358","Image classification methods are widely applied to the identification of plant pests and diseases. Despite recent innovative efforts in plant pest and disease identification, the vast diversity of plant pest and disease types and long-tail distribution of data continue to pose serious challenges. In this context, we have thoroughly reviewed numerous papers published over the past three years regarding plant pest and disease identification and classification tasks. Our aim is to provide a timely yet not exhaustive overview of the latest advancements in these tasks, and fairly compare the strengths and weaknesses of existing work. To enrich this survey, we provide in-depth analysis and thoughtful discussion on these topics in each subsection, in the hope of providing guidance for subsequent research.","","979-8-3503-5790-5","10.1109/GECOST60902.2024.10474674","","https://ieeexplore.ieee.org/stamp/stamp.jsp?arnumber=10474674","Plant Pests and Diseases;Few-Shot Learning;Data Augmentation;Meta-Learning;Transfer Learning","Surveys;Training;Plant diseases;Image recognition;Reviews;Transfer learning;Task analysis","","","","40","IEEE","26 Mar 2024","17-19 Jan. 2024","17-19 Jan. 2024","IEEE","IEEE Conferences"
"HSTNet: Hybrid Supervision-Driven Two-Stream Collaborative Network for Hyperspectral Wheat Variety Classification","L. Zhou; S. Cui; Q. Zhang; W. Zhao; Z. Liang; W. Zhang","School of Information Engineering, Henan Institute of Science and Technology, Xinxiang, China; School of Information Engineering, Henan Institute of Science and Technology, Xinxiang, China; School of Information Science and Technology, Dalian Maritime University, Dalian, China; School of Artificial Intelligence, Beijing University of Posts and Telecommunications, Beijing, China; School of Internet, Anhui University, Hefei, China; School of Information Engineering, Henan Institute of Science and Technology, Xinxiang, China",IEEE Transactions on Geoscience and Remote Sensing,"17 Dec 2025","2025","63","","1","16","Hyperspectral remote sensing plays an important role in agricultural monitoring, and fine-grained wheat variety classification is essential for advancing smart agriculture. However, progress is limited by the scarcity of high-quality spectral samples and the challenges associated with collecting large-scale hyperspectral data. To cope with these issues, we design a hybrid supervised-driven two-stream collaborative network (HSTNet), which consists of a semi-supervised conditional generative adversarial network (SCGAN) for data augmentation and a supervised two-stream discriminative network (STDNet) for wheat classification. In SCGAN, the generator constructs a mapping relationship between input noise and real wheat hyperspectral samples to generate fake wheat hyperspectral samples that are highly matched with the distribution of the real sample, and the discriminator with multilayer perceptions utilizes discriminative learning to identify real and fake samples. In STDNet, it collaboratively extracts the spectral, spatial, and texture features of wheat hyperspectral images employing the dual-stream branch structure of 3-D convolutional neural network (3DCNN) and 2-D convolutional neural network (2DCNN). Subsequently, it utilizes the fast Fourier transform (FFT) and the cross-attention mechanism (CAM) to refine and fuse these features to improve their capability of feature expression. Noteworthy, the individual design effectively improves the classification results of wheat varieties via collaborative optimization among modules. Besides, we built a mixed wheat hyperspectral dataset (MWHD) with 4800 samples of 20 wheat varieties. Extensive experiments on our constructed MWHD dataset demonstrate that the proposed HSTNet outperforms state-of-the-art methods in wheat variety classification. The code is publicly available at: https://github.com/bakam412/HSTNet","1558-0644","","10.1109/TGRS.2025.3642791","National Natural Science Foundation of China(grant numbers:62401095,62403066,62401005); Henan Postdoctoral Foundation; China Postdoctoral Science Foundation Project(grant numbers:2025T180065,2024M750747); Training Program for Young Backbone Teachers in Higher Education Institutions of Henan Province(grant numbers:2025GGJS099); Science and Technology Research Project of Henan Province(grant numbers:252102211003); ","https://ieeexplore.ieee.org/stamp/stamp.jsp?arnumber=11296867","Conditional generative adversarial;hybrid supervision;two-stream discriminative;wheat variety classification","Hyperspectral imaging;Feature extraction;Accuracy;Data augmentation;Generative adversarial networks;Data models;Optimization;Deep learning;Training;Smart agriculture","","7","","59","IEEE","11 Dec 2025","2025","","IEEE","IEEE Journals"
"XEAD-AgriSec: An Explainable Edge Anomaly Detection Framework for Cybersecurity in AI-Powered Agricultural IoT Systems","Y. Boukhal; S. -A. Dragusin; N. Bizon; M. N. Kabbaj; M. Benbrahim","Faculty of Sciences Dhar El Mahraz, Engineering, Modeling and System Analysis Laboratory Sidi Mohamed Ben Abdellah University Fez, Morocco; Doctoral School of the Faculty of Electronics, Telecommunications and Information Technology National University of Science and Technology POLITEHNICA Bucharest Pitesti, Romania; Pitești University Centre, The National University of Science and Technology POLITEHNICA Bucharest, Pitesti, Romania; Faculty of Sciences Dhar El Mahraz, Engineering, Modeling and System Analysis Laboratory Sidi Mohamed Ben Abdellah University Fez, Morocco; Faculty of Sciences Dhar El Mahraz, Engineering, Modeling and System Analysis Laboratory Sidi Mohamed Ben Abdellah University Fez, Morocco",IEEE Access,"","2026","PP","99","1","1","The convergence of generative artificial intelligence (GAI), large language models, and automated vulnerability discovery tools has fundamentally altered the cyber-threat landscape for Internet of Things (IoT) infrastructures in precision agriculture. Adversaries nowleverage AI-powered attack generators to craft sophisticated data-injection, spoofing, and denial-of-service attacks againstirrigation sensors and actuators, rendering traditional network-traffic-based intrusion detection systems (IDS) insufficient. This paper proposes XEAD-AgriSec, an eXplainable Edge Anomaly Detection framework that protects the physical sensor layer of agricultural IoT systems through a fog-computing-centric architecture. The fog node serves as the primary inference tier where all trained models, from lightweight DNNs to hybrid LSTM+gradient-boosted tree ensembles, execute high-precision classification with XAI explanations. The architecture is complemented by an eight-bit quantised autoencoder for a microcontroller-class TinyML sensor tier (evaluated via TFLite INT8 quantisation simulation) for pre-screening. The framework integrates SHapley Additive exPlanations (SHAP) and Local Interpretable Model-agnostic Explanations (LIME) to produce agricultural-domain explanations, and a novel CVSS-inspired severity scoring function to prioritise alerts by sensor criticality and crop-cycle risk. We address the critical challenge of limited real-world agricultural security data through a physics-informed synthetic data augmentation pipeline that generates realistic sensor traces preserving autoregressive temporal dynamics, cross-sensor correlations, and diurnal patterns. We further explore fine-tuning of the MOMENT time-series foundation model on the irrigation data. Evaluated across three experimental tracks, namely a synthetic-attack benchmark (seven attack classes), direct irrigation training, and foundation-model fine-tuning, the proposed framework achieves 97.87% accuracy and 0.9667 macro-precision on the synthetic-attack benchmark with the hybrid LSTM+LightGBM model, its strongest detector, and 0.8210 macro-precision (0.45 normal-class precision) on the real irrigation dataset with only 4,825 field samples, using the same hybrid LSTM+LightGBM architecture. The microcontroller-class TinyML autoencoder, evaluated via INT8 quantisation simulation, discards roughly 86–87% of normal windows at the sensor node before they reach the fog tier. These results demonstrate that sensor-level anomaly detection with explainability is both feasible and necessary for trustworthy smart-irrigation security in the era of AI-powered cyber threats.","2169-3536","","10.1109/ACCESS.2026.3729843","","https://ieeexplore.ieee.org/stamp/stamp.jsp?arnumber=11675803","Agricultural IoT security;explainable artificial intelligence;fog computing;generative AI threats;intrusion detection system;irrigation monitoring;LIME;physics-informed data augmentation;SHAP;TinyML","Modeling;Internet of Things;Image sensors;Irrigation;Training;Long short term memory;Windows;Tracking;Timing;Security","","","","","CCBY","2 Sep 2026","","","IEEE","IEEE Early Access Articles"
"ICGAN-CRSI: Integrating Conditional Generative Adversarial Networks for Efficient Classification of Remote Sensing Satellite Images","N. E. ElDien; S. M. Youssef; M. A. ElShenawy","Computer Engineering Department, Arab Academy for Science, Technology and Maritime Transport (AASTMT), Alexandria, Egypt; Head of Computer Engineering Department, Arab Academy for Science, Technology and Maritime Transport (AASTMT), Alexandria, Egypt; Computer Engineering Department, Arab Academy for Science, Technology and Maritime Transport (AASTMT), Alexandria, Egypt",2025 International Conference on Machine Intelligence and Smart Innovation (ICMISI),"19 Aug 2025","2025","","","42","47","Remote sensing imagery is extensively utilized across various industries, including monitoring the environment, planning for cities, agriculture, and managing disasters. Image classification is crucial in advancing these applications, yet the existing literature on large-scale, application-dependent datasets and models remains limited. Satellite image classification faces challenges such as data quality, volume, and distribution, which complicate analysis. Additional complexities arise from handling variations in scale and resolution. Moreover, the rapid growth in remote sensing datasets, driven by increased satellite missions and sensor advancements, necessitates new methodologies. This study introduces high-capacity convolutional neural network (CNN) architectures with large-scale datasets, focusing on the AID (Aerial Image Dataset) for satellite image classification. We propose several CNN architectures with scaling methods to utilize spatial information for categorizing images into thirty distinct classes. To enhance classification performance, a novel model, Integrating Conditional Generative Adversarial Networks for Efficient Classification of Remote Sensing Satellite Images (ICGAN-CRSI), is presented, integrates CGAN Conditional Generative Adversarial Networks, enabling the creation of diverse realistic samples. This powerful integration with CGANs enriches the training set, helps to reduce overfitting, and allows the model to capture a wider array of patterns. The image enhancement phase leverages BM3D, an image denoising technique, to reduce noise and boost spatial resolution. Various architectures were tested, including MobileNetV2, VGG19, ResNet50, and Xception. The addition of dense and dropout layers preserves gradient details during classification, leading to improved accuracy. Findings show that the Xception model delivers the highest performance, attaining an accuracy rate of 95.3%.","","979-8-3315-2349-7","10.1109/ICMISI65108.2025.11115249","","https://ieeexplore.ieee.org/stamp/stamp.jsp?arnumber=11115249","Remote Sensing;Satellite Image;GAN;AID;Xception;MobilNetV2;ResNet50;VGG19","Training;Accuracy;Satellites;Generative adversarial networks;Data models;Satellite images;Convolutional neural networks;Remote sensing;Monitoring;Residual neural networks","","","","25","IEEE","19 Aug 2025","10-12 May 2025","10-12 May 2025","IEEE","IEEE Conferences"
"Cloud-Edge Integrated Deep Learning for Medicinal Plant Disease Detection: A Case Study on Tulsi (Basil)","M. Parthiban; B. Maram","Department of Computer Science, SR University, Warangal, Telangana, India; Department of Computer Science, SR University, Warangal, Telangana, India","2025 3rd International Conference on Advances in Computation, Communication and Information Technology (ICAICCIT)","19 Mar 2026","2025","1","","1192","1196","Timely and correct detection of diseases in medicinal plants like Tulsi (Ocimum tenuiflorum) is essential to sustainable agriculture and medicine. Traditional image-processing tools can be difficult when practical issues are taken into account, which can stimulate the development of strong, scalable solutions. In this paper, a cloud-edge integrated deep learning framework is proposed, which combines lightweight edge-efficient models and high-capacity cloud networks, whose strength is augmented by generative adversarial network (GAN)-based augmentation to solve the issue of data scarcity. Relative analysis to both machine learning and deep learning baselines show that the hybrid ensemble is significantly more accurate, stable as well as able to run in real-time in low-power devices. The paper adds a Tulsi-specific cloud-edge ensemble, proposes GAN-based imbalanced class augmentation, and compares edge and cloud as well as hybrid models. It also characterizes statistical significance testing, cross-dataset validation, and deployment issues of latency, cost, and IoT sustainability as gaps in research, upon which future levels of field adoption will be based.","","979-8-3315-7767-4","10.1109/ICAICCIT68829.2025.11434015","","https://ieeexplore.ieee.org/stamp/stamp.jsp?arnumber=11434015","Tulsi (Basil);Cloud Computing;Deep Learning;Cloud-Edge Computing;Precision Agriculture","Deep learning;Precision agriculture;Medicinal plants;Cloud computing;Accuracy;Computational modeling;Image edge detection;Predictive models;Diseases;Edge computing","","","","20","IEEE","19 Mar 2026","31 Oct.-1 Nov. 2025","31 Oct.-1 Nov. 2025","IEEE","IEEE Conferences"
"A Novel Transformer Model for Accelerated and Efficient Cotton Leaf Disease Identification","M. M. Rahman; M. S. Hossain; K. Dhakal; R. Poudel; M. M. Islam; M. R. Ahmed; S. Rahman","Dept. of Computer Science, Louisiana State University in Shreveport, LA, USA; Dept. of Computer Science, American International University-Bangladesh, Dhaka, Bangladesh; Dept. of Computer Science, Louisiana State University in Shreveport, LA, USA; Dept. of Computer Science, Louisiana State University in Shreveport, LA, USA; College of Technology & Engineering, Westcliff University, Irvine, California, USA; Dept. of Computer Science and Engineering, East West University, Dhaka, Bangladesh; Dept. of Software Engineering, Daffodil International University, Dhaka, Bangladesh","2025 International Conference on Quantum Photonics, Artificial Intelligence, and Networking (QPAIN)","29 Sep 2025","2025","","","1","6","Cotton leaf diseases particularly threaten crop productivity, making early detection a vital yet challenging task due to subtle visual symptoms, a scarcity of labeled datasets, and the absence of diagnostic tools suitable for field use. Traditional deep learning methods often struggle with generalization across varying agricultural conditions and require extensive computational resources. To address these challenges, this study proposes a novel framework for classifying cotton leaf diseases using Vision Transformer (ViT) architecture, specifically the Swin Transformer, integrated into a real-time, web-based diagnostic application. The system was trained and evaluated using two publicly available datasets: SAR-CLD-2024, which contains 2,137 images across seven disease classes, and a severity-based dataset consisting of 980 images categorized into four disease types with subclass labels. To mitigate class imbalance, extensive data augmentation was employed. In this study, we employed Generalized Low Rank Modeling (GLRM) for dimensionality reduction and Infomax-GAN for feature selection, enhancing model performance and interpretability. We benchmarked four Vision Transformer models-LeViT, BEiT, DeiT, and Swin Transformer—using accuracy, precision, recall, F1-score, and PR-AUC as metrics. The Swin Transformer achieved the highest accuracy, 99.70 % on the SAR-CLD-2024 dataset and 98.84% on the severity-based dataset. Our web application enables users to upload images and receive real-time diagnostic feedback, offering a practical solution for precision agriculture. This study's novelty lies in integrating hierarchical transformer-based classification with advanced feature selection and practical deployment, creating a robust tool for early detection of cotton leaf diseases in agriculture.","","979-8-3315-9694-1","10.1109/QPAIN66474.2025.11172151","","https://ieeexplore.ieee.org/stamp/stamp.jsp?arnumber=11172151","Cotton leaf disease;vision transformer (ViT);agriculture;sustainable farming;swim transformer","Deep learning;Computer vision;Accuracy;Crops;Computer architecture;Transformers;Feature extraction;Real-time systems;Cotton;Diseases","","2","","25","IEEE","29 Sep 2025","31 July-2 Aug. 2025","31 July-2 Aug. 2025","IEEE","IEEE Conferences"
"Application of Artificial Intelligence in Soil Contamination Analysis: Green Sustainable Practices","S. Jabin; S. Abbas; A. Chadha; J. Chawla","School of Engineering & Technology, MRIIRS, Faridabad, Haryana, India; School of Engineering & Technology, MRIIRS, Faridabad, Haryana, India; School of Computer Applications, MRIIRS, Faridabad, Haryana, India; School of Engineering & Technology, MRIIRS, Faridabad, Haryana, India","2024 2nd International Conference on Advances in Computation, Communication and Information Technology (ICAICCIT)","13 Mar 2025","2024","1","","337","341","Soil nutrients have a significant contribution in the health of soil and in productivity of crops. However, traditional methods of analysis of different parameters of soil such as electrical conductivity (EC), pH, organic carbon, moisture content, nitrogen, C/N ratio, phosphorus and potassium (NPK) and soil temperature are time consuming and exhaustive methods. However, with advancement in artificial intelligence, various advanced and digital based techniques can be explored for handling the large number of soil parameters data for better and efficient results. A set of AI techniques including Deep Learning (DL) and Machine Learning (ML) have great potential in advanced technology based agriculture systems. Farmers and soil scientists can identify the amount of nutrients present in agricultural soil by exploiting AI methods particularly ML and DL techniques. These techniques are accurate and adaptable techniques. Accuracy of results can be achieved by ML technique. Generative AI, a subset of AI is playing an important role to enhance the productivity in agriculture domain. In this paper, the authors have shown the application of GAN, a machine learning framework, to generate data that imitates real soil contamination data. This synthetic data can help to augment training datasets for machine learning models.","","979-8-3315-4121-7","10.1109/ICAICCIT64383.2024.10912319","","https://ieeexplore.ieee.org/stamp/stamp.jsp?arnumber=10912319","Artificial intelligence;Machine Learning;Deep Learning;Generative AI;Agriculture;GAN","Productivity;Deep learning;Accuracy;Generative AI;Soil;Nutrients;Generative adversarial networks;Agriculture;Data models;Contamination","","","","31","IEEE","13 Mar 2025","28-29 Nov. 2024","28-29 Nov. 2024","IEEE","IEEE Conferences"
"Improve L2-normalized Softmax with Exponential Moving Average","X. Zhe; L. Ou-Yang; H. Yan","Department of Electronic Engineering, City University of Hong Kong, Hong Kong, China; Guangdong key Laboratory of intelligent information Processing Shenzhen key Laboratory of Media Security, Shenzhen University, Guangdong, China; Department of Electronic Engineering, City University of Hong Kong, Hong Kong, China",2019 International Joint Conference on Neural Networks (IJCNN),"30 Sep 2019","2019","","","1","7","In this paper, we propose an effective training method to improve the performance of L2-normalized softmax for convolutional neural networks. Recent studies of deep learning show that by L2-normalizing the input features of softmax, the accuracy of CNN can be increased. Several works proposed novel loss functions based on the L2-normalized softmax. A common property shared by these modified normalized softmax models is that an extra set of parameters is introduced as the class centers. Although the physical meaning of this parameter is clear, few attentions have been paid to how to learn these class centers, which limits further improvement. In this paper, we address the problem of learning the class centers in the L2-normalized softmax. By treating the CNN training process as a time series, we propose a novel learning algorithm that combines the generally used gradient descent with the exponential moving average. Extensive experiments show that our model not only achieves better performance but also has a higher tolerance to the imbalance data.","2161-4407","978-1-7281-1985-4","10.1109/IJCNN.2019.8851850","","https://ieeexplore.ieee.org/stamp/stamp.jsp?arnumber=8851850","","Training;Time series analysis;Deep learning;Task analysis;Optimization methods;Neural networks","","2","","34","IEEE","30 Sep 2019","14-19 July 2019","14-19 July 2019","IEEE","IEEE Conferences"
"Vehicle Driving Behavior Recognition Based on Multi-View Convolutional Neural Network With Joint Data Augmentation","Y. Zhang; J. Li; Y. Guo; C. Xu; J. Bao; Y. Song","School of Electronic Engineering, Beijing University of Posts and Telecommunications, Beijing, China; School of Electronic Engineering, Beijing University of Posts and Telecommunications, Beijing, China; School of Electronic Engineering, Beijing University of Posts and Telecommunications, Beijing, China; School of Electronic Engineering, Beijing University of Posts and Telecommunications, Beijing, China; School of Electronic Engineering, Beijing University of Posts and Telecommunications, Beijing, China; Intel China Ltd., Beijing, China",IEEE Transactions on Vehicular Technology,"28 May 2019","2019","68","5","4223","4234","This paper proposes a method for vehicle driving behavior recognition based on a six-axis motion processor. This method uses deep-learning technology to learn the sample data collected by the on-board sensor. To solve the problem of small sample size and easy overfitting, we propose a joint data augmentation (JDA) scheme, and design a new multi-view convolutional neural network model (MV-CNN). The JDA includes the multi-axis weighted fusion algorithm, background noise fusion algorithm, and random cropping algorithm to construct a sample dataset that is more in line with a complex real driving environment. With the CNN model, the direction of information propagation improved, and a new MV-CNN model was developed for the training, learning, and recognition of driving behavior. The performance of MV-CNN is experimentally compared with CNN, recurrent neural networks (RNN), LSTM, CNN+LSTM, and three-dimensional CNN. The results show that MV-CNN can obtain the best recall, precision, and F1-score. At the same time, MV-CNN and JDA have better generalization ability, reduce the training variance and deviation, and increase the stability of the model training process.","1939-9359","","10.1109/TVT.2019.2903110","National Natural Science Foundation of China(grant numbers:61871046); Fab. X Artificial Intelligence Research Center, Beijing, China; ","https://ieeexplore.ieee.org/stamp/stamp.jsp?arnumber=8660472","driving behavior recognition;data augmentation;deep neural network;deep learning;Internet of Things","Neural networks;Feature extraction;Hidden Markov models;Deep learning;Training;Vehicles;Roads","","62","","25","IEEE","5 Mar 2019","May 2019","","IEEE","IEEE Journals"
"Data Augmentation Framework for Improving Image Recognition Using cycleGAN","S. Kim; S. T. Deribe; G. Byun; K. Joo; J. Pyo; T. Kuc; H. Choo","Dept. of Electrical and Computer Engineering, Sungkyunkwan University, Suwon, South Korea; Dept. of Electrical and Computer Engineering, Sungkyunkwan University, Suwon, South Korea; Dept. of AI Systems Engineering, Sungkyunkwan University, Suwon, South Korea; Dept. of Electrical and Computer Engineering, Sungkyunkwan University, Suwon, South Korea; Dept. of Electrical and Computer Engineering, Sungkyunkwan University, Suwon, South Korea; Dept. of Electrical and Computer Engineering, Sungkyunkwan University, Suwon, South Korea; Dept. of Electrical and Computer Engineering, Sungkyunkwan University, Suwon, South Korea",2024 18th International Conference on Ubiquitous Information Management and Communication (IMCOM),"12 Feb 2024","2024","","","1","4","This paper proposes a novel framework that significantly enhances the performance of semantic segmentation models in recognizing specific objects. Leveraging the capabilities of Generative Adversarial Networks (GANs), particularly Cycle-GAN, this framework focuses on augmenting high-quality data to improve object recognition in autonomous driving and other applications. The study utilizes a dataset of 5,005 road images, enriched with polygon labels for precise object recognition. Key advancements in this research include the implementation of feature matching and fact forcing techniques to stabilize and integrate GAN performance, thereby overcoming common challenges like mode collapse, slow training, and overfitting. In the performance-enhanced GAN model, we improved the Discriminator Loss from the original 1.0517 to 0.0001, achieving convergence to zero 66.67% faster.","","979-8-3503-3101-1","10.1109/IMCOM60618.2024.10418294","IITP(grant numbers:IITP-2024-2020-0-01821,IITP-2021-0-02068,IITP-2019-0-00421); ","https://ieeexplore.ieee.org/stamp/stamp.jsp?arnumber=10418294","Generative Adversarial Networks;Computer Vision;Semantic Segmentation;Optimization modelling","Training;Semantic segmentation;Roads;Generative adversarial networks;Data models;Object recognition;Task analysis","","1","","9","IEEE","12 Feb 2024","3-5 Jan. 2024","3-5 Jan. 2024","IEEE","IEEE Conferences"
"Supervisory Configuration of Deep Learning Networks for Plant Stress Detection and Synthetic Dataset Generation","J. Renán Velázquez-González; M. Pérez-Patricio; J. A. de Jesús Osuna-Coutiño; J. Luis Camas-Anzueto; A. Aguilar-González; N. A. Morales-Navarro; C. A. Hernández-Gutiérrez","Department of Science, Tecnológico Nacional de México/Instituto Tecnológico de Tuxtla Gutiérrez, Tuxtla Gutiérrez, Chiapas, Mexico; Department of Science, Tecnológico Nacional de México/Instituto Tecnológico de Tuxtla Gutiérrez, Tuxtla Gutiérrez, Chiapas, Mexico; Department of Science, Tecnológico Nacional de México/Instituto Tecnológico de Tuxtla Gutiérrez, Tuxtla Gutiérrez, Chiapas, Mexico; Department of Science, Tecnológico Nacional de México/Instituto Tecnológico de Tuxtla Gutiérrez, Tuxtla Gutiérrez, Chiapas, Mexico; Department of Computer Science, Instituto Nacional de Astrofísica, Óptica y Electrónica, San Andrés Cholula, Mexico; Department of Science, Tecnológico Nacional de México/Instituto Tecnológico de Tuxtla Gutiérrez, Tuxtla Gutiérrez, Chiapas, Mexico; Department of Science, Tecnológico Nacional de México/Instituto Tecnológico de Tuxtla Gutiérrez, Tuxtla Gutiérrez, Chiapas, Mexico",IEEE Access,"17 Dec 2024","2024","12","","186255","186276","In computer vision, plant stress detection involves the identification and classification of crop stresses. There are several approaches for the identification of green areas. The most recent approaches rely on machine-learning techniques or deep-learning networks to develop this task. Unfortunately, when attempting to use these networks to detect stressed plants, their performance drastically decreases. In most cases, these networks cannot detect plant stress. In addition, there are extensive repositories of plants on the internet. However, in most cases, these repositories do not include stressed plants. An alternative is to use networks to generate realistic synthetic images; nevertheless, these mathematical models frequently fail to produce accurate synthetic images (increasing supervision and collection times). Motivated by the latter, we propose a supervisory configuration of deep-learning networks to detect stressed plants and generate synthetic databases. This methodology consists of three phases. First, we collected a small set of Internet images of the stressed crops. Second, the process involves final layer training of the image generation model by introducing a new node into the network. Finally, we supervised the generative model using a classification neural network and a feedback loop. This supervision increased the quality of the generated synthetic images. Therefore, the experimental results were promising. The proposed configuration showed a 23.85% increase in average precision and a 10.8% increase in average recall compared with traditional classification architectures using the same synthetic dataset. These results demonstrated the feasibility of this configuration for the classification of stressed crops using synthetic datasets.","2169-3536","","10.1109/ACCESS.2024.3509814","Consejo Nacional de Humanidades, Ciencias y Tecnologías (CONAHCYT); ","https://ieeexplore.ieee.org/stamp/stamp.jsp?arnumber=10772165","Plant stress detection;plant stress classification;deep learning;visual pattern","Crops;Stress;Training;Transformers;Deep learning;Neural networks;Image synthesis;Visualization;Synthetic data;Feature extraction","","3","","62","CCBY","2 Dec 2024","2024","","IEEE","IEEE Journals"
"GANterpolate+: A Unified Framework for Data Reconstruction in Sparse and Heterogeneous Domains","V. Tiwari; K. Agrawal; V. S. Ram Dasari","School of Computing, Montclair State University, New Jersey, USA; School of Business, Stevens Institute of Technology, New Jersey, USA; School of Computing, Montclair State University, New Jersey, USA",2026 IEEE 16th Annual Computing and Communication Workshop and Conference (CCWC),"25 Feb 2026","2026","","","0281","0290","Reconstructing incomplete or irregular time series remains a persistent challenge across scientific, industrial, and operational domains, where missing observations can hinder accurate modeling, forecasting, and decision-making. Building on our earlier GANterpolate framework—which integrates Generative Adversarial Networks with interpolation refinement—this work introduces GANterpolate+, a generalized and domain-adaptive architecture designed for high-fidelity reconstruction in heterogeneous spatiotemporal datasets. The framework incorporates a domain-aware consistency objective to stabilize adversarial-learning under varying data regimes, along with spatiotemporal embedding layers that capture structural, temporal, and contextual dependencies without relying on domain-specific assumptions. To evaluate its cross-domain adaptability, GANterpolate+ is applied to multiple real-world settings characterized by data sparsity, distributional shifts, and irregular sampling patterns. Experimental results demonstrate that GANterpolate+ consistently surpasses interpolation-only and GAN-only baselines across both random and clustered missingness, achieving improved reconstruction accuracy, stability, and multivariate coherence. Beyond accuracy gains, the unified and modular design enables straightforward extension to new data modalities with minimal reconfiguration. These findings establish GANterpolate+ as a scalable, robust, and versatile hybrid solution for recovering high-quality information from incomplete spatiotemporal observations across diverse application domains.","","979-8-3315-9397-1","10.1109/CCWC67433.2026.11393785","","https://ieeexplore.ieee.org/stamp/stamp.jsp?arnumber=11393785","Synthetic Data Generation;Generative Adversarial Networks (GANs);Interpolation","Interpolation;Accuracy;Computational modeling;Time series analysis;Predictive models;Generative adversarial networks;Data models;Spatiotemporal phenomena;Forecasting;Synthetic data","","","","19","IEEE","25 Feb 2026","5-7 Jan. 2026","5-7 Jan. 2026","IEEE","IEEE Conferences"
"Privacy-Preserving Data Sharing in Agriculture: Enforcing Policy Rules for Secure and Confidential Data Synthesis","A. Kotal; L. Elluri; D. Gupta; V. Mandalapu; A. Joshi","Dept. of C.S.E.E., University of Maryland Baltimore County, Baltimore, USA; Dept. of Computer Information Systems, Texas A&M University - Central Texas, Killeen, USA; Dept. of Computer Information Systems, Texas A&M University - Central Texas, Killeen, USA; Dept. of Information Systems, University of Maryland Baltimore County, Baltimore, USA; Dept. of C.S.E.E., University of Maryland Baltimore County, Baltimore, USA",2023 IEEE International Conference on Big Data (BigData),"22 Jan 2024","2023","","","5519","5528","Big Data empowers the farming community with the information needed to optimize resource usage, increase productivity, and enhance the sustainability of agricultural practices. The use of Big Data in farming requires the collection and analysis of data from various sources such as sensors, satellites, and farmer surveys. While Big Data can provide the farming community with valuable insights and improve efficiency, there is significant concern regarding the security of this data as well as the privacy of the participants. Privacy regulations, such as the European Union’s General Data Protection Regulation (GDPR), the EU Code of Conduct on agricultural data sharing by contractual agreement, and the proposed EU AI law, have been created to address the issue of data privacy and provide specific guidelines on when and how data can be shared between organizations. To make confidential agricultural data widely available for Big Data analysis without violating the privacy of the data subjects, we consider privacy-preserving methods of data sharing in agriculture. Synthetic data that retains the statistical properties of the original data but does not include actual individuals’ information provides a suitable alternative to sharing sensitive datasets. Deep learning-based synthetic data generation has been proposed for privacy-preserving data sharing. However, there is a lack of compliance with documented data privacy policies in such privacy-preserving efforts. In this study, we propose a novel framework for enforcing privacy policy rules in privacy-preserving data generation algorithms. We explore several available agricultural codes of conduct, extract knowledge related to the privacy constraints in data, and use the extracted knowledge to define privacy bounds in a privacy-preserving generative model. We use our framework to generate synthetic agricultural data and present experimental results that demonstrate the utility of the synthetic dataset in downstream tasks. We also show that our framework can evade potential threats, such as re-identification and linkage issues, and secure data based on applicable regulatory policy rules.","","979-8-3503-2445-7","10.1109/BigData59044.2023.10386276","","https://ieeexplore.ieee.org/stamp/stamp.jsp?arnumber=10386276","Data Privacy;Privacy Policy;Privacy Attacks;Big data in Agriculture","Surveys;Data privacy;Codes;Big Data;Agriculture;General Data Protection Regulation;Task analysis","","19","","48","IEEE","22 Jan 2024","15-18 Dec. 2023","15-18 Dec. 2023","IEEE","IEEE Conferences"
"A Survey of Generative Adversarial Networks for Satellite Imagery: Applications, Image Types, Tasks, and Challenges","H. S. Altahainah; O. M. Alyasiri; M. H. Mohd Noor","School of Computer Sciences, Universiti Sains Malaysia, Penang, Malaysia; School of Computer Sciences, Universiti Sains Malaysia, Penang, Malaysia; School of Computer Sciences, Universiti Sains Malaysia, Penang, Malaysia",IEEE Access,"28 Oct 2025","2025","13","","182192","182219","Satellite images are crucial in diverse fields, including agriculture, urban planning, and environmental monitoring. However, traditional image processing methods are inadequate to address numerous challenges, like data-related, computational, and land cover-specific issues, which frequently impact the accuracy and quality of satellite imagery. Generative adversarial networks (GANs), a significant advancement in artificial intelligence (AI), have demonstrated potential for enhancing satellite image processing. Therefore, this research reviews various GAN variants, with their related applications and categorization. This survey emphasizes recent literature for the three years and reviews GAN applications, image types, tasks, and challenges. Moreover, present comparative performance results of recent GAN models designed specifically for satellite imagery, highlighting trends in architecture, loss, and training. In addition, state-of-the-art GANs show substantial enhancements in the satellite image areas. The research presents five tasks of GANs in satellite imagery processing, such as data augmentation, segmentation, image reconstruction, translation, and surveillance. The most common evaluation metrics used to assess the performance of GAN-based satellite imaging systems are presented in this study. Finally, future studies should concentrate on improving these models for broad applications, prioritizing real-time data processing and overcoming computational challenges.","2169-3536","","10.1109/ACCESS.2025.3623067","","https://ieeexplore.ieee.org/stamp/stamp.jsp?arnumber=11206323","Generative adversarial networks (GANs);satellite imagery;remote sensing;super-resolution;cloud removal;pansharpening;semantic segmentation;synthetic aperture radar (SAR)","Satellite images;Satellites;Image resolution;Generative adversarial networks;Spatial resolution;Imaging;Radar imaging;Earth;Computer vision;Translation","","3","","171","CCBY","17 Oct 2025","2025","","IEEE","IEEE Journals"
"Automated Turmeric Leaf Disease Detection using Deep Learning and Ensemble Learning","G. E; S. R; S. S. V; S. M","Department of Computer Science And Engineering, Kongu Engineering College, Tamil Nadu, India; Department of Computer Science And Engineering, Kongu Engineering College, Tamil Nadu, India; Department of Computer Science And Engineering, Kongu Engineering College, Tamil Nadu, India; Department of Computer Science And Engineering, Kongu Engineering College, Tamil Nadu, India",2026 International Conference on Computer Networks and Inventive Communication Technologies (ICCNCT),"7 Jul 2026","2026","","","805","810","Turmeric or Curcuma longa is a widely grown economically significant crop which is usually cultivated in India and other tropical regions. The diseases of the leaf, such as leaf spot and leaf blight though, affect its productivity significantly since it can reduce the yield and the quality of the crop. In order to successfully control the crops, these diseases must be detected at early stages and this can be achieved through the use of traditional and manual processes such as inspection but this process takes a lot of time and it is labour intensive and human error is easy to commit. To address this, the current paper proposes an automated turmeric leaf disease recognition system that will be based on the deep learning and transfer learning architectures and will be created on the top of ResNet50, InceptionV3, and MobileNetV2. The Turmeric leaf images dataset was utilized and augmented data has already been performed, with the help of Generative Adversarial Networks (GANs) to diversify the information, and to approximate real field conditions. Additionally, there were also incremental types of learning and ensemble forms of learning that were also incorporated to improve the model performance, flexibility, and stability of forecasts. The overall classification rate was at 98, as indicated in the suggested system and this indicates that the system is very effective in detecting the diseases of the turmeric leaves. Furthermore, the models trained were converted into TensorFlow Lite (TFLite) implementation and enabled them to detect diseases in real-time on mobile and low-power devices. The proposed framework is a stable, fast, and cheap procedure of automated detection of turmeric leaf disease and assists in the intelligent farming strategy and eases the popularization of precision farming.","","979-8-3315-9020-8","10.1109/ICCNCT68477.2026.11590751","","https://ieeexplore.ieee.org/stamp/stamp.jsp?arnumber=11590751","Deep Learning;Transfer Learning;ResNet50;InceptionV3;MobileNetV2;GAN-based Augmentation;Incremental Learning;Ensemble Learning;TensorFlowLite;Precision Agriculture","Diseases;Modeling;Deep learning;Signal detection;Training;Printing;Crops;Ensemble learning;Timing;Accuracy","","","","15","IEEE","7 Jul 2026","11-13 May 2026","11-13 May 2026","IEEE","IEEE Conferences"
"Comparative Assessment of Deep Learning to Detect the Leaf Diseases of Potato based on Data Augmentation","U. Barman; D. Sahu; G. G. Barman; J. Das","Department of CSE, GIMT, Guwahati, Assam, India; Department of CSE, GIMT, Guwahati, Assam, India; Department of CSE, GIMT, Guwahati, Assam, India; Department of CSE, BBEC, Karimgannj, Assam, India",2020 International Conference on Computational Performance Evaluation (ComPE),"18 Sep 2020","2020","","","682","687","In recent times, the Convolution Neural Networks (CNNs) is widely used in agriculture fields such as plant disease detection, plant health issue prediction, etc. This paper also forwards a self-build CNN (SBCNN) for potato disease detection. The SBCNN is separately applied in the augmented and non-augmented potato leaf image dataset. The algorithm is used to train and test the potato leaves images. The best validation accuracy of SBCNN in the non-augmented and augmented datasets is 96.98% and 96.75% with the training accuracy of 99.71% and 98.75%, respectively. The errors of training and validation are reported in each epoch. The SBCNN model is performed well in an augmented dataset without having any overfitting in the model. The model is also compared with the performance of MobileNet architecture for the development of smartphone applications. Finally, the SBCNN (Augmented) is selected as the best model as compared to SBCNN (non-augmented) and MobileNet. The model is deployed in an android application for real-time testing of potato leaf diseases and it can be considered as a replica of agriculture pathological laboratory.","","978-1-7281-6644-5","10.1109/ComPE49325.2020.9200015","","https://ieeexplore.ieee.org/stamp/stamp.jsp?arnumber=9200015","Time series;Rainfall;AR;ARMA;Forecasting","Diseases;Training;Convolution;Testing;Neurons;Machine learning;Support vector machines","","51","","13","IEEE","18 Sep 2020","2-4 July 2020","2-4 July 2020","IEEE","IEEE Conferences"
"Deep Learning Architecture for Land-Cover Satellite Image Classification using Transfer Learning","P. Kulkarni; O. Geet; R. Garg; S. Varma; V. Sawant","Department of Information Technology, Dwarkadas J. Sanghvi College of Engineering, Mumbai, India; Department of Information Technology, Dwarkadas J. Sanghvi College of Engineering, Mumbai, India; Department of Information Technology, Dwarkadas J. Sanghvi College of Engineering, Mumbai, India; Department of Information Technology, Dwarkadas J. Sanghvi College of Engineering, Mumbai, India; Department of Information Technology, Dwarkadas J. Sanghvi College of Engineering, Mumbai, India",2026 6th Biennial International Conference on Nascent Technologies in Engineering (ICNTE),"23 Mar 2026","2026","","","1","6","Satellite imagery-based automatic land-cover classification is critical to a range of applications from precision agriculture and environmental monitoring to urban planning. Conventional machine learning methods are frequently hindered by remote sensing data’s high dimensionality, heterogeneity, and noise. In this paper, an end-to-end, modular image classification system is introduced based on the EuroSAT dataset. It is hand-designed deep convolutional neural networks (CNNs) with residual connections and transfer learning from pre-trained models (VGG16, ResNet50). The proposed pipeline features include robust data ingestion, preprocessing, and corruption handling for faulty imagery and scales to model-comparison capabilities. The residual-augmented custom CNN is superior in classification accuracy to a straight CNN baseline, while transfer-learning models realize fast convergence and good generalization with minimal training data. The Streamlit-based web interface, coupled with Google Earth Engine, supports real-time classification, time-series analysis, and interactive visualizations, allowing non-expert users to study land-cover dynamics without a hitch. Through modular code design, model versioning at scale, and thorough evaluation metrics, our system tackles essential reproducibility, model selection, and deployment readiness issues in satellite image analysis.","2836-9750","979-8-3315-7378-2","10.1109/ICNTE66387.2026.11437446","","https://ieeexplore.ieee.org/stamp/stamp.jsp?arnumber=11437446","Satellite image analysis;land-cover classification;EuroSAT;deep learning;convolutional neural networks;transfer learning","Deep learning;Analytical models;Accuracy;Reviews;Transfer learning;Time series analysis;Real-time systems;Satellite images;Convolutional neural networks;Residual neural networks","","","","20","IEEE","23 Mar 2026","16-17 Jan. 2026","16-17 Jan. 2026","IEEE","IEEE Conferences"
"Implementation of Transfer Learning Model for Improved Performance in Plant Leaf Disease Detection","J. P. Prasad; V. C. Jadala; R. U. Rani","Department of CS&AI, School of Computer Science and Artificial Intelligence, SR University, Warangal; Department of CS&AI, School of Computer Science and Artificial Intelligence, SR University, Warangal; Department of CSE(AI&ML), CVR College of Engineering, Hyderabad",2025 4th International Conference on Applied Artificial Intelligence and Computing (ICAAIC),"20 Jan 2026","2025","","","561","569","The smart farming research investigates the modern application of transfer learning to improve model performance and generalization in the identification of plant leaf diseases. Farmer's facing a high level threat to the yield due to a lack of knowledge related to plant leaf diseases is there all over the world. Computational intelligence-based smart farming that provides a common solution with the help of transfer learning based on algorithms such as Inception V3,DenseNet121, and MobileNetV2, which enables robust feature extraction from limited and imbalanced plant disease datasets. For experimental purposes, a fine-tuned dataset is taken for feature extraction and efficiency, where all data processing methodologies are implemented for better accurate results. Transfer learning includes a variety of data augmentation techniques, which include reduction of over-fitting, generalization for strengths, scalability, adaptability, and efficiency. In this paper, we combined two different techniques that provide robust representations, while augmentation ensures the model generalizes and improves the evaluation metrics such as accuracy, precision, recall, F1-score, and AUC. The result analysis and graphical analysis are provided for a better understanding of performance over the transfer learning implementation for generalization in plant leaf disease detection. This combined framework establishes a practical, scalable foundation for more effective and reliable automated plant disease diagnosis in diverse agricultural settings.","","979-8-3315-6587-9","10.1109/ICAAIC64647.2025.11330344","","https://ieeexplore.ieee.org/stamp/stamp.jsp?arnumber=11330344","Transfer learning;GAN;Artificial Intelligence;Smart farming","Smart agriculture;Measurement;Plant diseases;Accuracy;Computational modeling;Transfer learning;Stacking;Feature extraction;Ensemble learning;Artificial intelligence","","","","13","IEEE","20 Jan 2026","17-19 Dec. 2025","17-19 Dec. 2025","IEEE","IEEE Conferences"
"CLECG: A Novel Contrastive Learning Framework for Electrocardiogram Arrhythmia Classification","H. Chen; G. Wang; G. Zhang; P. Zhang; H. Yang","Department of Electronic Engineering, Beijing National Research Center for Information Science and Technology, Tsinghua University, Beijing, China; Department of Electronic Engineering, Beijing National Research Center for Information Science and Technology, Tsinghua University, Beijing, China; Department of Electronic Engineering, Beijing National Research Center for Information Science and Technology, Tsinghua University, Beijing, China; Beijing Tsinghua Changgung Hospital, Beijing, China; Department of Electronic Engineering, Beijing National Research Center for Information Science and Technology, Tsinghua University, Beijing, China",IEEE Signal Processing Letters,"20 Oct 2021","2021","28","","1993","1997","Deep learning-based intelligent electrocardiogram (ECG) diagnosis algorithms heavily rely on large annotated datasets. Unfortunately, in the context of ECG diagnosis, privacy issues and the high cost of data annotations lead to a shortage of ECG datasets which severely limits the performance of the state-of-the-art ECG diagnosis algorithms. In this paper, we propose a novel instance-level contrastive learning scheme for ECG signals, namely CLECG, to mine effective information from unlabeled data. During the pre-training, CLECG encourages the representations of different augmented views of the same signal (positive samples) to be similar and increases the distance between representations of augmented views from the different signals (negative samples). The whole pre-training process does not require any form of labeling. Experimental results show that the proposed CLECG strategy outperforms other self-supervised methods and supervised transfer learning strategies.","1558-2361","","10.1109/LSP.2021.3114119","National Key Research and Development Program of China(grant numbers:2017YFB1401804); Beijing National Research Center; ","https://ieeexplore.ieee.org/stamp/stamp.jsp?arnumber=9543620","Contrastive learning;electrocardiogram;arrhy-thmia classification","Electrocardiography;Training;Crops;Wavelet transforms;Task analysis;Signal processing algorithms;Rhythm","","30","","30","IEEE","21 Sep 2021","2021","","IEEE","IEEE Journals"
"Practical Self-Supervised Contrastive Driver Maneuver Interaction Learning via Augmenting Inertial Measurement Unit Signals","Y. Deng; S. He; H. Wang","School of Computing, University of Connecticut; School of Computing, University of Connecticut; School of Computing, University of Connecticut",2024 IEEE Smart World Congress (SWC),"24 Mar 2025","2024","","","935","940","Driver maneuver interaction learning (DMIL), i.e., learning and classifying the maneuver types (e.g., left or right turns, acceleration and deceleration) of a driver, is essential for developing advanced driver assistance systems and understanding driver behaviors in complex traffic environments. In this study, we propose S2-DMIL, a self-supervised contrastive DMIL framework. We focus on the inertial measurement unit (IMU) sensors, i.e., accelerometer and gyroscope, and aim to (a) reduce the reliance on large-scale labeled or annotated IMU for DMIL; and (b) capture crucial and meaningful representations for accurate DMIL in complex traffic environments. To this end, we have performed data augmentation upon time series of the unlabeled IMU signal data (e.g., through cropping, permutation), and designed self-supervised contrastive learning to capture the important representations. Within the contrastive learning process, we have implemented efficient convolution blocks as the feature encoding module, and pre-train it for the subsequent maneuver classification. Based on the pre-trained feature encoding module from the self-supervised contrastive learning, we further fine-tune S2-DMIL based on labeled driver maneuvers toward classification of the complex driver behaviors. We have conducted extensive data-driven studies upon a total of 5,799 samples from the open-sourced dataset (Berkeley Deep Drive-X). Our results demonstrate that our S2-DMIL outperforms the other baseline approaches (e.g., by about 12% on average in terms of accuracy) in learning the complex driver maneuvers.","2993-396X","979-8-3315-2086-1","10.1109/SWC62898.2024.00154","National Science Foundation; Google; ","https://ieeexplore.ieee.org/stamp/stamp.jsp?arnumber=10925052","self-supervised learning;driver maneuver interaction learning;inertial measurement unit","Measurement units;Accuracy;Convolution;Time series analysis;Inertial navigation;Contrastive learning;Encoding;Sensors;Labeling;Driver behavior","","","","20","IEEE","24 Mar 2025","2-7 Dec. 2024","2-7 Dec. 2024","IEEE","IEEE Conferences"
"Egyart_classify: an approach to classify outpainted Egyptian monuments images using GAN and ResNet","K. Yasser; A. M. Salama; A. Amr; L. E. Yehia; S. Refaat; F. H. Ismail","Faculty of computer science, Misr International university; Faculty of computer science, Misr International university; Faculty of computer science, Misr International university; Faculty of computer science, Misr International university; Faculty of computer science, Misr International university; Faculty of computer science, Misr International university","2022 2nd International Mobile, Intelligent, and Ubiquitous Computing Conference (MIUCC)","1 Jun 2022","2022","","","160","166","Since Egypt is the cradle of civilizations, it contains many monuments and historical places. Tourist guides need the help of machine learning techniques to aid foreigners in getting to know Egypt's great history. This paper introduces a system to recognize monuments and provides a detailed description. A significant challenge is tackled in this paper, which is recognizing cropped monuments. When a tourist captures a monument image in real life, it may be occluded by an object. The human brain fills in the blanks and completes the image automatically. Our main contribution is to use generative adversarial deep learning techniques (GAN) to outpaint the cropped image. The outpainted image is then fed into state of art classifier RESNET to classify the monument and show a detailed explanation of its remarkable history. We trained the system with a dataset collected by the team of authors. After 1000 epochs of training, the Adversarial Loss of training GAN is 0.28344184 and the validation loss is 0.30181705. The performance measures of the RESNET classifier in testing are 97.0% for accuracy, 97.1% for precision, 97.0% for recall, and 97.0% for F1-measure.","","978-1-6654-6677-6","10.1109/MIUCC55081.2022.9781780","","https://ieeexplore.ieee.org/stamp/stamp.jsp?arnumber=9781780","RESNET;GAN;monument classification;out-painting images;adversarial deep learning","Training;Deep learning;Computers;Art;Generative adversarial networks;Ubiquitous computing;Generators","","2","","17","IEEE","1 Jun 2022","8-9 May 2022","8-9 May 2022","IEEE","IEEE Conferences"
"GAN based image augmentation for increased CNN performance in Paddy leaf disease classification","S. Lamba; A. Baliyan; V. Kukreja","Chitkara University Institute of Engineering & Technology, Chitkara University, Rajpura, India; Chitkara University Institute of Engineering & Technology, Chitkara University, Rajpura, India; Chitkara University Institute of Engineering & Technology, Chitkara University, Rajpura, India",2022 2nd International Conference on Advance Computing and Innovative Technologies in Engineering (ICACITE),"18 Jul 2022","2022","","","2054","2059","A variety of fungal and bacterial leaf ailments wreak havoc on the paddy plant in the agricultural field. Early diagnosis of leaf infection can improve the yield of the crop. The modeling of an automatic disease classifier aids farmers in handling the spread of leaf disease in the agricultural field. This work cogitates three paddy leaf diseases (Bacterial blight, leaf smut, and leaf blast) for the creation of an AI-based robust detection and classification model. The dataset is collected from a variety of standard online repositories. GAN-based augmentation technique was used for increasing the size of the dataset. A novel approach to the convolutional neural network is proposed with the combination of augmentation and a CNN model tuner. The performance of CNN is evaluated in terms of accuracy achieved is 98.23\% in the classification process.","","978-1-6654-3789-9","10.1109/ICACITE53722.2022.9823799","","https://ieeexplore.ieee.org/stamp/stamp.jsp?arnumber=9823799","Convolutional neural network (CNN);Bacterial blight;Leaf smut;leaf blast;Generative Adversarial Network (GAN)","Microorganisms;Tuners;Computational modeling;Plants (biology);Generative adversarial networks;Convolutional neural networks;Standards","","70","","16","IEEE","18 Jul 2022","28-29 April 2022","28-29 April 2022","IEEE","IEEE Conferences"
"Monitoring of Banana Ripening Process and Identification of Banana type using FRCNN, LSTM, And Color Segmentation","R. D. C. Magno; P. J. S. Bersamen; L. D. Valiente","School of Electrical, Electronics, and Computer Engineering, Mapua University, Intramuros, Philippines; School of Electrical, Electronics, and Computer Engineering, Mapua University, Intramuros, Philippines; School of Electrical, Electronics, and Computer Engineering, Mapua University, Intramuros, Philippines","2022 IEEE 14th International Conference on Humanoid, Nanotechnology, Information Technology, Communication and Control, Environment, and Management (HNICEM)","1 May 2023","2022","","","1","6","This study evaluates the level of Ripeness, Type, and Ripeness Prediction of a Banana fruit. As image processing continues to adapt in numerous situations, it is only a matter of time that it will be used in the field of agriculture where it will provide an output which is akin to a human-level judgement. In addition, it will also use deep learning to predict when the banana would reach the next stage or stages of ripeness. The study will be beneficial to local farmers, markets, and traders of bananas as it will help in sorting their crops to ensure they are delivered and sold within the proper quality following the National Nutritional Council (NNC). This research aims to conduct the Image Processing and Prediction Analysis through a Non-destructive manner. Two Deep Learning models were used namely Faster Region-based Convolutional Neural Network and Long-Short Term Memory. The obtained overall accuracy of 96.57%, 98.25%, and 94.44% has been recorded for the Ripeness Stage Detection, Banana Type Detection, and Next Stage Prediction respectively.","2770-0682","978-1-6654-6493-2","10.1109/HNICEM57413.2022.10109517","","https://ieeexplore.ieee.org/stamp/stamp.jsp?arnumber=10109517","image processing;deep learning;banana fruit;ripeness prediction;ripening process;next ripeness forecast","Deep learning;Smart agriculture;Image color analysis;Time series analysis;Process control;Inspection;Information technology","","10","","14","IEEE","1 May 2023","1-4 Dec. 2022","1-4 Dec. 2022","IEEE","IEEE Conferences"
"Improving Deep Learning-based Cardiac Abnormality Detection in 12-Lead ECG with Data Augmentation","J. Qiu; M. P. Oppelt; M. Nissen; L. Anneken; K. Breininger; B. Eskofier","Department of Artifical Intelligence in Biomedical Engineering, Friedrich-Alexander-Universität Erlangen-Nürnberg, Erlangen; Fraunhofer Institute for Integrated Circuits, Erlangen, Germany; Department of Artifical Intelligence in Biomedical Engineering, Friedrich-Alexander-Universitat Erlangen-Nürnberg, Erlangen, Germany; Department of Artifical Intelligence in Biomedical Engineering, Friedrich-Alexander-Universität Erlangen-Nürnberg, Erlangen; Department of Artifical Intelligence in Biomedical Engineering, Friedrich-Alexander-Universitat Erlangen-Nürnberg, Erlangen, Germany; Friedrich-Alexander-Universität Erlangen-Niirnberg, Erlangen, Germany",2022 44th Annual International Conference of the IEEE Engineering in Medicine & Biology Society (EMBC),"8 Sep 2022","2022","","","945","949","Automated Electrocardiogram (ECG) classification using deep neural networks requires large datasets annotated by medical professionals, which is time-consuming and expensive. This work examines ECG augmentation as a method for enriching existing datasets at low cost. First, we introduce three novel augmentations: Limb Electrode Move and Chest Electrode Move both simulate a minor electrode mislocation during signal measurement, and Heart Vector Transform generates an ECG by modeling a rotated main heart axis. These techniques are then combined with nine time series signal augmentations from literature. Evaluation was performed on ICBEB, PTB-XL Diagnostic, PTB-XL Rhythm, and PTB-XL Form datasets. Compared to models trained without data augmentation, area under the receiver operating characteristic curve (AUC) was increased by 3.5%, 1.7%, 1.4% and 3.5%, respectively. Our experiments demonstrated that data augmentation can improve deep learning performance in ECG classification. Analyses of the individual augmentation effects established the efficacy of the three proposed augmentations.","2694-0604","978-1-7281-2782-8","10.1109/EMBC48229.2022.9871969","","https://ieeexplore.ieee.org/stamp/stamp.jsp?arnumber=9871969","","Electrodes;Training;Heart;Deep learning;Time series analysis;Training data;Transforms","Deep Learning;Electrocardiography;Neural Networks, Computer;ROC Curve","4","","23","IEEE","8 Sep 2022","11-15 July 2022","11-15 July 2022","IEEE","IEEE Conferences"
"Classification of Lung Diseases Using Machine Learning Technique","A. Rehman; F. Noor; J. I. Janjua; A. Ihsan; A. Q. Saeed; T. Abbas","College of Dentistry, University of Science and Technology of Fujairah, UAE; Department of Computer Science, The TIMES Institute, Multan, Pakistan; Al-Khawarizmi Institute of Computer Science (KICS), University of Engineering & Technology (UET), Lahore, Pakistan; Al-Khawarizmi Institute of Computer Science (KICS), University of Engineering & Technology (UET), Lahore, Pakistan; Computer Center, Northern Technical University, Ninevah, Iraq; Department of Computer Science, The TIMES Institute, Multan, Pakistan",2024 International Conference on Decision Aid Sciences and Applications (DASA),"17 Jan 2025","2024","","","1","7","The advancement of medicine depends on the use of modern technologies. To provide precise and tailored treatment options for a variety of illnesses, comprehensive research conducted in collaboration with medical experts, patients, and researchers is crucial. This study uses deep learning to determine the acceptable level of accuracy in the medical field based on data that is accessible to the public. To begin, we took the annotated lung sound recordings and extracted the spectrogram features and labels to feed into our 2D Convolutional Neural Network (CNN) model. In this work, we address the issue of scarce medical data by employing small-volume datasets with less than a thousand samples to identify pulmonary disorders from chest X-ray images. Deep learning algorithms are utilized to treat pneumonia, tuberculosis, lung cancer, and other lung diseases. A review of various typical deep-learning network topologies used in medical image processing is also provided. Our ensemble model achieved a classification accuracy of 96.2% and an F1-score of 96.1 %, outperforming individual models such as VDSNet, ResNet18, DenseNet201, and SqueezeN et. This demonstrates the effectiveness of our approach in enhancing diagnostic accuracy for lung disease classification","","979-8-3503-6910-6","10.1109/DASA63652.2024.10836302","","https://ieeexplore.ieee.org/stamp/stamp.jsp?arnumber=10836302","Machine Learning;Deep Learning Algorithms;Convolutional Neural Networks (CNN);Data Augmentation;Variational Autoencoder (VAE);Transfer Learning;Ensemble Learning Techniques","Deep learning;Accuracy;Pneumonia;Tuberculosis;Lungs;Transfer learning;Lung cancer;Medical services;Medical diagnostic imaging;X-ray imaging","","21","","61","IEEE","17 Jan 2025","11-12 Dec. 2024","11-12 Dec. 2024","IEEE","IEEE Conferences"
"Minimization of Food Waste in Retail Sector using Time-Series Analysis and Object Detection Algorithm","H. Agarwal; B. Ahir; P. Bide; S. Jain; H. Barot","Computer Engineering, Sardar Patel Institute of Technology, Mumbai; Computer Engineering, Sardar Patel Institute of Technology, Mumbai; Computer Engineering, Sardar Patel Institute of Technology, Mumbai; Computer Engineering, Sardar Patel Institute of Technology, Mumbai; Computer Engineering, Sardar Patel Institute of Technology, Mumbai",2020 International Conference for Emerging Technology (INCET),"3 Aug 2020","2020","","","1","7","One-third of the total food produced gets wasted according to the Food And Agriculture Association of the United Nations. This wastage accounts for 1.3 billion tonnes and the scarcity of food is one of the major concerns globally. This paper presents comprehensive research on various factors that lead to the wastage of food in the retail sector. And a robust methodology is proposed which aims at reducing the waste to as minimal as possible in this sector. A method is proposed which integrates the inventory prediction and forecasting technique with smart dustbins which uses state of the art object detection technique to analyze the waste that gets thrown into bins in order to provide with insights to help optimize the use of raw materials that are used in preparing food and further redistribution and valorization of unpredictable waste. Thus producing minimal food waste.","","978-1-7281-6221-8","10.1109/INCET49848.2020.9154156","","https://ieeexplore.ieee.org/stamp/stamp.jsp?arnumber=9154156","Food Waste Management;Waste in Retail Sector;Time-Series Forecasting;Inventory Prediction;SARIMAX model;Object Detection;Deep Learning;Convolution Neural Network;YOLO v3","Forecasting;Neural networks;Raw materials;Convolution;Bibliographies;Training data;Object detection","","6","","16","IEEE","3 Aug 2020","5-7 June 2020","5-7 June 2020","IEEE","IEEE Conferences"
"Enhancing Strawberry Yield Forecasting With Backcasted IoT Sensor Data and Machine Learning","T. A. Ayall; A. Li; M. Beddows; M. Markovic; G. Leontidis","The School of Natural and Computing Sciences and the Interdisciplinary Institute at the University of Aberdeen, Aberdeen, U.K.; The School of Natural and Computing Sciences and the Interdisciplinary Institute at the University of Aberdeen, Aberdeen, U.K.; The School of Natural and Computing Sciences and the Interdisciplinary Institute at the University of Aberdeen, Aberdeen, U.K.; The School of Natural and Computing Sciences and the Interdisciplinary Institute at the University of Aberdeen, Aberdeen, U.K.; UiT The Arctic University of Norway, Tromsø, Norway",IEEE Transactions on AgriFood Electronics,"","2026","PP","99","1","9","Rapid global population growth underscores the need for digitally enabled agricultural systems that support sustainable food production and data-driven resource management for farmers and stakeholders. The adoption of Internet of Things (IoT) technologies—capable of capturing real-time environmental (e.g., temperature, humidity) and operational (e.g., irrigation) parameters—is a crucial step toward enabling advanced applications, such as AI-based yield forecasting. However, the effectiveness of such models is often constrained by limited data availability, particularly in dynamic farm environments where IoT observations must be accumulated over multiple growing seasons. In this study, we deployed IoT sensors in strawberry production polytunnels over two growing seasons to collect data on water usage, internal and external temperature and humidity, soil moisture, soil temperature, and photosynthetically active radiation. These observations were combined with manually recorded yield data spanning four seasons. To address gaps in IoT data for the two seasons without sensor coverage, we developed an AI-based backcasting approach that synthesizes missing sensor observations using historical weather data from a nearby station and existing polytunnel measurements. We then trained AI-based yield forecasting models using both real and synthetic datasets. In this retrospective evaluation, results show that incorporating synthetic data improved yield forecasting accuracy, with models trained on the combined dataset outperforming those using only real sensor, weather, and yield data.","2771-9529","","10.1109/TAFE.2026.3702855","U.K. Engineering and Physical Sciences Research Council(grant numbers:EP/V042270/1); University of Aberdeen Interdisciplinary Institute's Alumni and Friends; ","https://ieeexplore.ieee.org/stamp/stamp.jsp?arnumber=11602077","Artificial intelligence;Internet of Things (IoT);polytunnel;sensor data backcasting;strawberry yield forecasting","Internet of Things;Modeling;Image sensors;Forecasting;Machine learning;Art;Synthetic data;Meteorology;Training;Correlation","","2","","","IEEE","9 Jul 2026","","","IEEE","IEEE Early Access Articles"
"Forward-Looking Sonar Image Generation and Data Augmentation via Conditionally Controllable Diffusion Model","J. Lin; C. Lan; W. Chen; R. Zhang; Z. Xu","College of Physics and Information Engineering, Fuzhou University, Fuzhou, China; College of Physics and Information Engineering, Fuzhou University, Fuzhou, China; College of Physics and Information Engineering, Fuzhou University, Fuzhou, China; Key Lab. of Underwater Acoustic Comm. and Marine Info. Tech., Xiamen University, Ministry of Education, Xiamen, China; School of Ocean Information Engineering, Jimei University, Xiamen, China",OCEANS 2026 Sanya,"7 Aug 2026","2026","","","1","6","Forward-Looking Sonar (FLS) images play an important role in underwater vision tasks. However, the scarcity of high-quality annotated datasets constrains the performance of data-driven visual models. Due to inherent characteristics such as strong speckle noise, low contrast, and fan-shaped geometric imaging structures, existing natural image generative models are difficult to directly apply to FLS image generation. To address these challenges, we propose SSLDiff, a conditionally controllable sonar image generation framework based on a latent diffusion model. Specifically, a Sonar-Specific Variational Auto-Encoder (SS-VAE) with a tailored loss function is designed to preserve speckle noise statistics and intensity distribution characteristics. Implicit fan-shaped geometric constraints are incorporated during training to model the sonar imaging geometry, and Dual Cross-Attention together with Layout-Masked Attention (LMA) mechanisms enables controllable generation under layout and category conditions. Experimental results demonstrate that the generated images exhibit realistic sonar imaging characteristics and can serve as effective data augmentation, thereby improving downstream object detection performance.","","979-8-3195-4364-6","10.1109/OCEANS66983.2026.11616860","","https://ieeexplore.ieee.org/stamp/stamp.jsp?arnumber=11616860","Forward-Looking Sonar;Latent Diffusion Model;Controllable Image Generation;Data Augmentation","Modeling;Sonar;Printing;Image processing;Image synthesis;Layout;Diffusion models;Noise;Fans;Shape","","","","24","IEEE","7 Aug 2026","25-28 May 2026","25-28 May 2026","IEEE","IEEE Conferences"
"Research on Training Methods for Mixing Satellite Down-View Images with Augmented Images","Y. Gong; X. Xie; Z. Wang; D. Guo","National Key Laboratory of Scattering and Radiation, Beijing, China; National Key Laboratory of Scattering and Radiation, Beijing, China; National Key Laboratory of Scattering and Radiation, Beijing, China; National Key Laboratory of Scattering and Radiation, Beijing, China",2024 IEEE 2nd International Conference on Image Processing and Computer Applications (ICIPCA),"15 Oct 2024","2024","","","231","235","In recent years, deep learning has been widely applied in fields such as security, medical, transportation, agriculture, and military. Due to limitations in practical conditions, real datasets suffer from problems such as small scale, poor quality, and uneven samples. Therefore, image data augmentation technology is widely used. This paper focuses on satellite down-view images of airplanes and helicopters. To address the issues with the measured datasets, such as their high acquisition cost, poor resolution, single angle, limited dataset size, and uneven sample distribution, different data augmentation methods, including grayscale conversion, Gaussian noise addition, generative adversarial networks, are used to augment a small amount of real data in order to enhance the generalization ability of the typical deep learning model. Experiments have shown that different augmentation methods can enhance the performance of the model, in which the two methods of grayscale conversion and Gaussian noise addition are especially significant. The enhancing effect of several combined data augmentation methods based on the StyleGAN2 generative model is comparable, which indicates that the StyleGAN2 generated images have good sample balance in terms of image variations.","","979-8-3503-6024-0","10.1109/ICIPCA61593.2024.10709324","","https://ieeexplore.ieee.org/stamp/stamp.jsp?arnumber=10709324","deep learning;training set;image augmentation;StyleGAN2","Training;YOLO;Deep learning;Satellites;Gaussian noise;Atmospheric modeling;Helicopters;Gray-scale;Data augmentation;Data models","","1","","17","IEEE","15 Oct 2024","28-30 June 2024","28-30 June 2024","IEEE","IEEE Conferences"
"Enhancing Disease Severity Classification: Unveiling the Complexity of Sugar Maple Tar Spot with CNN-GAN Framework","Yashu; R. Sharma; M. Kumar; M. Manwal; V. Jain","Chitkara University Institute of Engineering and Technology, Chitkara University, Punjab, India; Chitkara University Institute of Engineering and Technology, Chitkara University, Punjab, India; Computer Science and Engineering, Graphic Era Hill University, Dehradun, Uttrakhand, India; Computer Science and Engineering, Graphic Era Deemed to be University, Dehradun, Uttrakhand, India; Department of Computer Science and Engineering, Sharda School of Engineering and Technology, Sharda University, Greater Noida, U.P., India",2024 5th International Conference for Emerging Technology (INCET),"26 Jul 2024","2024","","","1","4","Sugar maple tar spot is caused by the water mold Rhytisma acerinum and is one of the unique systemic leaf pathogens affecting sugar maple (Acer saccharum) in North America and Europe. The exact tar spot of the sugar maple class fraction is paramount to developing effective control practices. As our task, we suggest a new Convolutional Neural Networks (CNN)- Generative Adversarial Networks (GAN)-based framework for increasing the accuracy of severity classification through a convolutional neural network-generative adversarial network architecture. The CNN-GAN infrastructure blends machine intelligence methods to make the process of automation and increase disease classification accuracy. We carried out the multistep process of collecting a comprehensive dataset of sugar maple leaf images representing different levels of degree of tar spot and finally trained the CNN-GAN network using a systematic methodology. Experiments conducted indicate successful implementation of the algorithm based on the CNN-GAN model as the network system has yielded the accuracies of classification of sugar maple tar spot severity being 95.62%. The tabular results with details and analysis as well as an indication of the model's performance among patients with different severity levels of this psychiatric disorder. This aspect expands the field of automated disease detection and management in agriculture and forestry which can be used in earlier screening and suitable interventions. The proposed method of a CNN-GAN framework entails great promise as it enhances the precision in diagnoses and instead provides more efficient disease-fighting strategies such as sugar maple tar sport and other plant diseases.","","979-8-3503-6115-5","10.1109/INCET61516.2024.10593314","","https://ieeexplore.ieee.org/stamp/stamp.jsp?arnumber=10593314","Sugar Maple Tar;Disease Severity Classification;Deep Learning;Plant Pathology;Fungal Pathogens","Deep learning;Plant diseases;Pathogens;Accuracy;Systematics;Forestry;Convolutional neural networks","","","","14","IEEE","26 Jul 2024","24-26 May 2024","24-26 May 2024","IEEE","IEEE Conferences"
"Temporal Multiresolution Graph Learning","K. Yamada; Y. Tanaka","Department of EECS, Tokyo University of Agriculture and Technology, Koganei, Tokyo, Japan; Department of EECS, Tokyo University of Agriculture and Technology, Koganei, Tokyo, Japan",IEEE Access,"27 Oct 2021","2021","9","","143734","143745","Estimating time-varying graphs, i.e., a set of graphs in which one graph represents the relationship among nodes in a certain time slot, from observed data is a crucial problem in signal processing, machine learning, and data mining. Although many existing methods only estimate graphs with a single temporal resolution, the actual graphs often demonstrate different relationships in different temporal resolutions. In this study, we propose an approach for time-varying graph learning by leveraging a multiresolution property. The proposed method assumes that time-varying graphs can be decomposed by a linear combination of graphs localized at different temporal resolutions. We formulate a convex optimization problem for temporal multiresolution graph learning. In experiments using synthetic and real data, the proposed method demonstrates the promising objective performances for synthetic data, and obtains reasonable temporal multiresolution graphs from real data.","2169-3536","","10.1109/ACCESS.2021.3120994","Japan Science and Technology Agency (JST) Precursory Research for Embryonic Science and Technology (PRESTO)(grant numbers:JPMJPR1935); Japan Society for the Promotion of Science (JSPS) KAKENHI(grant numbers:20H02145,20J13647); ","https://ieeexplore.ieee.org/stamp/stamp.jsp?arnumber=9578986","Graph inference;graph learning;time-varying graph;temporal multiresolution graph","Signal resolution;Laplace equations;Spatial resolution;Optimization;Brain modeling;Mathematical models","","4","","42","CCBY","18 Oct 2021","2021","","IEEE","IEEE Journals"
"Biometric Identification using Periocular Images with ViT-DeepSort and YOLOv7-GAN","P. Verma","Department of Computer Engineering, National Institute of Technology, Kurukshetra, Haryana, India",2024 7th International Conference on Contemporary Computing and Informatics (IC3I),"15 Jan 2025","2024","7","","1229","1234","Advanced biometric identification techniques are becoming increasingly necessary in response to rising security requirements. The limits of conventional facial recognition systems have been further brought to light by the COVID-19 outbreak and its emphasis on mask-wearing. utilizing periocular pictures, this study proposes an integrated technique to improve gender categorization and biometric identification utilizing Vision Transformers (ViTs), YOLOv7, DeepSort, and Generative Adversarial Networks (GANs). Our findings indicate that the combined application of these technologies results in a system that is both robust and accurate, particularly in challenging environments. The proposed methodology demonstrates a notable improvement in identification accuracy, with a precision rate exceeding $\mathbf{9 5 \%}$. With this research, secure identification technologies will advance significantly, and non-intrusive, contactless biometric devices will continue to be developed. The findings suggest that the application of these cutting-edge techniques has the potential to completely transform security procedures in industries including public safety, healthcare, and finance.","","979-8-3503-5006-7","10.1109/IC3I61595.2024.10829244","","https://ieeexplore.ieee.org/stamp/stamp.jsp?arnumber=10829244","Biometrics;Periocular Imaging;Vision Transformers;DeepSort;YOLOv7;Gender Classification;Deep Learning;COVID-19;Security Systems;Non-Intrusive Identification","Computer vision;Accuracy;Computational modeling;Biological system modeling;Transforms;Biometric identification;Transformers;Generative adversarial networks;Security;Reliability","","4","","14","IEEE","15 Jan 2025","18-20 Sept. 2024","18-20 Sept. 2024","IEEE","IEEE Conferences"
"Prototype Augmentation with Dummy Samples","H. Yu; F. Li","School of Computer Science and Technology, Soochow University, Suzhou, China; School of Computer Science and Technology, Soochow University, Suzhou, China",2022 26th International Conference on Pattern Recognition (ICPR),"29 Nov 2022","2022","","","5052","5059","Meta-learning is proven to be powerful for helping models make quick adaptations to new tasks. However, the lack of data severely constrains the further improvement. As data augmentation has been an effective and commonly used approach to reach state-of-art performance in image classification tasks, different strategies for applying data augmentation to meta-learning have emerged. One common combination of data augmentation and meta-learning is performing different transformations on images(e.g. horizontal flip, color jitter, and random crop) before feeding them to the feature extractor. Another way is using generative models, such as GAN, to expand the available dataset and alleviate the negative effects of lack of data. These methods either have limited boosts or have difficulties to converge during training and require significant extra computation. In this paper, we propose a novel method using a modified Variational Auto Encoder(VAE) to generate dummy samples from the support set. Our data augmentation method is performed in the feature space to reduce computation steps. Combined with prototypical networks we call our method as Prototype Augmentation with Dummy Samples(PADS). Experiments are carried out both in standard few-shot image classification and cross-domain scenarios and we achieved significant improvement with comparison to the baseline.","2831-7475","978-1-6654-9062-7","10.1109/ICPR56361.2022.9956566","National Natural Science Foundation of China; ","https://ieeexplore.ieee.org/stamp/stamp.jsp?arnumber=9956566","","Training;Image color analysis;Prototypes;Jitter;Feature extraction;Data mining;Task analysis","","","","49","IEEE","29 Nov 2022","21-25 Aug. 2022","21-25 Aug. 2022","IEEE","IEEE Conferences"
"Generative Design of Analog Circuits Under Limited Data via cVAE Manifold Modeling","H. Taşkιran; E. Afacan","Department of Electronics Engineering, Gebze Technical University; Department of Electronics Engineering, Gebze Technical University","2026 22nd International Conference on Synthesis, Modeling, Analysis and Simulation Methods, and Applications to Circuits Design (SMACD)","17 Aug 2026","2026","","","1","4","The effectiveness of machine learning approaches in analog circuit modeling and optimization is fundamentally constrained by the availability of large, high-quality, and structurally consistent datasets. However, conventional data generation techniques-such as brute-force sweeps, Monte Carlo sampling, and Latin Hypercube Sampling (LHS) suffer from scalability issues, lack of feasibility awareness, or Pareto bias. These limitations lead to computationally expensive and structurally imbalanced datasets, particularly problematic in low-data regimes. To address this challenge, this work proposes a dual conditional Variational Autoencoder (cVAE) framework that learns the intrinsic manifold of physically valid design-performance pairs from limited SPICE-validated data. A pseudo-designer cVAE enables manifold-constrained latent sampling for structured and distribution-aware dataset augmentation, while a pseudo-simulator cVAE provides fast SPICE-like performance prediction for filtering and validation. Validation across multiple analog circuits demonstrates that the proposed framework expands sparse datasets into dense, welldistributed, and machine-learning-ready design spaces while maintaining prediction errors within $\mathbf{1}-\mathbf{2. 5} \boldsymbol{\%}$ of SPICE results.","2575-4890","979-8-3195-0619-1","10.1109/SMACD70206.2026.11647841","","https://ieeexplore.ieee.org/stamp/stamp.jsp?arnumber=11647841","Data Augmentation;Analog;VAE;Synthesis","Modeling;Design methodology;SPICE;Equations;Simulation;Manifolds;Training;Circuits;Seeds (agriculture);Optimization","","","","9","IEEE","17 Aug 2026","29 June-2 July 2026","29 June-2 July 2026","IEEE","IEEE Conferences"
"Advances in Plant Leaf Disease Diagnostics: A Systematic Review of Transfer Learning and Generative Adversarial Networks","J. P. Prasad; V. C. Jadala; R. U. Rani","Department of Computer Science and Artificial Intelligence, School of Computer Science and Artificial Intelligence, SR University, Warangal, Telangana; Department of Computer Science and Artificial Intelligence, School of Computer Science and Artificial Intelligence, SR University, Warangal, Telangana; Department of CSE(AI&ML), CVR College of Engineering, Hyderabad, India",2026 Second International Conference on Multi-Agent Systems for Collaborative Intelligence (ICMSCI),"13 Apr 2026","2026","","","1086","1094","Plant disease detection is a key enabler of precision agriculture; however, its practical adoption is limited by scarce labeled data, domain variability, and resource constraints in real-world environments. This paper investigates the integration of transfer learning-based deep convolutional models with generative adversarial network (GAN)-based data augmentation for robust plant leaf disease classification. Pre-trained architectures, including ResNet, DenseNet, and EfficientNet, are analyzed for efficient feature reuse and rapid convergence on agricultural datasets. GAN-driven augmentation is employed to increase data diversity by synthesizing realistic disease patterns under varying illumination and background conditions, thereby reducing overfitting and improving generalization across crops. The study further evaluates inference latency and computational efficiency to assess suitability for deployment on edge devices. In addition, explainable artificial intelligence techniques such as Grad-CAM are incorporated to enhance transparency and diagnostic trust. Results indicate that lightweight transfer learning models augmented with GAN-generated data achieve a favorable trade-off between accuracy, generalization, and deployment efficiency, supporting their applicability in real-time smart farming systems","","979-8-3315-6898-6","10.1109/ICMSCI67830.2026.11469478","","https://ieeexplore.ieee.org/stamp/stamp.jsp?arnumber=11469478","Transfer Learning;Generative Adversarial Networks (GANs);Plant Leaf Disease Detection;Explainable AI (Grad-CAM);Smart Farming;EfficientNet-B0","Satellite images;Earth Observing System;Antennas and propagation;Antennas;Radio broadcasting;Broadcasting;Digital multimedia broadcasting;Frequency modulation;Feedback;Circuits","","","","61","IEEE","13 Apr 2026","2-4 March 2026","2-4 March 2026","IEEE","IEEE Conferences"
"PotatoGANs: Utilizing Generative Adversarial Networks, Instance Segmentation, and Explainable AI for Enhanced Potato Disease Identification and Classification","F. T. J. Faria; M. B. Moin; M. S. Alam; A. A. Wase; M. R. Sani; K. M. Hasib","Department of Computer Science and Engineering, Ahsanullah University of Science and Technology, Dhaka, Bangladesh; Department of Computer Science and Engineering, Ahsanullah University of Science and Technology, Dhaka, Bangladesh; Department of Computer Science and Engineering, Ahsanullah University of Science and Technology, Dhaka, Bangladesh; Department of Computer Science and Engineering, Ahsanullah University of Science and Technology, Dhaka, Bangladesh; Department of Computer Science and Engineering, Ahsanullah University of Science and Technology, Dhaka, Bangladesh; Department of Computer Science and Engineering, Bangladesh University of Business and Technology, Dhaka, Bangladesh",2025 International Conference on Sustainable Technology and Engineering (i-COSTE),"14 Apr 2026","2025","","","1","6","Numerous applications have resulted from the automation of agricultural disease segmentation using deep learning techniques. However, when applied to new conditions, these applications frequently face the difficulty of overfitting, resulting in lower segmentation performance. Traditional data augmentation approaches, such as rotation, flip, and translation, have limitations and frequently fail to provide strong generalization results. To address these issues, our research employs a novel approach termed as PotatoGANs. In this hybrid data augmentation approach, two types of Generative Adversarial Networks (GANs) are utilized to generate synthetic potato disease images from healthy potato images. This approach not only expands the dataset but also adds variety, which helps to enhance model generalization. The CycleGAN model outperforms the Pix2Pix GAN model in terms of image quality, as evidenced by its higher IS scores CycleGAN achieves higher Inception scores (IS) of 1.2001 and 1.0900 for black scurf and common scab, respectively. This synthetic data can significantly improve the training of large neural networks. It also reduces data collection costs while enhancing data diversity and generalization capabilities. Our work improves interpretability by combining three gradient-based Explainable AI algorithms (GradCAM, GradCAM++, and ScoreCAM) with three distinct CNN architectures (DenseNet169, Resnet152 V2, InceptionResNet V2) for potato disease classification. This comprehensive technique improves interpretability with insightful visualizations and provides detailed insights into the network's decision-making.","","979-8-3315-8316-3","10.1109/i-COSTE68047.2025.11467375","","https://ieeexplore.ieee.org/stamp/stamp.jsp?arnumber=11467375","Generative Adversarial Networks;CycleGAN;Pix2Pix GAN;Instance Segmentation;Smart Farming;Convolutional Neural Network;Potato Disease Detection;Detectron2;Explainable Artificial Intelligence","Feeds;Central Processing Unit;Feedback;Filtering;Circuits;Filters;Electronic circuits;Pixel;Location awareness;Digital images","","3","","19","IEEE","14 Apr 2026","2-4 Dec. 2025","2-4 Dec. 2025","IEEE","IEEE Conferences"
"Cloud Removal in Satellite Images Using a Generative Adversarial Approach","E. Nikolaev; N. Zakharova; V. Zakharov","Digital, Robotic Systems and Electronics Department, North-Caucasus Federal University, Stavropol, Russia; Department of Informatics, North-Caucasus Federal University, Stavropol, Russia; Mathematical Department, Stavropol State Agrarian University, Stavropol, Russia",2025 International Russian Smart Industry Conference (SmartIndustryCon),"9 May 2025","2025","","","614","618","Automation of a wide range of operations in the agro-industrial sector at the current stage of technology development involves the application of advanced solutions in electronics, biotechnology, and information technologies. One of the directions of process optimization in agriculture is the introduction of information systems functioning on the basis of satellite imagery data analysis. To improve the efficiency of satellite data application, it is advisable to use machine learning and artificial intelligence methods. Satellite data allow monitoring a set of indicators describing chemical and physical characteristics, soil types, weather conditions, humidity. These indicators play an important role in the decision-making process of smart farming systems. The indicators are available in the form of satellite images, the quality of which depends on many factors. In order to apply such images in agricultural information systems, it is necessary to perform deep image analysis and cleaning. The approach aimed at applying a generative deep neural network to clean satellite images from clouds and shadows is proposed. The approach is based on training the neural network on synthesized data.","","979-8-3315-1124-1","10.1109/SmartIndustryCon65166.2025.10986034","","https://ieeexplore.ieee.org/stamp/stamp.jsp?arnumber=10986034","deep learning;GAN;agricultural information systems;cloud detection;cloud removal;data augmentation","Training;Smart agriculture;Satellites;Clouds;Soil;Satellite images;Information technology;Optimization;Monitoring;Information systems","","","","27","IEEE","9 May 2025","24-28 March 2025","24-28 March 2025","IEEE","IEEE Conferences"
"Early Fusion of Discrete Wavelet Transform Features and Convolutional Neural Networks for Precise Detection of Apple Plant Diseases","G. B. K; D. Nayini; J. Madhavi; M. Sonia; P. Lathar","Computer Science and Engineering, CVR College of Engineering, Telangana, India; Computer Science and Engineering, Gokaraju Rangaraju institute of Engineering and Technology, Telangana, India; Computer Science and Engineering, TKR College of Engineering and Technology, Telangana, India; Computer Science and Engineering, Nalla Narsimha Reddy Education Society's group of institutions, Hyderabad, India; Computer Science and Applications, Delhi Skill and Entrepreneurship University, New Delhi, India",2025 International Conference on Networks and Cryptology (NETCRYPT),"12 Aug 2025","2025","","","698","703","Apple plant diseases significantly reduce agricultural productivity, necessitating the need for precise detection methods. To this end, in this paper, we propose a novel approach that combines Convolutional Neural Networks (CNNs) with Discrete Wavelet Transform (DWT) descriptors using high-low fusion strategyFeatures are used for improvement in disease detection. In particular, DWT decomposes images into spatial-frequency components, which are used to describe texture and edge features which are important to identify illness symptoms. These are concatenated with original image data at the input layer in the CNN, allowing for space and frequency domain information to be used simultaneously. The data was evaluated on a systematic approach of open dataset of the apple plant disease by using the 4 -fold cross validation to make sure that a diversity and robustness of the model. The results show a $7.4 \%, 6.8 \%$ and 6.2 % increase in accuracy, F1-score and sensitivity when compared to regular CNN models. The approach was also more resilient to challenging conditions such as noise and variations in illumination. We also compared performance of models including AlexNet, VGG-16, EfficientNet, and ResNet50. This confirmed that early fusion of DWT features aided in detecting these time series, as our approach was found outperforming the models by higher margins. Ablation studies confirmed that the effectiveness of the proposed model was mainly attributed to the addition of wavelet features at the input stage. This study opens the door to more effective precision agriculture solutions by highlighting the potential of wavelet transforms in conjunction with deep learning for precise, scalable agricultural disease identification.","","979-8-3315-2605-4","10.1109/NETCRYPT65877.2025.11102253","","https://ieeexplore.ieee.org/stamp/stamp.jsp?arnumber=11102253","Convolutional neural networks (CNNs);early fusion strategy;apple plant diseases;discrete wavelet transform (DWT)","Precision agriculture;Plant diseases;Sensitivity;Frequency-domain analysis;Noise;Lighting;Feature extraction;Robustness;Discrete wavelet transforms;Convolutional neural networks","","","","20","IEEE","12 Aug 2025","29-31 May 2025","29-31 May 2025","IEEE","IEEE Conferences"
"Diffu Vader: Validity-Constrained Discrete Diffusion for Flow-Level NIDS Red Teaming","H. Fard; I. Komarov; G. Wunder","Department of Computer Science, Freie Universität Berlin, Berlin, Germany; Bundesdruckerei GmbH, Abteilung Innovations, Berlin, Germany; Department of Computer Science, Freie Universität Berlin, Berlin, Germany","2026 International Conference on Computer, Information and Telecommunication Systems (CITS)","13 Aug 2026","2026","","","1","8","Machine-learning-based network intrusion detection systems (NIDS) are increasingly evaluated with synthetic adversarial traffic, yet reported evasion rates often do not distinguish between structurally infeasible flow records and feasible network behavior. In generative NIDS research, synthetic data is more often used for augmentation than for validity-constrained adversarial generation. DiffuVader addresses this gap with a family-conditioned discrete diffusion model over a structured four-token state space. Generated samples require no gradient, query-feedback, or surrogate access and are evaluated against frozen detectors using valid evasion rate (VER), which credits only structurally valid, family-plausible samples. Evaluation uses the network-layer partition of the O-RAN testbed corpus NetsLab5GORAN-IDD under a session-disjoint chronological split with five sampling-seed uncertainty estimates. DiffuVader achieves 99.99% validity and plausibility while matching weighted replay in full-token distributional fidelity without direct row replay. A token-marginal control shows that token support alone is insufficient and learned cross-group structure is required for valid flow recovery. Per-family and duplicate analyses separate detector blindness from generator capability. Despite replay-scale fidelity, valid evasion is not reducible to exact decoded-row replay. Offline hardening exposes a trade-off between attack robustness and generated-benign calibration.","","979-8-3195-2958-9","10.1109/CITS70307.2026.11637319","BMBF(grant numbers:16KISK025); ","https://ieeexplore.ieee.org/stamp/stamp.jsp?arnumber=11637319","network intrusion detection systems (NIDS);adversarial traffic generation;discrete diffusion models;validityconstrained generation;flow-level traffic modeling","Detectors;Modeling;Training;Equations;Printing;Fluid flow;Learning (artificial intelligence);Seeds (agriculture);Probes;Decoding","","","","28","IEEE","13 Aug 2026","22-24 July 2026","22-24 July 2026","IEEE","IEEE Conferences"
"Style Feature Extraction Using Contrastive Conditioned Variational Autoencoders With Mutual Information Constraints","S. Yasutomi; T. Tanaka","Department of Electronic and Information Engineering, Tokyo University of Agriculture and Technology, Koganei-Shi, Japan; Department of Electronic and Information Engineering, Tokyo University of Agriculture and Technology, Koganei-Shi, Japan",IEEE Transactions on Knowledge and Data Engineering,"3 Apr 2025","2025","37","5","3001","3014","Extracting fine-grained features such as styles from unlabeled data is crucial for data analysis. Unsupervised methods such as variational autoencoders (VAEs) can extract styles that are usually mixed with other features. Conditional VAEs (CVAEs) can isolate styles using class labels; however, there are no established methods to extract only styles using unlabeled data. In this paper, we propose a CVAE-based method that extracts style features using only unlabeled data. The proposed model consists of a contrastive learning (CL) part that extracts style-independent features and a CVAE part that extracts style features. The CL model learns representations independent of data augmentation, which can be viewed as a perturbation in styles, in a self-supervised manner. Considering the style-independent features from the pretrained CL model as a condition, the CVAE learns to extract only styles. Additionally, we introduce a constraint based on mutual information between the CL and VAE features to prevent the CVAE from ignoring the condition. Experiments conducted using two simple datasets, MNIST and an original dataset based on Google Fonts, demonstrate that the proposed method can efficiently extract style features. Further experiments using real-world natural image datasets were also conducted to illustrate the method’s extendability.","1558-2191","","10.1109/TKDE.2025.3543383","Japan Science and Technology Agency(grant numbers:JPMJCR1784); ","https://ieeexplore.ieee.org/stamp/stamp.jsp?arnumber=10891874","Style extraction;feature extraction;variational autoencoders;contrastive learning;unsupervised learning","Feature extraction;Data mining;Vectors;Data augmentation;Data models;Training;Mutual information;Unsupervised learning;Perturbation methods;Autoencoders","","5","","47","CCBY","18 Feb 2025","May 2025","","IEEE","IEEE Journals"
"VR Digital Twin-based Dynamic Dataset Synthesis for Learning Channel Disaster Detection Network","Y. Liu; Z. Yan; Y. Zhao; Y. Wang; Y. Dong; J. Zhang; Z. Li; S. Hu","College of Information Engineering, Northwest A&F University, Yangling, China; College of Information Engineering, Northwest A&F University, Yangling, China; Jiangsu Provincial Department of Water Resources, Nanjing, China; Suzhou Water Conservancy Engineering Management Division, Suzhou, China; Suzhou Water Conservancy Engineering Management Division, Suzhou, China; Jingzhou Electric Power Supply Company, State Grid Corporation of China, Jingzhou, China; Jiangsu New3S Technology Co. Ltd, Wuxi, China; College of Information Engineering, Northwest A&F University, Yangling, China",2025 11th International Conference on Virtual Reality (ICVR),"25 Sep 2025","2025","","","208","214","Channels are a major component of water conservancy infrastructure and play a crucial role in agricultural irrigation, industrial production, flood retention and discharge. Cracks, fractures, and blockages caused by large floating debris can destroy the structural integrity of concrete riverbanks. Therefore, real-time detection of potential disaster is of great significance for ensuring the safety and stability of channels. However, recent deep learning-based methods for detecting disasters heavily rely on the high-quality of datasets. Yet, in the real world, it is challenging to collect datasets covering channel cracks, fractures, and large floating debris. To address this problem, we propose a Virtual Reality (VR) digital twinbased dynamic dataset generation method for synthesizing videos of channel damages and floating debris that are difficult to be captured in real-world scenarios. First, we employ a multiview image-based approach to recover camera poses and point cloud structures of the channels. Then, an epipolar line-based interactive editing method is used to construct a 3D channel model, while concrete cracks are reconstructed and augmented in a similar method. To generate high-quality dynamic scenes of fractures and damages, we adopt a 3D Voronoi diagrambased simulation method combined with a physics-based rigid body model. Next, a wave spectra-based approach is used to simulate turbulent flood in channel, while spherical quaternion interpolation is applied to model the motion of large floating objects such as cars and trunks. Finally, the synthesized data is annotated and used to train a YOLO deep learning model. Experimental results demonstrate that the synthetic dataset achieves a detection accuracy of over $96 \%$ on our test dataset with 30 fps, meeting the requirements for efficient and precise channel disaster detection.","","979-8-3503-9273-9","10.1109/ICVR66534.2025.11172387","State Grid Corporation of China; ","https://ieeexplore.ieee.org/stamp/stamp.jsp?arnumber=11172387","VR Digital twin;dynamic dataset generation;disaster detection;deep learning","Deep learning;YOLO;Solid modeling;Three-dimensional displays;Disasters;Virtual reality;Water conservation;Floods;Videos;Synthetic data","","1","","31","IEEE","25 Sep 2025","9-11 July 2025","9-11 July 2025","IEEE","IEEE Conferences"
"A Unified Deep Learning Approach for Multi-Mission Spacecraft Anomaly Detection Using Hybrid CNN-LSTM-Transformer Architecture with Multi-Task Learning","R. A. C R; E. A. Devi; S. Lakshmi","Dept. of CSE, St. Joseph's College Of Engineering, Chennai, India; Dept. of CSE, St. Joseph's College Of Engineering, Chennai, India; Dept. of CSE, St. Joseph's College Of Engineering, Chennai, India",2025 2nd Asian Conference on Intelligent Technologies (ACOIT),"20 Mar 2026","2025","","","1","6","During space exploration activities, identifying abnormalities in spacecraft systems is essential to guaranteeing mission success and averting expensive mission failures. In order to detect anomalies in spacecraft telemetry streams, this research presents a novel deep learning system that cleverly blends CNN-LSTM-Transformer architectures. Our approach concurrently performs several analytical tasks, such as anomaly categorization, binary detection, severity rating, and predictive forecasting, while processing temporal data from NASA's SMAP (Soil Moisture Active Passive) and MSL (Mars Science Laboratory) missions. On SMAP datasets, the created unified model exhibits outstanding performance accomplishments with 98.0% precision and 97.6% total accuracy. Using an interactive Streamlit web interface, we effectively develop this solution, allowing for instant telemetry processing with advanced visualization capabilities appropriate for operational deployment across a range of space missions.","","979-8-3315-3660-2","10.1109/ACOIT66109.2025.11436971","","https://ieeexplore.ieee.org/stamp/stamp.jsp?arnumber=11436971","anomaly detection;spacecraft telemetry;deep learning;CNN-LSTM-Transformer;multi-task learning;TPU optimization;real-time deployment","Space vehicles;Deep learning;Space missions;Soil moisture;NASA;Multitasking;Real-time systems;Telemetry;Anomaly detection;Optimization","","","","10","IEEE","20 Mar 2026","10-11 Oct. 2025","10-11 Oct. 2025","IEEE","IEEE Conferences"
"Content‐aware Convolutional VAE for Anime Face Synthesis","L. Kumar; B. Kumar; S. Ahmad; M. A. Ansari; G. Pinheiro","Department of Computer Science &amp; Engineering, Acharya Narendra Deva University of Agriculture and Technology, Ayodhya, India; Department of Computer Science &amp; Engineering, IES University, Bhopal, India; School of Computer Science Engineering &amp; Technology, Bennett University, Greater Noida, India; School of Computing Science &amp; Engineering, Galgotias University, Greater Noida, India; School of Engineering, Bennett University, Greater Noida, India","AI-Generated Image and Video Synthesis: Deep Learning Models, Applications, and Ethical Implications in Visual Media Creation","","2026","","","123","134","<p>This chapter presents a content‐aware Convolutional Variational Autoencoder (CNN‐VAE) for anime face synthesis, implemented in a concise, reproducible PyTorch codebase. The encoder compresses 64 × 64 RGB portraits through strided convolutions and batch normalisation to a 128‐dimensional Gaussian latent; the decoder mirrors this path with transposed convolutions to reconstruct images from sampled latents. Content‐aware features include centre‐crop scaling that focuses on facial regions, multiscale feature extraction that preserves eyes, hair, and contours, and a β ‐VAE objective that balances pixel faithfulness and disentanglement. Widely applicable engineering decisions, including Windows‐safe data loading, mixed‐precision training, and shape‐robust latent handling, enable stable training on large datasets (63k images) and across a wide range of hardware. High‐fidelity reconstructions and realistic novel faces are presented in the qualitative results. Latent traversal reveals seamless changes in identity, hairstyle, pose, and expression, suggesting that these factors are semantically significant. The training script also saves reconstructions and random samples periodically. It contains a generated model summary and a colour‐coded architecture diagram to document and reproduce the model, as well as quantitative sanity checks. The paper makes contributions: (1) a simple, learnable, end‐to‐end baseline of anime face synthesis that can be executed quickly by researchers without friction on the environment; (2) a content‐aware CNN‐VAE architecture specialised to typical anime portrait statistics; (3) a clean code scaffold, which is easily extended with perceptual or adversarial losses, attribute conditioning, classifier‐free guidance, or higher‐resolution decoders (e.g., 128 × 128 and beyond). The proposed solution provides an entry‐level architecture for the controlled, high‐quality generation of anime faces, as well as a viable teaching artefact for generative modelling courses and workshops, by offering a unified approach to architectural clarity and robust implementation.</p>","","9781394403141","10.1002/9781394403158.ch09","","https://ieeexplore.ieee.org/xpl/ebooks/bookPdfWithBanner.jsp?fileName=11651490.pdf&bkn=11651448&pdfType=chapter","","Modeling;Training;Faces;Decoding","","","","","","11 Aug 2026","","","IEEE","Wiley-IEEE Press eBook Chapters"
"Self-Supervised Contrastive Learning for Radar-Based Human Activity Recognition","M. M. Rahman; S. Z. Gurbuz","Electrical and Computer Engineering, The University of Alabama, Tuscaloosa, USA; Electrical and Computer Engineering, The University of Alabama, Tuscaloosa, USA",2023 IEEE Radar Conference (RadarConf23),"21 Jun 2023","2023","","","1","6","Short-range radars are widely used for micro-Doppler-based human activity recognition by using the super-vised training paradigm. However, acquiring labeled trained RF data is not always possible. This paper presents a self-supervised contrastive learning (SSCL) framework that utilizes physics-aware augmented radar micro-Doppler signatures for human activity recognition. The SSCL requires two augmented views of the input data samples. For the first augmented view, the Short-time-Fourier-transform properties have been manipulated to generate Multi-Resolution micro-Doppler (MR-mD) signatures. The Second augmented view has been generated through synthesizing micro-Doppler signatures by a Physics-aware Generative adversarial Network (PhGAN). Experimental result shows that the proposed SSCL framework achieved 4% improvement over conventional unsupervised autoencoder pretraining while classifying 14 ambulatory human activities.","","978-1-6654-3669-4","10.1109/RadarConf2351548.2023.10149770","National Science Foundation(grant numbers:1932547); ","https://ieeexplore.ieee.org/stamp/stamp.jsp?arnumber=10149770","Radar micro-Doppler;Activity recognition;Supervised training;Self-supervised learning;Data Augmentation","Training;Radio frequency;Radar;Generative adversarial networks;IEEE activities","","14","","33","IEEE","21 Jun 2023","1-5 May 2023","1-5 May 2023","IEEE","IEEE Conferences"
"Prithvi-EO-2.0: A Versatile Multitemporal Foundation Model for Earth Observation Applications","D. Szwarcman; S. Roy; P. Fraccaro; Þ. E. Gíslason; B. Blumenstiel; R. Ghosal; P. H. de Oliveira; J. L. de Sousa Almeida; R. Sedona; Y. Kang; S. Chakraborty; S. Wang; C. Gomes; A. Kumar; V. Gaur; M. Truong; D. Godwin; S. Khallaghi; H. Lee; C. -Y. Hsu; A. A. Asanjan; B. Mujeci; D. Shidham; R. O. Balogun; V. Kolluru; T. Keenan; P. Arevalo; W. Li; H. Alemohammad; P. Olofsson; T. Mayer; C. Hain; R. Kennedy; B. Zadrozny; D. Bell; G. Cavallaro; C. Watson; M. Maskey; R. Ramachandran; J. B. Moreno","IBM Research, Washington DC, USA; NASA Marshall Space Flight Center, Huntsville, AL, USA; IBM Research, Washington DC, USA; School of Engineering and Natural Sciences, University of Iceland, Reykjavik, Iceland; IBM Research, Washington DC, USA; Earth System Science Center, University of Alabama in Huntsville, Huntsville, AL, USA; IBM Research, Washington DC, USA; IBM Research, Washington DC, USA; Jülich Supercomputing Centre, Forschungszentrum Jülich, Jülich, Germany; Department of Biological Systems Engineering, Virginia Tech, Blacksburg, VA, USA; Earth from Space Institute, Universities Space Research Association, Washington DC, USA; School of Geographical Sciences and Urban Planning, Arizona State University, Tempe, AZ, USA; IBM Research, Washington DC, USA; Earth System Science Center, University of Alabama in Huntsville, Huntsville, AL, USA; Earth System Science Center, University of Alabama in Huntsville, Huntsville, AL, USA; College of Earth, Ocean, and Atmospheric Sciences, Oregon State University, Corvallis, OR, USA; Center for Geospatial Analytics, Clark University, Worcester, MA, USA; Center for Geospatial Analytics, Clark University, Worcester, MA, USA; School of Geographical Sciences and Urban Planning, Arizona State University, Tempe, AZ, USA; School of Geographical Sciences and Urban Planning, Arizona State University, Tempe, AZ, USA; Earth from Space Institute, Universities Space Research Association, Washington DC, USA; Earth from Space Institute, Universities Space Research Association, Washington DC, USA; Earth from Space Institute, Universities Space Research Association, Washington DC, USA; Center for Geospatial Analytics, Clark University, Worcester, MA, USA; Earth System Science Center, University of Alabama in Huntsville, Huntsville, AL, USA; Department of Environmental Science, Policy, and Management, University of California, Berkeley, Berkeley, CA, USA; Department of Earth and Environment, Boston University, Boston, MA, USA; School of Geographical Sciences and Urban Planning, Arizona State University, Tempe, AZ, USA; Center for Geospatial Analytics, Clark University, Worcester, MA, USA; NASA Marshall Space Flight Center, Huntsville, AL, USA; Earth System Science Center, University of Alabama in Huntsville, Huntsville, AL, USA; NASA Marshall Space Flight Center, Huntsville, AL, USA; College of Earth, Ocean, and Atmospheric Sciences, Oregon State University, Corvallis, OR, USA; IBM Research, Washington DC, USA; Earth from Space Institute, Universities Space Research Association, Washington DC, USA; School of Engineering and Natural Sciences, University of Iceland, Reykjavik, Iceland; IBM Research, Washington DC, USA; NASA Marshall Space Flight Center, Huntsville, AL, USA; NASA Marshall Space Flight Center, Huntsville, AL, USA; IBM Research, Washington DC, USA",IEEE Transactions on Geoscience and Remote Sensing,"8 Jan 2026","2026","64","","1","20","This article presents Prithvi-EO-2.0, a new geospatial foundation model (GFM) that offers significant improvements over its predecessor, Prithvi-EO-1.0. Trained on 4.2 million global time-series samples from NASA’s Harmonized Landsat and Sentinel-2 data archive at 30-m resolution, the new model incorporates temporal and location embeddings for enhanced performance across various geospatial tasks. Through extensive benchmarking with GEO-Bench, the model outperforms the previous Prithvi-EO model by 8% across a range of tasks. It also outperforms six other GFMs when benchmarked on remote sensing tasks from different domains and resolutions (i.e., from 0.1 to 15 m). The results demonstrate the versatility of the model in both classical Earth observation (EO) and high-resolution applications. Early involvement of end-users and subject matter experts (SMEs) allowed constant feedback on model and dataset design, enabling customization across diverse SME-led applications in disaster response, land cover and crop mapping, and ecosystem dynamics monitoring. Prithvi-EO-2.0 is available as an open-source model on Hugging Face and IBM TerraTorch, with additional resources on GitHub. The project exemplifies the Trusted Open Science approach embraced by all involved organizations.","1558-0644","","10.1109/TGRS.2025.3642610","National Aeronautics and Space Administration (NASA)(grant numbers:80MSFC22M004); Gauss Centre for Supercomputing; National Aeronautics and Space Administration(grant numbers:80NSSC24K1562); ","https://ieeexplore.ieee.org/stamp/stamp.jsp?arnumber=11296896","Earth observation (EO);geospatial foundation model (GFM);harmonized landsat and sentinel-2 (HLS);machine learning;multi-temporal remote sensing","Modeling;Training;Foundation models;Earth;Vegetation mapping;Landsat;Geospatial analysis;Benchmark testing;Transformers;Spatial resolution","","62","","49","CCBY","11 Dec 2025","2026","","IEEE","IEEE Journals"
"Robust EV Scheduling in Charging Stations Under Uncertain Demands and Deadlines","S. P. Sone; J. J. Lehtomäki; Z. Khan; K. Umebayashi; K. S. Kim","Centre for Wireless Communications (CWC), University of Oulu, Oulu, Finland; Centre for Wireless Communications (CWC), University of Oulu, Oulu, Finland; Centre for Wireless Communications (CWC), University of Oulu, Oulu, Finland; Department of Electrical and Electronic Engineering, Umebayashi Laboratory, Tokyo University of Agriculture and Technology, Fuchu, Japan; Department of Electrical and Electronic Engineering, Yonsei University, Seoul, South Korea",IEEE Transactions on Intelligent Transportation Systems,"27 Nov 2024","2024","25","12","21484","21499","To enable widespread use of electric vehicles (EVs), large-scale public charging stations with fast chargers are being planned in places such as shopping malls and office car parks. Operators of public charging stations need to utilize EV scheduling algorithms that can satisfy charging demands with a minimum number of simultaneous charging sessions. In this paper, we propose EV charging scheduling algorithms that meet the charging demands and deadlines of EV users while minimizing the number of simultaneous charging sessions. An uncertainty-aware deep learning (DL) framework is also used to predict EV arrivals at a charging station. The predicted EV arrivals in turn are used to help the charging operator estimate how many charging sessions to order from the grid. Our DL model not only predicts the mean EV arrival rates but also the upper limits of EV arrivals, which enhances robustness against uncertainty in EV arrivals and helps estimate the maximum charging demand for a given interval. Moreover, to overcome the challenge of insufficient EV charging data for DL models, we construct a synthetic data model that takes into account multiple factors influencing EV arrivals, such as weather, events, weekdays, and weekends. Both online and offline approaches in the design of EV scheduling algorithms are utilized. The performances of the proposed algorithms are evaluated in terms of active charging sessions used to serve EV users. We also compare their performance with a baseline algorithm which is an offline optimal algorithm based on a mixed integer linear problem formulation.","1558-0016","","10.1109/TITS.2024.3466514","Research Council of Finland’s Robust6G Project under the 6Genesis Flagship; EVOLVE project under the European Union’s (EU’s) Horizon Europe research and innovation program through the Marie Skłodowska-Curie grant (MSCA); ","https://ieeexplore.ieee.org/stamp/stamp.jsp?arnumber=10704948","Deep learning;EV arrivals prediction;EV scheduling algorithm;optimizing EV operations with uncertainty;predictive modeling for EV charging stations;prediction uncertainty;time series forecasting;uncertainty-aware forecasting","Electric vehicle charging;Predictive models;Scheduling algorithms;Data models;Uncertainty;Scheduling;Fast charging;Synthetic data;Prediction algorithms;Hospitals","","28","","48","CCBY","3 Oct 2024","Dec. 2024","","IEEE","IEEE Journals"
"Towards Fine-grained Image Classification with Generative Adversarial Networks and Facial Landmark Detection","M. Darvish; M. Pouramini; H. Bahador","Department of Electrical and Computer Science, University of Mohaghegh Ardabili, Ardabil, Iran; Department of Electrical and Computer Science, University of Mohaghegh Ardabili, Ardabil, Iran; Department of Electrical and Computer Science, University of Mohaghegh Ardabili, Ardabil, Iran",2022 International Conference on Machine Vision and Image Processing (MVIP),"22 Mar 2022","2022","","","1","6","Fine-grained classification remains a challenging task because distinguishing categories needs learning complex and local differences. Diversity in the pose, scale, and position of objects in an image makes the problem even more difficult. Although the recent Vision Transformer models achieve high performance, they need an extensive volume of input data. To encounter this problem, we made the best use of GAN-based data augmentation to generate extra dataset instances. Oxford-IIIT Pets was our dataset of choice for this experiment. It consists of 37 breeds of cats and dogs with variations in scale, poses, and lighting, which intensifies the difficulty of the classification task. Furthermore, we enhanced the performance of the recent Generative Adversarial Network (GAN), StyleGAN2-ADA model to generate more realistic images while preventing overfitting to the training set. We did this by training a customized version of MobileNetV2 to predict animal facial landmarks; then, we cropped images accordingly. Lastly, we combined the synthetic images with the original dataset and compared our proposed method with standard GANs augmentation and no augmentation with different subsets of training data. We validated our work by evaluating the accuracy of fine-grained image classification on the recent Vision Transformer (ViT) Model. Code is available at: https://github.com/mahdi-darvish/GAN-augmented-pet-classifler","2166-6784","978-1-6654-1216-2","10.1109/MVIP53647.2022.9738759","","https://ieeexplore.ieee.org/stamp/stamp.jsp?arnumber=9738759","Data augmentation;Fine-grained classification detection;Generative adversarial networks;Landmark detection","Training;Solid modeling;Training data;Predictive models;Generative adversarial networks;Transformers;Data models","","5","","38","IEEE","22 Mar 2022","23-24 Feb. 2022","23-24 Feb. 2022","IEEE","IEEE Conferences"
"Cross-Dataset Generalizable Paddy Leaf Disease Detection via ViT–CNN Fusion and Domain-Specific Preprocessing","V. G. V; D. J","Department of CSE (Cyber Security), Easwari Engineering College, Chennai, India; Department of Computer Science and Design, Easwari Engineering College, Chennai, India","2025 5th International Conference on Emerging Research in Electronics, Computer Science and Technology (ICERECT)","12 Feb 2026","2025","","","1","8","One of the biggest threats to world food security is the impact of paddy leaf diseases including Blast, Bacterial Blight, Brown Spot, and Leaf Scald on rice production and quality. Using an explainable hybrid Vision Transformer-Convolutional Neural Network (CNN) classification model, optimization-driven feature selection, multi-level feature extraction, and hybrid preprocessing are all components of the new Paddy Leaf Disease Detection Framework that is proposed in this study. In order to improve the visibility of illness regions and decrease overfitting, the preprocessing pipeline integrates conventional and GAN-based data augmentation, edge detection, Gaussian smoothing, and domain-specific color space transformations. In order to capture both local and global illness patterns, attention processes are used to modify shape features, texture descriptors (GLCM, LBP), and multi-level CNN features. Optimization of classification efficiency is achieved by the use of the Beetle Antennae Search (BAS) method, which finds the most discriminative features. The effectiveness of the suggested architecture is proven by extensive tests conducted on the Rice Leaf Disease Dataset, PlantVillage Dataset, and Paddy Leaf Disease Dataset. It surpasses CNN (92.5% accuracy), ResNet50 (90.1% accuracy), VGG16 (88.4% accuracy), and SVM (85.7% accuracy) with its 95.3% accuracy, 94.2% precision, 96.1% recall, and 95.1% F1-score. The model's best SHAP-based interpretability score of 0.87 and quickest inference time of 0.03s attest to its viability for use in real-time scenarios. Robustness in varied contexts is highlighted by the low performance degradation indicated by cross-dataset generalization tests. This system provides a workable answer to the problem of paddy disease early detection and control by integrating computational economy, explainability, and high accuracy. Improved crop monitoring, less yield loss, and more sustainable rice farming practices on a worldwide scale can result from its incorporation into precision agricultural systems.","","979-8-3315-3200-0","10.1109/ICERECT65215.2025.11375892","","https://ieeexplore.ieee.org/stamp/stamp.jsp?arnumber=11375892","Paddy Leaves disease;Beetle Antennae Search;Vision Transformer–Convolutional Neural Network;Bacteria Blight;Food Security","Accuracy;Smoothing methods;Shape;Food security;Transformers;Feature extraction;Robustness;Convolutional neural networks;Antennas;Diseases","","","","26","IEEE","12 Feb 2026","12-13 Sept. 2025","12-13 Sept. 2025","IEEE","IEEE Conferences"
"Attention-Based Multi-Input Multi-Output Neural Network for Plant Disease Prediction Using Multisensor System","R. Saini; K. S. Patle; A. Kumar; S. G. Surya; V. S. Palaparthy","Department of Information and Communication Technology, System Design Laboratory, Dhirubhai Ambani Institute of Information and Communication Technology, Gandhinagar, Gujarat, India; Department of Information and Communication Technology, System Design Laboratory, Dhirubhai Ambani Institute of Information and Communication Technology, Gandhinagar, Gujarat, India; School of Cyber Security and Digital Forensics, National Forensic Sciences University, Gandhinagar, Gujarat, India; Dyson, Malmesbury, U.K; Department of Information and Communication Technology, System Design Laboratory, Dhirubhai Ambani Institute of Information and Communication Technology, Gandhinagar, Gujarat, India",IEEE Sensors Journal,"14 Dec 2022","2022","22","24","24242","24252","Disease detection and prevention in plants are crucial for generating healthy crops and securing the livelihood of farmers. Leaf wetness duration (LWD), ambient temperature, and relative humidity (RH) are essential parameters that lead to the germination of fungal diseases in plants. In this work, an in-house-developed leaf wetness sensor (LWS) is used to capture LWD, and commercial temperature and humidity sensors are used to record the ambient temperature and humidity, respectively. Subsequently, these sensors are interfaced with an in-house-developed Internet of Things (IoT)-enabled electronics and deployed (three sensor nodes) in the field. We have proposed an attention-based multi-input multi-output neural network (A-MIMONN) to predict diseases using self-collected data. The data for training the model are collected from the three sensors nodes, each comprising of temperature, humidity, and LWSs. The designed network is an ensemble of various submodels, trained individually using data from different sensor nodes. The findings of these individually trained networks are then combined to give the final output. The network is designed to achieve better results by employing the attention mechanism, reinforcing the influence of the most important feature on the predicted results. The average accuracy of the model was found to be about 94%. The model displayed a high average precision of 96% and a high average recall value of 97%. The average F1 score of 97% indicated an excellent balance of precision and accuracy.","1558-1748","","10.1109/JSEN.2022.3219601","Department of Science and Technology—Science and Engineering Research Board (DST-SERB) through a Startup Research Grant (SRG)(grant numbers:SRG/2019/000895); ","https://ieeexplore.ieee.org/stamp/stamp.jsp?arnumber=9944633","Agricultural applications;attention-based;leaf wetness sensor (LWS);multi-input multi-output (MIMO);plant disease management;synthetic time-series data;time generative adversarial network (TimeGAN)","Sensors;Diseases;Temperature sensors;Humidity;Temperature measurement;Sensor systems;Data models","","16","","41","IEEE","9 Nov 2022","15 Dec.15, 2022","","IEEE","IEEE Journals"
"Gas Source Localization in Outdoor Environment Using Deep Learning and Stationary Sensor Network: Change in the Spacing Between Gas Sensors","G. -J. Zhao; H. Matsukura; H. Ishida","Graduate School of Bio-Applications and Systems Engineering, Tokyo University of Agriculture and Technology, Tokyo, Japan; Graduate School of Informatics and Engineering, University of Electro-Communications, Tokyo, Japan; Graduate School of Bio-Applications and Systems Engineering, Tokyo University of Agriculture and Technology, Tokyo, Japan",2026 IEEE International Symposium on Olfaction and Electronic Nose (ISOEN),"1 Sep 2026","2026","","","328","330","This paper reports on the effect of changing the spacing in a stationary gas sensor network on its gas source localization accuracy. Due to the extreme fluctuations of wind, outdoor gas source localization is an inherently challenging task. Collecting spatiotemporal gas distribution data from a stationary gas sensor network and feeding them into deep learning models to extract gas distribution features would ultimately allow highprecision gas source localization. A gas dispersion simulator that we proposed in our previous work is used for generating sufficient amount of gas distribution data to train deep learning models. Gas distribution data trailing from its source in different directions are simulated by rotating the wind recorded in an open field experiment. The time courses of gas sensor response values with different sensor spacings are computed by feeding the simulated gas distribution data to a second-order transient sensor response model. Results obtained with CNN-LSTM (convolutional neural network-long short-term memory) show that changing the spacing of 30 gas sensors from 1.5 m to 1.0 m improves the accuracy of estimating a gas source location.","","979-8-3315-6143-7","10.1109/ISOEN68725.2026.11665229","JSPS(grant numbers:22H04952); ","https://ieeexplore.ieee.org/stamp/stamp.jsp?arnumber=11665229","sensor network;gas source localization;deep learning;data augmentation;gas dispersion simulator","Gases;Modeling;Gas detectors;Image sensors;Long short term memory;Wind;Convolutional neural networks;Cells (biology);Position measurement;Accuracy","","","","10","IEEE","1 Sep 2026","17-20 May 2026","17-20 May 2026","IEEE","IEEE Conferences"
"A Smart Agricultural Analytics and E-Commerce Framework for Daily Commodity Price Prediction Using Hybrid Arima-Lstm With Improved Timegan","M. U. Sarangapani; V. MuraliBhaskaran; S. M.; S. V. H.","Department of Information Technology, Rajalakshmi Engineering College, Chennai, Tamil Nadu, India; Department of Computer Science and engineering, Rajalakshmi Engineering College, Chennai, Tamil Nadu, India; Department of Information Technology, Rajalakshmi Engineering College, Chennai, Tamil Nadu, India; Department of Information Technology, Rajalakshmi Engineering College, Chennai, Tamil Nadu, India",2026 13th International Conference on Computing for Sustainable Global Development (INDIACom),"26 May 2026","2026","","","1","9","The price prediction of agricultural commodities and prediction of crop yield price are necessary in order to assist farmers, traders and consumers in making economic decisions. Nevertheless, such markets are highly volatile due to changes in weather, the level of production to the quantity demanded and the annual cycles - making it difficult to make accurate predictions. Here, a new system is created that combines smart farming data application with web trade capabilities, and tries to predict the cost at a specific day more accurately. It is based on a hybrid ARIMALSTM approach, enhanced by using a refined inputs with a better TimeGAN algorithm that introduces smarter examples variations. The test was based on complete set of daily prices of prices that could be traced since 2012 to 2025 and on major crops such as tomatoes, onions and potatoes. ARIMA model is a linear timedependency model and the LSTM is a non-linear time-dependency model, and TimeGAN is a better model as it generates more synthetical data that boasts better robustness and generalization of the model. A prediction engine is implemented as an application in a React-based site where it displays real-time price guesses, and similarly, the system also has a secure e-commerce area with user authentication, order tracking and integration of digital payments, which allows direct commodity purchases. The mixture of methods shows the prediction of nails more frequently during tests. It can also be scaled well, where crop intelligence is connected to smart trade capabilities all in the same savour.","","978-93-80544-64-9","10.23919/INDIACom70271.2026.11525751","","https://ieeexplore.ieee.org/stamp/stamp.jsp?arnumber=11525751","Daily Price Prediction of commodities;Crop Yield Prediction;Hybrid LSTM-ARIMA;Time-GAN;E-Commerce","Modeling;Pricing;Long short term memory;Timing;Forecasting;Printing;Electronic commerce;Machine learning;Accuracy;Equations","","","","19","","26 May 2026","8-10 April 2026","8-10 April 2026","IEEE","IEEE Conferences"
"Learning From Paired and Unpaired Data: Alternately Trained CycleGAN for Near Infrared Image Colorization","Z. Yang; Z. Chen","Department of Electrical and Photonics, Institute of High Performance Computing, Agency for Science, Technology and Research (A*STAR), Singapore; Department of Machine Intellection, Institute for Infocomm Research, Agency for Science, Technology and Research (A*STAR), Singapore",2020 IEEE International Conference on Visual Communications and Image Processing (VCIP),"29 Dec 2020","2020","","","467","470","This paper presents a novel near infrared (NIR) image colorization approach for the Grand Challenge held by 2020 IEEE International Conference on Visual Communications and Image Processing (VCIP). A Cycle-Consistent Generative Adversarial Network (CycleGAN) with cross-scale dense connections is developed to learn the color translation from the NIR domain to the RGB domain based on both paired and unpaired data. Due to the limited number of paired NIR-RGB images, data augmentation via cropping, scaling, contrast and mirroring operations have been adopted to increase the variations of the NIR domain. An alternating training strategy has been designed, such that CycleGAN can efficiently and alternately learn the explicit pixel-level mappings from the paired NIR-RGB data, as well as the implicit domain mappings from the unpaired ones. Based on the validation data, we have evaluated our method and compared it with conventional CycleGAN method in terms of peak signal-to-noise ratio (PSNR), structural similarity (SSIM) and angular error (AE). The experimental results validate the proposed colorization framework.","2642-9357","978-1-7281-8068-7","10.1109/VCIP49819.2020.9301791","","https://ieeexplore.ieee.org/stamp/stamp.jsp?arnumber=9301791","VCIP challenge 2020;NIR image colorization;CycleGAN;UNet;paired/unpaired images;data augmentation","Training;Image color analysis;Generators;Gallium nitride;Decoding;Image edge detection;Gray-scale","","16","","12","IEEE","29 Dec 2020","1-4 Dec. 2020","1-4 Dec. 2020","IEEE","IEEE Conferences"
"Summary of Semantic Segmentation in Small Samples","Z. Yixin; C. Wenyu; Z. Yuting","School of Computer Science and Engineering (School of Cybersecurity), University of Electronic Science and Technology of China, Chengdu, China; School of Computer Science and Engineering (School of Cybersecurity), University of Electronic Science and Technology of China, Chengdu, China; School of Computer Science and Engineering (School of Cybersecurity), University of Electronic Science and Technology of China, Chengdu, China",2024 21st International Computer Conference on Wavelet Active Media Technology and Information Processing (ICCWAMTIP),"18 Feb 2025","2024","","","1","4","Small-sample semantic segmentation is an important task in computer vision. Its purpose is to achieve accurate pixel-level classification in the case of very limited annotation data. Small sample scenarios usually do not have enough annotated data to train deep learning models, so the models are easy to overfit and have insufficient generalization performance. It mainly includes techniques based on meta-learning, generative models and transfer learning. Meta-learning improves the efficiency of the model by learning how to quickly adapt to the new task, and the generative model expands the data set by generating synthetic data, while transfer learning helps improve the segmentation performance by extracting knowledge from tasks in related fields.","2576-8964","979-8-3315-1925-4","10.1109/ICCWAMTIP64812.2024.10873735","","https://ieeexplore.ieee.org/stamp/stamp.jsp?arnumber=10873735","Small sample learning;Semantic segmentation","Metalearning;Adaptation models;Computer vision;Annotations;Reviews;Computational modeling;Semantic segmentation;Transfer learning;Data models;Synthetic data","","1","","9","IEEE","18 Feb 2025","14-16 Dec. 2024","14-16 Dec. 2024","IEEE","IEEE Conferences"
"Birds Egg Recognition using Artificial Neural Network","P. Natesan; R. ThamilSelvan; E. Gothai; G. Deepadharshini; T. E. Kavivarrthini; P. NithiShree","Department of Computer Science and Engineering, Kongu Engineering College, Erode, India; Department of Computer Science and Engineering, Kongu Engineering College, Erode, India; Department of Information Technology and Engineering, Kongu Engineering College, Erode, India; Department of Computer Technology, Kongu Engineering College, Erode, India; Department of Computer Technology, Kongu Engineering College, Erode, India; Department of Computer Technology, Kongu Engineering College, Erode, India",2023 International Conference on Sustainable Computing and Data Communication Systems (ICSCDS),"25 Apr 2023","2023","","","1527","1532","A bird of one species laying its eggs in the nest of a bird of another species without providing parental care is known as brood parasitism. Finding a classification for bird eggs is the issue. This study constructs a dataset by using the data augmentation technique. One of the most important tasks in agriculture is brood parasitism. While brood parasitism, any other species’ eggs might be mixed in. The birds are unable to identify their young. The possibility of a hybrid exists. Most people are unable to identify the bird’s egg, even if there may be identical children from the same parent. Using digital photographs, the eggs will be classified according to four characteristics: colour, spottiness, form, and pattern. After that, these variables were utilized to a multiclass egg classification technique for supervised machine learning. The results are more accurate because of the machine learning technique. Artificial Neural network of the machine learning techniques the model will be presented to obtain the desired results; each algorithm gives different features and measurements. This study recommends machine learning to classify birds’ egg automatically. The use of python and associated libraries was required throughout the classification process.","","978-1-6654-9199-0","10.1109/ICSCDS56580.2023.10104986","","https://ieeexplore.ieee.org/stamp/stamp.jsp?arnumber=10104986","ANN;Machine learning;classification;brood parasitism;hybrid.","Training;Measurement;Machine learning algorithms;Image recognition;Machine learning;Artificial neural networks;Birds","","","","15","IEEE","25 Apr 2023","23-25 March 2023","23-25 March 2023","IEEE","IEEE Conferences"
"Finger Vein Spoof GANs: Is Synthesis Using Diffusion or VisionTransformer Superior for Presentation Attack Detector Training?","A. Vorderleitner; A. Uhl","Dept. of Artificial Intelligence and Human Interfaces, University of Salzburg (PLUS), Salzburg, Austria; Dept. of Artificial Intelligence and Human Interfaces, University of Salzburg (PLUS), Salzburg, Austria",2025 25th International Conference on Digital Signal Processing (DSP),"15 Jul 2025","2025","","","1","5","Four traditional GAN-based I2I translation techniques for unpaired data have been employed for the synthesis of biometric finger vein presentation attack instrument (PAI) samples in earlier work (three public presentation attack datasets have been considered). These synthetic samples have been used to train presentation attack detectors (PAD). Here we extend this work by using more recent image synthesis techniques to generate the required attack sample data, i.e. StyleSwin and DDPM diffusion. We aim to assess if these more recent techniques are able to outperform the classical GAN techniques when used as training data (using DenseSIFT feature sets in their PAD classifier). Our analysis reveals that, contrasting to expectations, PAD accuracy is on par with the traditional GAN-based synthesis techniques under the restrictive conditions of our evaluation (in particular the severely limited size of available training data).","2165-3577","979-8-3315-1213-2","10.1109/DSP65409.2025.11075073","","https://ieeexplore.ieee.org/stamp/stamp.jsp?arnumber=11075073","","Training;Translation;Image synthesis;Fingers;Training data;Digital signal processing;Detectors;Fingerprint recognition;Data models;Synthetic data","","1","","29","IEEE","15 Jul 2025","25-27 June 2025","25-27 June 2025","IEEE","IEEE Conferences"
"Recurrent Neural Networks for Forecasting Rice Sheath Blight Incidence from Meteorological Data","S. V. K; R. Satheesh Kumar","Department of Computer Science and Engineering, Sahrdaya College of Engineering and Technology, APJ Abdul Kalam Technological University, Kerala, India; Department of Computer Science and Engineering, Jawaharlal College of Engineering and Technology, APJ Abdul Kalam Technological University, Kerala, India",2026 6th International Conference on Pervasive Computing and Social Networking (ICPCSN),"8 Jun 2026","2026","","","1332","1337","Rice Sheath Blight (RSB), caused by the soil-borne fungus Rhizoctonia solani, significantly reduces rice productivity by impairing photosynthesis and nutrient transport. Accurate prediction of disease severity is challenging due to limited and sparsely sampled meteorological data, despite the strong influence of environmental factors such as temperature, humidity, and rainfall. This study proposes a novel interpolation-based data augmentation method for weather time-series data to enhance disease prediction. The approach generates realistic intermediate samples by preserving temporal continuity and underlying environmental trends, thereby improving dataset density and quality. Historical weather and disease severity data collected from multiple rice-growing regions in India were used to construct both original and augmented datasets. These datasets were then used to train Recurrent Neural Network (RNN) models for time-series forecasting of RSB severity. Experimental results demonstrate that the proposed augmentation method improves model generalization and prediction accuracy compared to non-augmented baselines. This work highlights the effectiveness of interpolation-driven augmentation for agricultural time-series data and provides a scalable framework for improving disease forecasting and supporting timely crop management decisions","","979-8-3315-7236-5","10.1109/ICPCSN68523.2026.11543657","","https://ieeexplore.ieee.org/stamp/stamp.jsp?arnumber=11543657","Rice Sheath Blight (RSB);Meteorological Data;Deep Learning;Recurrent Neural Network (RNN)","Diseases;Modeling;Meteorology;Training;Weather;Weathering;Printing;Long short term memory;Recurrent neural networks;Timing","","","","19","IEEE","8 Jun 2026","6-8 May 2026","6-8 May 2026","IEEE","IEEE Conferences"
"Epileptic Seizure Detection from EEG Signals using Autoencoder-based Graph Convolutional Neural Network","F. A. Jibon; F. Hasan Siddiqui","Department of Computer Science and Engineering, Dhaka University of Engineering & Technology, Gazipur, Dhaka, Bangladesh; Department of Computer Science and Engineering, Dhaka University of Engineering & Technology, Gazipur, Dhaka, Bangladesh","2025 International Conference on Electrical, Computer and Communication Engineering (ECCE)","29 May 2025","2025","","","1","6","Electroencephalogram (EEG)-based computer-assisted technology for automatic seizure detection empowers neurologists to make accurate diagnoses. Despite advancements, the potential of deep neural networks in seizure detection from time-series brain data remains underutilized. The focus on grid-like data has been a significant limitation of previous approaches. Physiological recordings often have irregular and unordered structures, making them difficult to consider as a matrix. Since EEG signals are non-stationary and variable, collecting sufficient EEG data requires a lot of time and has a poor sample-to-feature ratio, which significantly lowers the effectiveness of seizure detection. In this study, a novel hybrid framework is proposed for detecting epileptic seizures using a graph convolutional neural network (GCNN) combined with an autoencoder (AE). The nodes and vertices of the GCNN are able to accurately detect seizures by combining temporal analysis with anatomical disruption without any loss of adjacent spatial information. In the proposed method autoencoder (AE) is applied in the place of the traditional filtering method in two ways, conventional autoencoder (CAE) for feature extraction and variational autoencoder (VAE) for data augmentation which provides improved accuracy over traditional classification using GCNN. Data augmentation (DA) based signal synthesis is employed to scale down the imbalance of acquired data and reduce biases. Furthermore, the application Chebyshev learning filter and graph coarsening produces 6-8% more improved results than the conventional CNN-based method with a much lower Gaussian error rate. Experiments on the NMT-Scalp dataset show that the model effectively detects seizures from raw EEG signals, achieving 98.89% accuracy without additional feature extraction.","","979-8-3503-5750-9","10.1109/ECCE64574.2025.11013859","","https://ieeexplore.ieee.org/stamp/stamp.jsp?arnumber=11013859","EEG;Seizure;Augmentation;Autoencoder;Graph Convolutional Neural Network (GCNN)","Accuracy;Autoencoders;Scalp;Feature extraction;Data augmentation;Brain modeling;Electroencephalography;Recording;Convolutional neural networks;Signal synthesis","","","","23","IEEE","29 May 2025","13-15 Feb. 2025","13-15 Feb. 2025","IEEE","IEEE Conferences"
"Pixel Perfection: Enhancing Super-Resolution of Satellite Images using Generative Adversarial Networks","S. Marwaha","M.TECH Artificial Intelligence & Machine Learning, Vellore Institute of Technology, Chennai, India",2026 13th International Conference on Computing for Sustainable Global Development (INDIACom),"26 May 2026","2026","","","1","5","High-resolution satellite imagery is widely used in applications such as environmental monitoring, agriculture, and urban planning. In practice, however, the resolution of acquired images is often limited by sensor constraints and transmission bandwidth. Super-resolution methods attempt to recover finer details by reconstructing highresolution images from low-resolution inputs. In this work, Pixel Perfection, a GAN-based super-resolution framework designed for structured satellite imagery, is explored. The model employs a Residual-in-Residual Dense Block (RRDB) generator together with a composite loss combining L1, perceptual, and adversarial terms to balance structural consistency and visual quality. Evaluation against interpolation and CNN-based methods shows measurable improvements in PSNR, SSIM, and MAE. Ablation analysis further examines the role of each loss component. The reconstructed outputs show sharper edges and more stable textures, while maintaining efficiency for large-scale remote sensing use.","","978-93-80544-64-9","10.23919/INDIACom70271.2026.11525817","","https://ieeexplore.ieee.org/stamp/stamp.jsp?arnumber=11525817","Generative Adversarial Networks (GANs);Remote Sensing;Residual-in-Residual Dense Block (RRDB);Satellite Imaging;Super-Resolution","Superresolution;Modeling;Printing;Satellites;Pixel;Remote sensing;Generative adversarial networks;Training;Strontium;Learning (artificial intelligence)","","","","30","","26 May 2026","8-10 April 2026","8-10 April 2026","IEEE","IEEE Conferences"
"Tomato Leaf Disease Identification and Growth Dataset Augmentation Based on UAE-GAN","X. Li; F. Li; X. Luo","School of Computer Science and Information Security, Guilin University of Electronic Technology, Guilin, China; School of Computer Science and Information Security, Guilin University of Electronic Technology, Guilin, China; Guangxi Key Laboratory of Image and Graphic Intelligent Processing, Guilin University of Electronic Technology, Guilin, China",2025 13th International Conference on Intelligent Control and Information Processing (ICICIP),"3 Mar 2025","2025","","","308","314","To delve into the characterization of growth disorders in different crops, it is important to support the model with a large amount of image data that includes a variety of disease types and disease levels to capture the typical and subtle differences of various diseases on plant leaves. However, the actual process of gathering data is challenging, sample coverage is challenging to accomplish, data capture is impeded, and the quality of the data is subpar. This work aims to address the issue of data shortages by employing technical methods. In particular, we creatively investigated the UAE-GAN approach, which naturally combines CycleGAN, U-Net, Variational Autoencoder VAE, and Autoencoder to increase the data. Among these, U-Net can precisely extract the small details of disease locations in crop photos and provide a strong basis for further processing thanks to its special codec architectural benefits. The Variational Autoencoder (VAE) significantly enhances the diversity of data by mapping the image to the latent space and sampling based on a certain probability distribution, so producing new image samples that are distinct from the original image yet inherently connected. Learning the coding and decoding of the original image is the foundation of autoencoders. If a mild disruption is introduced into the coding process, it can achieve data augmentation in another dimension and create a sequence of new images with just little modifications to the original image. The aforementioned models are closely linked with CycleGAN to efficiently map and convert in a variety of picture domains and to fully leverage CycleGAN's remarkable unsupervised image conversion capabilities. The perception ability, feature capture ability, and information conversion ability of the fusion model for crop image data are significantly improved, and the key elements of each link in the data enhancement process are comprehensively considered to ensure that the generated new image data can not only retain the key features of the original data but also effectively extend the data boundaries to satisfy the requirements of model training for richness and diversity. On this basis, tomato leaf image data enhancement is studied, and the performance and stability of the combined model are verified.","2835-9577","979-8-3315-1614-7","10.1109/ICICIP64458.2025.10898134","Research and Development; National Natural Science Foundation of China; National Natural Science Foundation of China; ","https://ieeexplore.ieee.org/stamp/stamp.jsp?arnumber=10898134","Cycle-Consistent Generative Adversarial Networks;Convolutional Networks for Biomedical Image Segmentation;Variational Autoencoder;Autoencoder;Tomato disease","Training;Image coding;Autoencoders;Data enhancement;Crops;Generators;Data models;Stability analysis;Probability distribution;Diseases","","1","","24","IEEE","3 Mar 2025","6-11 Feb. 2025","6-11 Feb. 2025","IEEE","IEEE Conferences"
"Satellite Image Segmentation via Image Quality Enhancement and Modified Unet Architecture","A. Pathak; M. Kamani; R. Priyanka","Department of Networking and Communications, School of Computing, Faculty of Engineering and Technology, SRM Institute of Science and Technology, Kattankulathur, Tamil Nadu, India; Department of Networking and Communications, School of Computing, Faculty of Engineering and Technology, SRM Institute of Science and Technology, Kattankulathur, Tamil Nadu, India; Department of Networking and Communications, School of Computing, Faculty of Engineering and Technology, SRM Institute of Science and Technology, Kattankulathur, Tamil Nadu, India",2024 2nd International Conference on Advancement in Computation & Computer Technologies (InCACCT),"11 Jun 2024","2024","","","646","651","Satellite imaging is essential for urban planning and crisis management as it records detailed spatial information such as buildings, roads, and different types of land cover. Satellite image segmentation is necessary to analyze pictures and extract particular information for applications including urban planning, vegetation monitoring, and time series data analysis due to their complexity. Most segmentation models need input images of size (512,512), which may lead to pixelation or quality reduction due to cropping or zooming. High resolution input data might provide challenges in multiclass segmentation due to its extensive coverage area. This paper present a remodeled Enhanced Super-Resolution Generative Adversarial Network (ESRGAN) to enhance picture quality and maintain crucial data for precise segmentation tasks. The segmentation process involves utilizing a U-Net architecture integrated with a ResNet50 encoder. This decision was taken to utilise ResNet50’s advanced feature extraction skills while preserving U-Net’s efficacy in obtaining contextual information for accurate segmentation. The network incorporates the Tversky loss function to effectively adjust the influence of various classes in the input data throughout the training process. The model demonstrates an accuracy of 0.94 and a mean Intersection over Union (IOU) of 0.83 in multiclass segmentation tasks, properly outlining different land cover classes such as houses, woodlands, water bodies, and roads.","","979-8-3503-7131-4","10.1109/InCACCT61598.2024.10551252","","https://ieeexplore.ieee.org/stamp/stamp.jsp?arnumber=10551252","ESRGAN (Enhanced Super Resolution Generative Adversarial Network);UNET (U Shaped-Network);Intersection over union (IOU);Segmentation;RESNET","Image quality;Training;Image segmentation;Roads;Urban planning;Superresolution;Computer architecture","","4","","14","IEEE","11 Jun 2024","2-3 May 2024","2-3 May 2024","IEEE","IEEE Conferences"
"Online Estimation of Table-Top Grown Strawberry Mass in Field Conditions with Occlusions","J. Zhen; Y. Ge; T. Zhu; H. Zhao; Y. Xiong","The Intelligent Equipment Research Center, Beijing Academy of Agriculture and Forestry Sciences, Beijing, China; The Intelligent Equipment Research Center, Beijing Academy of Agriculture and Forestry Sciences, Beijing, China; The Intelligent Equipment Research Center, Beijing Academy of Agriculture and Forestry Sciences, Beijing, China; The College of Electrical Engineering and Automation, Tianjin University of Technology, Tianjin, China; The Intelligent Equipment Research Center, Beijing Academy of Agriculture and Forestry Sciences, Beijing, China",2025 IEEE/RSJ International Conference on Intelligent Robots and Systems (IROS),"27 Nov 2025","2025","","","3040","3047","Accurate mass estimation of table-top grown strawberries under field conditions remains challenging due to frequent occlusions and pose variations. This study proposes a vision-based pipeline integrating RGB-D sensing and deep learning to enable non-destructive, real-time and online mass estimation. The method employed YOLOv8-Seg for instance segmentation, Cycle-Consistent generative adversarial network (CycleGAN) for occluded region completion, and tilt-angle correction to refine frontal projection area calculations. A polynomial regression model then mapped the geometric features to mass. Experiments demonstrated mean mass estimation errors of 8.11% for not-occluded strawberries and 10.47% for occluded cases. CycleGAN outperformed large mask inpainting (LaMa) model in occlusion recovery, achieving superior pixel area ratios (PAR) (mean: 0.978 vs. 1.112) and higher intersection over union (IoU) scores (92.3% vs. 47.7% in the [0.9–1] range). This approach addresses critical limitations of traditional methods, offering a robust solution for automated harvesting and yield monitoring with complex occlusion patterns.","2153-0866","979-8-3315-4393-8","10.1109/IROS60139.2025.11247282","Beijing Academy of Agricultural and Forestry Sciences; Youth Foundation; Young Scientists Fund; ","https://ieeexplore.ieee.org/stamp/stamp.jsp?arnumber=11247282","","Estimation error;Technological innovation;Shape;Pose estimation;Pipelines;Robot sensing systems;Real-time systems;Polynomials;Sensors;Monitoring","","2","","22","IEEE","27 Nov 2025","19-25 Oct. 2025","19-25 Oct. 2025","IEEE","IEEE Conferences"
"Advanced Chicken Coccidiosis Detection using Multi-Model Fusion Architecture","H. Sankar; S. Raghavendra; D. C. V","Department of Computing Technologies, SRM Institute of Science and Technology, Kattankulathur, India; Department of Computing Technologies, SRM Institute of Science and Technology, Kattankulathur, India; Department of Computing Technologies, SRM Institute of Science and Technology, Kattankulathur, India",2026 International Conference on Sustainable Engineering and Technology Innovations (ICSETI),"12 Aug 2026","2026","","","810","815","Chicken coccidiosis is a highly contagious parasitic disease that inflicts serious economic loss on poultry farming. Traditional detection methods are typically time-consuming, error-prone, and highly dependent on experts’ skills. In this study, we introduce a deep learning-centred framework for automatic chicken coccidiosis detection, thereby overcoming the limitations of existing methods. Our strategy entails a multi-model fusion framework using EfficientNet and ResNet to tap into their complementary strengths in feature extraction. Additionally, the framework leverages encoders previously trained in self-supervised regimes (SimCLR on ResNet50) to enhance feature representation with limited labelled data, while Generative Adversarial Networks (GANs) are employed to generate synthetic faecal images, hence augmenting the dataset. For class imbalance, we utilize weighted loss functions, i.e., Focal Loss, to pay more attention to harder-to-classify samples. The pre-processing pipeline has been supplemented by the inclusion of sophisticated augmentation methods, such as rotation, random cropping, Gaussian blurring, and colour jittering. Experimental results show that our multi-model fusion model, supported by GAN-synthesized synthetic data and SSL (SimCLR-pretrained encoders), performs better in detecting coccidiosis at every infection stage. The system promotes sustainable practice of livestock husbandry, enables early intervention, prevents antibiotic misuse, and enhances poultry health and food security. Through the promotion of responsible practice for poultry production, the study addresses the Sustainable Development Goal of Agriculture for saving Life on Land.","","979-8-3315-9165-6","10.1109/ICSETI67678.2026.11636585","","https://ieeexplore.ieee.org/stamp/stamp.jsp?arnumber=11636585","Multi-Model;SSL;GAN","Modeling;Diseases;Printing;Training;Conferences;Deep learning;Accuracy;Architecture;Computer architecture;Signal detection","","","","18","IEEE","12 Aug 2026","5-6 Feb. 2026","5-6 Feb. 2026","IEEE","IEEE Conferences"
"CLCT-GAN: Strong-Weak Contrastive Learning for Reconstructing CT Images from Radiographs","S. Cheng; Y. Hong; Q. Chen; J. Guo; M. Li; Q. Zhang","School of Information Science and Technology, Jinan University, Guangzhou, China; School of Information Science and Technology, Jinan University, Guangzhou, China; School of Information Science and Technology, Jinan University, Guangzhou, China; Department of Interventional Vascular Medicine, Guangdong Second People’s Hospital, Guangzhou, China; School of Information Science and Technology, Jinan University, Guangzhou, China; School of Information Science and Technology, Jinan University, Guangzhou, China",2024 International Joint Conference on Neural Networks (IJCNN),"9 Sep 2024","2024","","","1","8","Generating CT images from radiographs has immense clinical potential, offering a novel approach to low-cost and low-radiation medical imaging. This method can significantly ease the workload of radiologists. Current machine and deep learning approaches mainly utilize fully supervised learning methods for CT image generation tasks. However, the feature representations learned in fully supervised settings are typically task-specific, dependent on large quantities of labeled data, and have limited generalizability. Addressing these challenges, we introduce a contrastive learning-based method for CT image generation, which includes two phases: pre-training and fine-tuning. The pre-training phase aims to learn feature representations from unlabeled radiographs. Specifically, we devised two simple yet efficient radiograph data augmentation methods, converting the original data into two related but different views. These are then input into an encoder module to learn discriminative feature representations. Labeled data is used to learn the medical image generation task during the fine-tuning phase. In evaluations across the LIDC-IDRI lung CT and IXI brain MRI datasets, our CLCT-GAN model exhibits not only outstanding performance in lung CT reconstructions but also showcases remarkable adaptability to brain MRI data from IXI, surpassing previous state-of-the-art models in these diverse medical imaging benchmarks.","2161-4407","979-8-3503-5931-2","10.1109/IJCNN60899.2024.10650985","National Natural Science Foundation of China; ","https://ieeexplore.ieee.org/stamp/stamp.jsp?arnumber=10650985","Computerized Tomography Reconstruction;radiographs;Generative Adversarial Networks;Contrastive Learning;Magnetic Resonance Image Reconstruction","Adaptation models;Three-dimensional displays;Image synthesis;Computed tomography;Magnetic resonance imaging;Lung;Contrastive learning","","3","","38","IEEE","9 Sep 2024","30 June-5 July 2024","30 June-5 July 2024","IEEE","IEEE Conferences"
"Augmented Cyclic Consistency Regularization for Unpaired Image-to-Image Translation","T. Ohkawa; N. Inoue; H. Kataoka; N. Inoue","The University of Tokyo, Japan; The University of Tokyo, Japan; National Institute of Advanced Industrial Science and Technology (AIST), Tsukuba, Ibaraki, Japan; Tokyo Institute of Technology, Japan",2020 25th International Conference on Pattern Recognition (ICPR),"5 May 2021","2021","","","362","369","Unpaired image-to-image (I2I) translation has received considerable attention in pattern recognition and computer vision because of recent advancements in generative adversarial networks (GANs). However, due to the lack of explicit supervision, unpaired I2I models often fail to generate realistic images, especially in challenging datasets with different backgrounds and poses. Hence, stabilization is indispensable for GANs and applications of I2I translation. Herein, we propose Augmented Cyclic Consistency Regularization (ACCR), a novel regularization method for unpaired I2I translation. Our main idea is to enforce consistency regularization originating from semi-supervised learning on the discriminators leveraging real, fake, reconstructed, and augmented samples. We regularize the discriminators to output similar predictions when fed pairs of original and perturbed images. We qualitatively clarify why consistency regularization on fake and reconstructed samples works well. Quantitatively, our method outperforms the consistency regularized GAN (CR-GAN) in real-world translations and demonstrates efficacy against several data augmentation variants and cycle-consistent constraints.","1051-4651","978-1-7281-8808-9","10.1109/ICPR48806.2021.9412082","Tokyo Institute of Technology; ","https://ieeexplore.ieee.org/stamp/stamp.jsp?arnumber=9412082","","Training;Computer vision;Computational modeling;Semisupervised learning;Generative adversarial networks;Pattern recognition;Image reconstruction","","4","","55","IEEE","5 May 2021","10-15 Jan. 2021","10-15 Jan. 2021","IEEE","IEEE Conferences"
"1 Safe Data Augmentation using Generative AI to Ensure Sustainable Prediction Accuracy of Marine Data","",,AI Applications in Industry,"","2026","","","1","18","AI Applications in Industry offers a comprehensive and forward-looking exploration of how artificial intelligence is reshaping the global industrial landscape. From manufacturing and energy systems to healthcare, logistics, construction, and smart cities, this book examines the transformative power of AI in driving efficiency, safety, sustainability, and innovation across sectors. Written in a clear and authoritative style, the book bridges cutting-edge research with real-world implementation. It presents a structured overview of the key technologies—including machine learning, deep neural networks, generative AI, digital twins, computer vision, robotics, edge–cloud computing, and autonomous systems—and demonstrates how these capabilities are being deployed to solve complex industrial challenges. Through case studies, architecture diagrams, and actionable frameworks, readers gain insights into how AI optimizes production lines, enhances quality assurance, enables predictive maintenance, strengthens supply-chain resilience, and accelerates the transition toward Industry 5.0 and 6.0 paradigms. This book also addresses the broader implications of AI adoption: governance, ethical considerations, cybersecurity, workforce transformation, ESG compliance, and the integration of human-centered design. With perspectives spanning engineering, policy, and strategic management, it equips industry leaders, engineers, researchers, policymakers, and students with a holistic understanding of AI’s impact on modern industry. Key features include: • A sector-by-sector analysis of AI implementations in manufacturing, energy, agriculture, healthcare, construction, transportation, and smart city systems • Deep dives into enabling technologies such as digital twins, IoT sensors, robotics, edge AI, generative design, and autonomous systems • Practical methodologies for deploying AI solutions with measurable ROI and sustainability outcomes • Case studies from leading industries and national digital-transformation initiatives • Frameworks for responsible, secure, and human-centric AI adoption • Emerging trends, challenges, and future directions toward a more resilient, intelligent, and sustainable industrial ecosystem. AI Applications in Industry is an essential reference for anyone seeking to understand or lead the next wave of digital and industrial transformation. Whether you are an engineer, academic, manager, or innovator, this book provides the insights and tools needed to harness AI’s full potential in shaping tomorrow’s industries.","","9788743812128","","","https://ieeexplore.ieee.org/xpl/ebooks/bookPdfWithBanner.jsp?fileName=11614348.pdf&bkn=11614265&pdfType=chapter","","","","","","","","20 Jul 2026","","","River Publishers","River eBook Chapters"
"Review of Using Various Deep Learning Techniques and Cycle-GANs with Transformer for Disease Detection and Classification in Plant Leaves","S. P. Dwivedi; S. Jain; P. Agrawal","Department of CSE, Maulana Azad National Institute of Technology, Bhopal, Madhya Pradesh; Department of CSE, Maulana Azad National Institute of Technology, Bhopal, Madhya Pradesh; Department of CSE, Maulana Azad National Institute of Technology, Bhopal, Madhya Pradesh","2024 International Conference on Integrated Circuits, Communication, and Computing Systems (ICIC3S)","29 Jul 2024","2024","1","","1","7","In the upcoming years, agricultural yields should rise by 50–60 % to assure food security and feed the world's rapidly expanding population. Considering the importance of agriculture, it is imperative to look at methods that can enhance planting practices, track agricultural conditions, identify plant illnesses, and streamline harvesting procedures. The significance of these fundamental elements has prompted in-depth investigation and the creation of numerous studies that offer solutions to these problems. To improve productivity, identifying and preventing plant diseases is crucial. For increased agricultural yields, cost savings, and decreased crop losses, early disease diagnosis is essential. Deep learning and other computer vision-based technologies can help diagnose diseases early. However, the commonality of illness traits in images and interference from the external environment pose hurdles to existing machine vision approaches. Most of the previous work on image classification used plant leaf images captured in controlled environment, having similar background, which produced good results on the same data-set but failed to generalise on the images captured in real conditions. To solve this problem real background images ere used to train the classifiers which increased the generalisation significantly on same data-set but still performed poor on cross data-set generalisation. Attempts are done to solve the problem of data having no background diversity (Background, lighting, camera setting, distance and angle of capture), by data augmentation using GANs, Specifically by using unpaired image to image translation to translate healthy images into diseased images. Earlier models were based on CycleGAN and could not increase the accuracy significantly as CycleGAN translated the latent features also with the disease region. No study within our knowledge has employed Swin transformers in the generator network to augment the CycleGAN model's ability to capture the distribution of the diseased dataset. Furthermore, the use of a transformer-based Image-to-Image translation model reveals issues related to the generation of artifacts, particularly in areas with excessively high or low pixel values. This phenomenon was noted in the present study when applying existing models to plant leaf data augmentation. Thus, by evaluating good fid, psnr, and ssim values using the Swin transformer cycle-GAN, good quality images are obtained and the background diversity issue is resolved. Therefore, classification accuracy is increased by using both actual and produced images to aid in the process. To offer farmers effective solutions for safeguarding their crops and future applications, this paper assesses various methods, delineating their advantages and disadvantages. It proposes the utilization of a hybrid deep learning architecture along with diverse strategies for the detection and classification of plant leaf diseases.","","979-8-3503-6408-8","10.1109/ICIC3S61846.2024.10603311","","https://ieeexplore.ieee.org/stamp/stamp.jsp?arnumber=10603311","Leaf Disease classification;Plant Leaf Disease Detection;Machine Learning;Deep Learning;Transformer;Cycle GANs","Deep learning;Productivity;Accuracy;Reviews;Sociology;Crops;Transformers","","5","","37","IEEE","29 Jul 2024","8-9 June 2024","8-9 June 2024","IEEE","IEEE Conferences"
"Semi-Supervised Context-Aware Emotion Classification for Noisy Bangla Text Using Advanced Learning Strategies","A. A. Shafi; S. R. Suma","Department of Computer Science and Engineering, Khulna University of Engineering & Technology, Khulna, Bangladesh; Department of Computer Science and Engineering, Khulna University of Engineering & Technology, Khulna, Bangladesh",2025 IEEE International Women in Engineering (WIE) Conference on Electrical and Computer Engineering (WIECON-ECE),"27 May 2026","2025","","","189","194","Acquiring high-quality labeled Bangla text for emotion classification is expensive and error-prone, particularly for noisy social media content containing code-mixing, emojis, transliteration, and frequent spelling variations. Purely supervised models struggle to generalize under these conditions, as limited labeled data cannot capture the full diversity of expressions. To address this, we propose two complementary semi-supervised learning (SSL) strategies that leverage abundant unlabeled data while mitigating noise. Firstly, a Teacher-Student framework with an Enhanced Pseudo-Labeling Framework (EPLF) generates high-confidence pseudo-labels using calibration-aware thresholds, multiple pseudo-labeling strategies, and topic-emotion balancing, improving label efficiency, dataset coverage, and mitigate class imbalance. Secondly, GAN-BERT employs adversarial representation learning to regularize BERT embeddings, encouraging context-aware feature alignment and reducing overfitting on noisy inputs. We evaluate these methods on a manually curated Bangla social media dataset of $\text{2 2, 6 9 8}$ comments across multiple domains and six fine-grained emotions. The Teacher-Student + EPLF approach achieves a weighted F1-score of 66.2 %, while GAN-BERT achieves 66.8 %, both performed very well against supervised baselines trained on the same limited labeled data. These results demonstrate that combining context-aware pseudo-labeling and adversarial learning provides a scalable, effective, and practical solution for low-resource, noisy Bangla emotion classification, enabling models to leverage unlabeled data without compromising reliability or semantic understanding.","2837-8245","979-8-3315-7269-3","10.1109/WIECON-ECE69386.2025.11525915","","https://ieeexplore.ieee.org/stamp/stamp.jsp?arnumber=11525915","Bangla language;emotion detection;noisy text;semi-supervised learning;teacher-student;pseudo-labeling;GAN-BERT;BanglaBERT;low-resource NLP","Labeling;Modeling;Bit error rate;Training;Generative adversarial networks;Noise measurement;Printing;Seeds (agriculture);Semisupervised learning;Calibration","","","","14","IEEE","27 May 2026","21-22 Dec. 2025","21-22 Dec. 2025","IEEE","IEEE Conferences"
"Deep learning classification system for coconut maturity levels based on acoustic signals","J. A. Caladcad; E. Piedad","Department of Industrial Engineering, University of San Jose-Recoletos, Cebu, Philippines; Department of Science and Technology, Advanced Science and Technology Institute, Quezon, Philippines",2024 IEEE 12th Region 10 Humanitarian Technology Conference (R10-HTC),"11 Dec 2024","2024","","","1","6","The advancement of computer image processing, pattern recognition, signal processing, and other technologies has gradually replaced the manual methods of classifying fruit with computer and mechanical methods. In the field of agriculture, the intelligent classification of post-harvested fruit has enabled the use of smart devices that creates a direct impact on farmers, especially on export products. For coconut classification, it remains to be traditional in process. This study presents a classification of the coconut dataset based on acoustic signals. To address the imbalanced dataset, a data augmentation technique was conducted through audiomentation and procedural audio generation methods. Audio signals under premature, mature, and overmature now have 4,050, 4,050, and 5,850 audio signals, respectively. To address the updation of the classification system and the classification accuracy performance, deep learning models were utilized for classifying the generated audio signals from data generation. Specifically, RNN and LSTM models were trained and tested, and their performances were compared with each other and the machine learning methods used by Caladcad et al. (2020). The two DL models showed impressive performance with both having an accuracy of 97.42% and neither of them outperformed the other since there are no significant differences in their classification performance.","2572-7621","979-8-3503-4020-4","10.1109/R10-HTC59322.2024.10778826","","https://ieeexplore.ieee.org/stamp/stamp.jsp?arnumber=10778826","Acoustic signal;RNN;LSTM;deep learning;data augmentation","Deep learning;Accuracy;Image processing;Manuals;Signal processing;Acoustics;Pattern recognition;Smart devices;Long short term memory;IEEE Regions","","2","","41","IEEE","11 Dec 2024","1-3 Oct. 2024","1-3 Oct. 2024","IEEE","IEEE Conferences"
"Dynamic Sensor Placement on Graphs Based on Graph Signal Sampling Theory","S. Nomura; J. Hara; H. Higashi; Y. Tanaka","Tokyo University of Agriculture and Technology, Tokyo, Japan; Osaka University, Osaka, Japan; Osaka University, Osaka, Japan; Osaka University, Osaka, Japan",2024 Asia Pacific Signal and Information Processing Association Annual Summit and Conference (APSIPA ASC),"27 Jan 2025","2024","","","1","6","In this paper, we consider a sensor placement problem where sensors can move within a network over time. Most existing methods assume that sensor positions are static, i.e., they do not move, however, many mobile sensors like drones, robots, and vehicles can change their positions over time. Moreover, underlying measurement conditions could also be changed, which are difficult to cover with statically placed sensors. We tackle the problem by allowing the sensors to change their positions in their neighbors on the network. We dynamically determine the sensor positions based on graph signal sampling theory such that the non-observed signals on the network can be best recovered from the observations. For signal recovery, the dictionary is learned from a pool of observed signals. It is also used for the sensor position selection. In experiments, we validate the effectiveness of the proposed method via the mean squared error of the reconstructed signals. The proposed dynamic sensor placement outperforms the existing static sensor placement in synthetic data.","2640-0103","979-8-3503-6733-1","10.1109/APSIPAASC63619.2025.10848795","","https://ieeexplore.ieee.org/stamp/stamp.jsp?arnumber=10848795","","Sensor placement;Dictionaries;Time series analysis;Signal sampling;Information processing;Robot sensing systems;Encoding;Vehicle dynamics;Synthetic data;Drones","","","","32","IEEE","27 Jan 2025","3-6 Dec. 2024","3-6 Dec. 2024","IEEE","IEEE Conferences"
"A Hybrid GAN and GCN Model for Intrusion Detection in Heterogenous IoT Networks","M. Alzahrani; P. Nanda; M. Mohanty; F. El Zegil","Faculty of Engineering and IT, University of Technology, Sydney, Sydney, Australia; Faculty of Engineering and IT, University of Technology, Sydney, Sydney, Australia; Faculty of Science, University of Technology, Sydney, Sydney, Australia; Faculty of Engineering and IT, University of Technology, Sydney, Sydney, Australia",2025 17th International Conference on Computer and Automation Engineering (ICCAE),"9 May 2025","2025","","","357","366","The Internet of Things (IoT) is an interconnection of millions of devices of various types, sensors and surveillance systems to collect and transmit the real-time. There has been a tremendous surge in the IoT with technological advancements in the last decade. The IoT has transformed and is now becoming a part of almost every sector including healthcare, manufacturing, smart cities, agriculture, home appliances and many more. The rapid growth in IoT can be attributed to several factors such as increased connectivity, advancement in technology, proliferation of IoT devices, etc. Although the rapid growth has resulted in several benefits, there has been an increase in the security vulnerabilities including botnet attacks, Denial of Service (DoS) attacks, data privacy concerns, IoT specific malware, etc. To ensure security and reduce the effect of risks associated with it, several solutions have been proposed such as security by design, IoT software regular update and patch management, advanced authentication and encryption mechanisms, network segmentation, Intrusion Detection Systems (IDS), etc. We propose an intrusion detection model based on Deep Learning (DL) strategies to detect the potential intrusions in the IoT network in real-time. In this study we implemented three DL based algorithms which include Generative Adversarial Networks (GAN), Graph Convolution Network (GCN) and a hybrid model implemented by integrating the GAN and GCN. Among the three implemented algorithms the proposed hybrid model achieved the highest performance with an accuracy of 97.5 % followed by GCN gaining an accuracy of 96.3 % and GAN with 89.6 % accuracy. The other performance metrices include precision, recall, f1-score, False Positive Rate (FPR) and False Negative Rate (FNR).","2154-4360","979-8-3315-3381-6","10.1109/ICCAE64891.2025.10980509","","https://ieeexplore.ieee.org/stamp/stamp.jsp?arnumber=10980509","deep learning;generative adversarial networks;graph convolution networks;graph neural networks;machine learning","Deep learning;Adaptation models;Computational modeling;Intrusion detection;Generative adversarial networks;Data models;Real-time systems;Hybrid power systems;Internet of Things;Security","","","","44","IEEE","9 May 2025","20-22 March 2025","20-22 March 2025","IEEE","IEEE Conferences"
"Generative AI Assisted Embedded Vision Framework for Enhanced Grain Quality and Moisture Assessment","R. Sharma; C. Singh; S. Sharma; N. Kaur; P. Kaur","Dept. of Computer Science & Engineering, Chandigarh University, Mohali, India; Dept. of Computer Science & Engineering, Chandigarh University, Mohali, India; Dept. of Computer Science & Engineering, Hindu College Amritsar, Amritsar, India; Dept. of Computer Science & Engineering, Global Group of Institutes, Amritsar, India; Dept. of Computer Science & Engineering, Chandigarh University, Mohali, India",2026 6th International Conference on Emerging VLSI and Semiconductor Technology for AI and Computing Applications (EVST),"25 Aug 2026","2026","","","1","7","The quality and moisture level of grains should be well monitored to eliminate the loss incurred after harvesting as well as safe storage in the presentday agricultural supply networks. Traditional inspection methods are expensive to implement and inappropriate in large-scales; whereas the current vision-based machine learning models tend to be insufficiently diverse in terms of their datasets and have a high level of computing needs. In this paper, a proposal is given to a generative AI-based embedded vision system to measure the quality and moisture content of grains automatically. The proposed solution is based on embedding augmentation of data generated by generative models and a shallow convolutional neural network, and adds it to an embedded edge processor. In order to increase the variability in the dataset and increase the variability in the models in terms of generalization, the generative model creates synthetic samples of grain. The experimental findings prove that the given framework delivers a classification rate of 96.18, which is higher than conventional machine learning and deep learning baseline models. Also, inference latency and power consumption are minimized to 78 ms and 4.8 W respectively, which guarantees the feasibility of real-time monitoring. The suggested framework is an effective solution, easy to scale, to smart grain monitoring in limited resource agricultural settings.","","979-8-3315-4668-7","10.1109/EVST69093.2026.11660526","","https://ieeexplore.ieee.org/stamp/stamp.jsp?arnumber=11660526","Generative artificially intelligence;Embedded Vision;Grain Quality Assessment;Moisture Detection;Edge AI;Data Augmentation;Smart Agriculture","Modeling;Equations;Moisture;Printing;Timing;Convolutional neural networks;Machine learning;Real-time systems;Generative adversarial networks;Internet of Things","","","","26","IEEE","25 Aug 2026","26-27 June 2026","26-27 June 2026","IEEE","IEEE Conferences"
"A Deep Hybrid Ensemble of CNN and Vision Transformer for Detecting Breast Cancer from Mammographic Images","J. Choudhary; K. Kaur; A. Kumar","Department of Computer Science and Engineering, Chandigarh University, Mohali, India; Department of Computer Science and Engineering, Chandigarh University, Mohali, India; Department of Computer Science and Engineering, Chandigarh University, Mohali, India",2025 Modern Electronics Devices and Intelligent Communication Systems (MEDCOM),"2 Mar 2026","2025","","","1049","1054","Breast cancer is among top causes of death among women all over the world and there is a dire need to have the correct and interpretative diagnosis systems. The research paper under discussion suggests a multi-scale vision transfer framework, according to which EfficientNet-B3 and a Vision Transformer (ViT-Base) are introduced into a hybrid ensemble framework to classify breast cancer using mammograms. The model uses GAN-augmentation of domains to boost cross- domain generalization when using limited and heterogeneous data. CLAHE was used in the preprocessing pipeline to improve the contrast of the image, Z-score normalization was used, and RandAugment was used to make the image varied. The ensemble with hyperparameter tuning, based on Optuna, provided a mean cross-validation AUC of 0.9059 with a standard deviation of 0.0246 and an accuracy of 92 on the test data, which is a 10.4-point improvement over single-backbone CNN models. The interpretability of the grad-cam and transformer attention rollout visualizations was ensured and they demonstrated local-global focus complementary mechanisms. The findings make the proposed hybrid ensemble an effective and interpretable diagnostic framework that can be used as clinical-decision support and could be implemented in real-world mammography screening processes in a larger scale.","","979-8-3315-7444-4","10.1109/MEDCOM67532.2025.11404808","","https://ieeexplore.ieee.org/stamp/stamp.jsp?arnumber=11404808","Multi-Scale;Vision Transfer;Mammogram;Breast Cancer;Classification;EfficientNet;GAN","Computer vision;Accuracy;Pipelines;Transformers;Breast cancer;Mammography;Data models;Robustness;Tuning;Standards","","","","7","IEEE","2 Mar 2026","11-13 Dec. 2025","11-13 Dec. 2025","IEEE","IEEE Conferences"
"Partitioning Image Representation in Contrastive Learning","H. Lee; H. Choi","Department of Information Communication Engineering, Handong Global University, Pohang, South Korea; Department of Information Communication Engineering, Handong Global University, Pohang, South Korea",2022 26th International Conference on Pattern Recognition (ICPR),"29 Nov 2022","2022","","","2864","2870","In contrastive learning in the image domain, the anchor and positive samples are forced to have as close representations as possible. However, forcing the two samples to have the same representation could be misleading because the data augmentation techniques make the two samples different. In this paper, we introduce a new representation, partitioned representation, which can learn both common and unique features of the anchor and positive samples in contrastive learning. The partitioned representation consists of two parts: content part and style part. The content part represents common features of the class, and the style part represents own features of each sample, which can lead to the representation of the data augmentation method. We can achieve the partitioned representation simply by decomposing a loss function of contrastive learning into two terms on the two separate representations, respectively. To evaluate our representation with two parts, we take two framework models: Variational AutoEncoder (VAE) and Bootstrap Your Own Latent (BYOL), to show the content and style’s separability and confirm the generalization ability in classification, respectively. Based on the experiments, we show that our approach can separate two types of information in the VAE framework and outperforms the conventional BYOL in the classification and a few-shot learning task as downstream tasks.","2831-7475","978-1-6654-9062-7","10.1109/ICPR56361.2022.9956173","Ministry of Education; ","https://ieeexplore.ieee.org/stamp/stamp.jsp?arnumber=9956173","","Image representation;Pattern recognition;Task analysis","","","","27","IEEE","29 Nov 2022","21-25 Aug. 2022","21-25 Aug. 2022","IEEE","IEEE Conferences"
"An Overview on Timely Detection of Plant Leaf Disorder Using Deep Learning and Machine Learning Models","S. S. Babaladi; A. O. Mulani","Electronics Engineering Department, SKN Sinhgad College of Engineering, Pandharpur, Maharashtra; E&TC Department, SKN Sinhgad College of Engineering, Pandharpur, India",2026 Contemporary Computing Innovations Conference (CCIC),"30 Apr 2026","2026","","","1","6","To find plants disorder at early stage is very important for framing as it enables farmers take well timed movement, reduce crop failure, and upgrade crop quality. Classical methods based on observation are slow, depend on expert knowledge, and often fail to discover diseases at timely stage when indications are very small. To overcome these boundaries, machine learning (ML) and deep learning (DL) techniques are increasingly being utilized for automatic and accurate detection of plant diseases. This paper provides comparative study of ML and DL algorithms which are used for early detection of plant leaf diseases. Traditional ML methods such as Support Vector Machines (SVM), Random Forest (RF), k-Nearest Neighbor's (KNN), and Naïve Bayes (NB) are analyzed and compared with advanced DL models including Convolutional Neural Networks (CNN), Recurrent Neural Networks (RNN), Auto encoders (AE), Vibrational Auto encoders (VAE), Generative Adversarial Networks (GAN), Vision Transformers (ViT), and hybrid models. The comparison focuses on their ability to identify early and subtle disease symptoms. The paper also discusses the datasets used, feature extraction techniques, and performance measures such as accuracy. Recent trends like transfer learning and data augmentation are highlighted for their role in improving early detection results. Based on the comparison, the study identifies strengths and limitations of both ML and DL approaches and outlines future research directions for building effective and practical plant disease detection systems suitable for real-world agricultural applications.","","979-8-3195-2966-4","10.1109/CCIC68129.2026.11486178","","https://ieeexplore.ieee.org/stamp/stamp.jsp?arnumber=11486178","Early disease detection;Plant leaf disease;Machine learning (ML);Deep learning (DL);Algorithm comparison","Protocols;HTTP;Radio frequency;Machine learning;Deep learning;Convolutional neural networks;Artificial intelligence;Recurrent neural networks;Support vector machines;Learning (artificial intelligence)","","","","0","IEEE","30 Apr 2026","6-7 Feb. 2026","6-7 Feb. 2026","IEEE","IEEE Conferences"
"SAC-GAN: Structure-Aware Image Composition","H. Zhou; R. Ma; L. -X. Zhang; L. Gao; A. Mahdavi-Amiri; H. Zhang","School of Computing Science, Simon Fraser University, Burnaby, BC, Canada; School of Artificial Intelligence, Jilin University, Changchun, China; Institute of Computing Technology, Chinese Academy of Sciences, Beijing, China; Institute of Computing Technology, Chinese Academy of Sciences, Beijing, China; School of Computing Science, Simon Fraser University, Burnaby, BC, Canada; School of Computing Science, Simon Fraser University, Burnaby, BC, Canada",IEEE Transactions on Visualization and Computer Graphics,"27 Jun 2024","2024","30","7","3151","3165","We introduce an end-to-end learning framework for image-to-image composition, aiming to plausibly compose an object represented as a cropped patch from an object image into a background scene image. As our approach emphasizes more on semantic and structural coherence of the composed images, rather than their pixel-level RGB accuracies, we tailor the input and output of our network with structure-aware features and design our network losses accordingly, with ground truth established in a self-supervised setting through the object cropping. Specifically, our network takes the semantic layout features from the input scene image, features encoded from the edges and silhouette in the input object patch, as well as a latent code as inputs, and generates a 2D spatial affine transform defining the translation and scaling of the object patch. The learned parameters are further fed into a differentiable spatial transformer network to transform the object patch into the target image, where our model is trained adversarially using an affine transform discriminator and a layout discriminator. We evaluate our network, coined SAC-GAN, for various image composition scenarios in terms of quality, composability, and generalizability of the composite images. Comparisons are made to state-of-the-art alternatives, including Instance Insertion, ST-GAN, CompGAN and PlaceNet, confirming superiority of our method.","1941-0506","","10.1109/TVCG.2022.3226689","Natural Sciences and Engineering Research Council of Canada(grant numbers:611370); National Natural Science Foundation of China(grant numbers:62202199); ","https://ieeexplore.ieee.org/stamp/stamp.jsp?arnumber=9973820","Structure-aware image composition;self-supervision;GANs","Layout;Transforms;Semantics;Three-dimensional displays;Image edge detection;Codes;Coherence","","9","","74","IEEE","7 Dec 2022","July 2024","","IEEE","IEEE Journals"
"Performance Analysis of Deep Learning Models - CNN, Alexnet, GAN and Transformer with Optimizers for Plant Disease Classification","M. Kavitha; Y. K. Sharma; S. Shevkari; S. A. Londhe; A. Aggarwal; H. Garlapati","Department of Computer Science & Engineering, Koneru Lakshmaiah Education Foundation, Guntur, India; Department of Computer Science & Engineering, Koneru Lakshmaiah Education Foundation, Guntur, India; Science and Computer Science, MAEER's MIT Arts, Commerce and Science College, Pune, India; Design, Analytics and Cyber Security, MAEER's MIT Arts, Commerce and Science College, Pune, India; School of Engineering and Technology CGC University, Mohali, India; Department of Computer Science & Engineering, Koneru Lakshmaiah Education Foundation, Guntur, India",2026 13th International Conference on Computing for Sustainable Global Development (INDIACom),"26 May 2026","2026","","","1","6","In sustainable forming early plant disease identification is crucial for better crop production and for timely diagnosis of diseases. In this work, examined the performance of four deep learning models custom CNN, Alexnet, GAN discriminator with CNN and Transformer on plant leaf disease classification. PlantVillage dataset is collected from Kaggle, which includes healthy, early blight and late blight leaves. All the proposed models were trained using three optimizers Adam, RMSprop and SGD. This allowed us to understand how both model design and training strategy influence overall performance. The results shown clear differences among models with optimizers in terms of classification performance. The CNN trained with Adam was achieved a validation accuracy of 89.56 %, while GAN combined with CNN trained with Adam given highest accuracy of 95.36 %. Other two modes Alexnet and Transformer models were produced comparatively low results with Adam. These results indicate the importance of optimizer selection in model training for improving plant leaf disease classification for real time agriculture settings.","","978-93-80544-64-9","10.23919/INDIACom70271.2026.11525433","","https://ieeexplore.ieee.org/stamp/stamp.jsp?arnumber=11525433","Deep Learning;Convolutional Neural Networks;Generative Adversarial Networks;Transformer;Adam;Stochastic Gradient Descent;Root Mean Square Propagation","Modeling;Convolutional neural networks;Training;Industrial plants;Plants (biology);Diseases;Deep learning;Generative adversarial networks;Plant diseases;Printing","","","","25","","26 May 2026","8-10 April 2026","8-10 April 2026","IEEE","IEEE Conferences"
"Max Fusing Gated Recurrent Units and Ensemble Classifier for Intelligent Acoustic Classification","C. S. Chin; S. See","Faculty of Science, Agriculture and Engineering, Newcastle University Singapore, Singapore; Nvidia A.I. Technology Centre (NVAITC), Singapore",2022 IEEE/ACIS 22nd International Conference on Computer and Information Science (ICIS),"12 Sep 2022","2022","","","109","114","The paper presents a wavelet scattering feature extraction using an averaged data augmentation to include unseen devices in training. The multiple classifiers are applied to the extracted features. The outputs from Gated Recurrent Units (GRUs), and the ensemble classifiers are maximally fused to classify sound coming from different devices and scenes. The average device-wise accuracy has more than 5.4% improvement with the proposed GRUs network than its counterpart Long short-term memory (LSTM) in device-wise classification. The device-wise classification accuracy for the proposed max-fusion exhibits approximately 19.1% better than the baseline results in DCASE2020-Task1A. The proposed max-fusion also demonstrates around 22.9% higher classification accuracy in scene-wise classification. Lastly, the proposed max-fusion method produces comparative results with the Snapshot ensembles that won the DCASE2020 Challenges-Task 1A.","","978-1-6654-9463-2","10.1109/ICIS54925.2022.9882508","","https://ieeexplore.ieee.org/stamp/stamp.jsp?arnumber=9882508","wavelet scattering;ensemble classifiers;gated recurrent units","Wavelet transforms;Performance evaluation;Training;Time series analysis;Scattering;Logic gates;Feature extraction","","","","25","IEEE","12 Sep 2022","26-28 June 2022","26-28 June 2022","IEEE","IEEE Conferences"
"A Multi-Stage Community-Based Hybrid Framework for Plant Disease Detection: From Segmentation to Synthetic Augmentation","L. D; K. S. Shankarappa; T. Mani; V. M; D. B. G.; A. Kumari","Department of Computer Science, Christ University, Bangalore, India; Department of Plant Pathology, University of Horticultural Sciences, Bagalkote, India; Department of Plant Pathology, University of Horticultural Sciences, Bagalkote, India; Department of Computer Science, Christ University, Bangalore, India; Department of Computer Science, SPOC-Centre for AI-BYC, Christ University, Bangalore, India; Department of Computer Science, Christ University, Bangalore, India",2026 International Conference on Current Trends in Advanced Computing (ICCTAC),"22 May 2026","2026","","","1","6","Early and precise plant disease identification is vital for maintaining crop health and preventing crop loss. Conventional detection methods rely solely on human expertise, which often results in misdiagnosis and is prone to error.This paper presents a hybrid pipeline with human-in-the-loop supervision integrating object detection, segmentation, preprocessing, augmentation, and deep learning to overcome agricultural computer vision challenges involving delayed diagnosis, class imbalance, and noisy field imagery. The proposed pipeline integrates two modes: Turbo mode is a standalone YOLOv8-L model(43M parameters), which performs classification using bounding box detection and plant part localisation, facilitating fast detection at a speed of 3.0ms per image (NVIDIA A100 GPU) while maintaining high accuracy, making it ideal for real-time analysis.Accuracy mode: YOLOv8-L generates bounding boxes refined by SAM(segment anything model) for precise pixel-level segmentation before classifying the segments via an R-CNN(Region-based convolutional network), increasing accuracy and multiple co-occurring disease detection within the same plant, making it superior for applications requiring reliable and detailed disease detection and diagnosis.This dual-mode design balances and facilitates speed and precision, allowing a flexible approach to the agricultural context. The pipeline follows a structured workflow: YOLO provisioning with localisation to reduce search space, SAM refines it using pixel-level masks and then enhances the signal quality of the segmented part using preprocessing techniques like CLAHE(Contrast Limited Adaptive Histogram), unsharp masking and noise reduction, resulting in improved Signal-to-noise ratio. This layered approach reduces false positives and improves segmentation accuracy.The pipeline also addresses a significant issue of imbalanced classes, which is solved by using SinGAN( Generative Adversarial Network), which can take in a single image and output many variations of that image, producing high-fidelity synthetic images using a single input, solving the issue of underrepresented classes and also helping generalise the model.","","979-8-3315-6051-5","10.1109/ICCTAC68277.2026.11524562","","https://ieeexplore.ieee.org/stamp/stamp.jsp?arnumber=11524562","Plant disease detection;Computer vision;Deep learning;YOLOv8;Segment Anything Model (SAM);Faster R-CNN;Image segmentation;Data augmentation;SinGAN;Contrast Limited Adaptive Histogram Equalization (CLAHE);Agricultural AI;Human-in-the-loop learning","Modeling;Pipelines;Diseases;Industrial plants;Plants (biology);Signal detection;Training;Plant diseases;Lesions;Accuracy","","","","13","IEEE","22 May 2026","6-7 May 2026","6-7 May 2026","IEEE","IEEE Conferences"
"Automating Fruit Quality Inspection Through Transfer Learning and GANs","P. Nabil; K. Mohamed; A. Atia","Faculty of Computer Science, October University for Modern Sciences and Arts (MSA), Giza, Egypt; Faculty of Computer Science, October University for Modern Sciences and Arts (MSA), Giza, Egypt; RCI-LAB, Faculty of Computers and Artificial Intelligence, Faculty of Computer Science, Helwan University, October University for Modern Sciences and Arts (MSA), Giza, Egypt","2024 International Mobile, Intelligent, and Ubiquitous Computing Conference (MIUCC)","16 Dec 2024","2024","","","401","406","The fresh fruit production industry is a multibillion-dollar market that faces numerous challenges, particularly during the later stages of production, such as quality control. Ensuring the quality of fresh fruit is crucial, as even a single unnoticed rotten fruit can compromise an entire batch. This paper aims to identify the deep learning model that achieves the highest accuracy in detecting rotten or subpar fruits. This paper evaluated a total of 12 models, including 10 transfer learning models and 2 custom convolutional neural networks (CNNs), along with a deep convolutional generative adversarial network (DCGAN) to augment data in classes without sufficient data, thereby enhancing model performance. Notably, some of these models achieved significant results, with accuracy exceeding 98%.","","979-8-3503-6777-5","10.1109/MIUCC62295.2024.10783508","","https://ieeexplore.ieee.org/stamp/stamp.jsp?arnumber=10783508","","Deep learning;Accuracy;Transfer learning;Quality control;Production;Inspection;Ubiquitous computing;Data models;Convolutional neural networks;Synthetic data","","2","","24","IEEE","16 Dec 2024","13-14 Nov. 2024","13-14 Nov. 2024","IEEE","IEEE Conferences"
"Remote Sensing Image Synthesis via Semantic Embedding Generative Adversarial Networks","C. Wang; B. Chen; Z. Zou; Z. Shi","Image Processing Center, School of Astronautics, the Beijing Key Laboratory of Digital Media, and the State Key Laboratory of Virtual Reality Technology and Systems, Beihang University, Beijing, China; Image Processing Center, School of Astronautics, the Beijing Key Laboratory of Digital Media, and the State Key Laboratory of Virtual Reality Technology and Systems, Beihang University, Beijing, China; Department of Guidance, Navigation and Control, School of Astronautics, Beihang University, Beijing, China; Image Processing Center, School of Astronautics, the Beijing Key Laboratory of Digital Media, and the State Key Laboratory of Virtual Reality Technology and Systems, Beihang University, Beijing, China",IEEE Transactions on Geoscience and Remote Sensing,"8 Jun 2023","2023","61","","1","11","Generating photo-realistic remote sensing images conditioned on semantic masks has many practical applications like image editing, detecting deep fake geography, and data augmentation. Although previous methods achieved high-quality synthesis results for natural images like faces and everyday objects, they still underperform in remote sensing scenarios in terms of both visual fidelity and diversity. The high data imbalance and high semantic similarity of remote-sensing object categories make the semantic synthesis of remote sensing images more challenging than natural images. To tackle these challenges, we propose a novel method named conducted semantic embedding GAN (CSEBGAN) for semantic-controllable remote sensing image synthesis. The proposed method decouples different semantic classes into independent semantic embeddings, which explores the regularities between classes to improve visual fidelity and naturally supports semantic-level. We further introduce a novel tripartite cooperation adversarial training scheme that involves a conductor network to provide fine-grained semantic feedback for the generator. We also show that the proposed semantic image synthesis method can be utilized as an effective data augmentation approach on improving the performance of the downstream remote sensing image segmentation tasks. Extensive experiments show the superiority of our method compared with the state-of-the-art image synthesis methods.","1558-0644","","10.1109/TGRS.2023.3279663","National Key Research and Development Program of China(grant numbers:2022ZD0160401); National Natural Science Foundation of China(grant numbers:62125102); Beijing Natural Science Foundation(grant numbers:JL23005); Fundamental Research Funds for the Central Universities; ","https://ieeexplore.ieee.org/stamp/stamp.jsp?arnumber=10137399","Generative adversarial networks;image segmentation;remote sensing images;semantic image synthesis","Semantics;Remote sensing;Image synthesis;Generators;Training;Image segmentation;Visualization","","9","","46","IEEE","26 May 2023","2023","","IEEE","IEEE Journals"
"Time-series Initialization and Conditioning for Video-agnostic Stabilization of Video Super-Resolution using Recurrent Networks","H. Mori; N. Ukita","Toyota Technological Institute, Nagoya, Japan; Toyota Technological Institute, Nagoya, Japan",2024 International Joint Conference on Neural Networks (IJCNN),"9 Sep 2024","2024","","","1","8","A Recurrent Neural Network (RNN) for Video Super Resolution (VSR) is generally trained with randomly clipped and cropped short videos extracted from original training videos due to various challenges in learning RNNs. However, since this RNN is optimized to super-resolve short videos, VSR of long videos is degraded due to the domain gap. Our preliminary experiments reveal that such degradation changes depending on the video properties, such as the video length and dynamics. To avoid this degradation, this paper proposes the training strategy of RNN for VSR that can work efficiently and stably independently of the video length and dynamics. The proposed training strategy stabilizes VSR by training a VSR network with various RNN hidden states changed depending on the video properties. Since computing such a variety of hidden states is time-consuming, this computational cost is reduced by reusing the hidden states for efficient training. In addition, training stability is further improved with frame-number conditioning. Our experimental results demonstrate that the proposed method performed better than base methods in videos with various lengths and dynamics.","2161-4407","979-8-3503-5931-2","10.1109/IJCNN60899.2024.10651401","","https://ieeexplore.ieee.org/stamp/stamp.jsp?arnumber=10651401","Video super resolution;Recurrent neural networks;Backpropagation-through-time","Training;Degradation;Recurrent neural networks;Superresolution;Computational efficiency","","","","43","IEEE","9 Sep 2024","30 June-5 July 2024","30 June-5 July 2024","IEEE","IEEE Conferences"
"Accuracy Analysis of Various CNN Models with Synthetic and Original Dataset for Cotton leaf","L. Y. N. A; S. S; R. C. B; B. G; S. P. A. S","Department of Electronics and Communication Engineering, Amrita School of Engineering, Coimbatore, India; Department of Electronics and Communication Engineering, Amrita School of Engineering, Coimbatore, India; Department of Electronics and Communication Engineering, Amrita School of Engineering, Coimbatore, India; Department of Electronics and Communication Engineering, Amrita School of Engineering, Coimbatore, India; Department of Electronics and Communication Engineering, Amrita School of Engineering, Coimbatore, India",2024 Second International Conference on Emerging Trends in Information Technology and Engineering (ICETITE),"18 Apr 2024","2024","","","1","5","In this day and age, almost in every field of work Artificial Intelligence has its part to play. Likewise in the field of agriculture, for the early detection of diseases Artificial Intelligence algorithms were used. These algorithms use image classification models to perform this operation. So, to get better result in the early disease detection these models need to be trained with a balance dataset with huge of number of training samples. But finding a balanced dataset is quite impossible so in this manuscript we created a fresh dataset for cotton leaf by combining the images from the original and synthetic dataset. For that first we generated the synthetic dataset for cotton leaf using Deep Convolutional Generative Adversarial Network(DCGAN)algorithm which generates the artificial images like the images present in the original dataset. Then Convolutional Neural Network models like: Inception V3, Visual Geometry Group(VGG) 16, Residual Network(ResNet) 50 and MobileNet V2 are used to implement the accuracy analysis for the original dataset and newly created dataset to show that newly created dataset with synthetic images provides better accuracy rate when compared with the original dataset.","","979-8-3503-2820-2","10.1109/ic-ETITE58242.2024.10493374","","https://ieeexplore.ieee.org/stamp/stamp.jsp?arnumber=10493374","Synthetic dataset;DCGAN;CNN;Inception V3;VGG 16;ResNet 50;MobileNet V2","Training;Analytical models;Visualization;Market research;Classification algorithms;Cotton;Convolutional neural networks","","2","","19","IEEE","18 Apr 2024","22-23 Feb. 2024","22-23 Feb. 2024","IEEE","IEEE Conferences"
"A Novel Routing Equipment Fault Diagnosis Scheme Based On Machine Learning In Short Distance Communication Scenario","Z. Zhou; W. Tan; C. Pan; J. Li","China Mobile Internet of Things Co., Ltd., Chongqing, China; China Mobile Internet of Things Co., Ltd., Chongqing, China; China Mobile Internet of Things Co., Ltd., Chongqing, China; School of Tropical Agriculture and Forestry, Hainan University, Danzhou, China",2025 IEEE 8th Information Technology and Mechatronics Engineering Conference (ITOEC),"23 Apr 2025","2025","8","","788","793","In the short distance communication scenario, the stable and efficient operation of routing equipment is very important, but there is no method to achieve high fault identification accuracy. In this paper, a fault diagnosis scheme for routing equipment based on machine learning in short distance communication scenarios is proposed. A generative adversarial network based on quantum state optimization is adopted for data augmentation, a neural network based on locally sensitive honeypot optimization algorithm is adopted to effectively identify and extract key features, and an improved autoencoder is adopted for feature dimension reduction. The classification performance is optimized by support vector machine based on covariate matrix. The experimental results show that this scheme can achieve a high accuracy of fault identification of routing equipment, and has greater deployment and promotion value.","2693-289X","979-8-3315-2948-2","10.1109/ITOEC63606.2025.10968339","","https://ieeexplore.ieee.org/stamp/stamp.jsp?arnumber=10968339","routing equipment;machine learning;fault diagnosis;short distance communication;classification algorithm","Fault diagnosis;Accuracy;Software algorithms;Neural networks;Quantum state;Routing;Feature extraction;Software;Classification algorithms;Optimization","","","","6","IEEE","23 Apr 2025","14-16 March 2025","14-16 March 2025","IEEE","IEEE Conferences"
"The research on the recognition method of foreign fibers in cotton based on improved lightweight YOLOv8","W. Long; L. Cao","Xinjiang University, Urumqi; Xinjiang University, Urumqi",2025 8th International Conference on Computer Information Science and Application Technology (CISAT),"1 Oct 2025","2025","","","378","384","To address the challenges of high detection difficulty and labor costs in foreign fiber detection in seed cotton, this study proposes an improved lightweight YOLOv8-based recognition method. First, we introduce a lightweight feature extraction network module, GRGCE, to reduce model complexity. To enhance model accuracy while maintaining lightweight performance, the FasterBlock and CGLU were integrated into the neck network, forming a C2f-Faster-CGLU module. This effectively mitigated the accuracy loss caused by parameter reduction. Experimental results demonstrate that the improved model achieves an mAP@0.5-0.95 of 0.682 for fiber detection (a 6.4% improvement over the original YOLOv8n) with only 1.37M parameters, while maintaining an inference speed of 65 FPS. The proposed method significantly outperforms comparison models such as PP-YOLOE-S. This approach provides the first automated detection solution for ginning production lines that combines high accuracy, real-time performance, and low deployment costs.","","979-8-3315-3890-3","10.1109/CISAT66811.2025.11181941","","https://ieeexplore.ieee.org/stamp/stamp.jsp?arnumber=11181941","Seed cotton;foreign fibers;lightweighting;GRGCE;FasterBlock","Accuracy;Costs;Image edge detection;Computational modeling;Production;Optical fiber networks;Feature extraction;Seeds (agriculture);Neck;Cotton","","","","11","IEEE","1 Oct 2025","11-13 July 2025","11-13 July 2025","IEEE","IEEE Conferences"
"Explainable Deep Learning Framework for Insider Threat Detection in Enterprise MIS Networks","M. K. Miah; S. Afrin; K. R. Ahmed; A. H. M. M. Ali; K. A. Raihan; N. Sultana","Dept. of Computer & Information Science, Gannon University, Pennsylvania, USA; Dept. of Computer & Information Science, Gannon University, Pennsylvania, USA; Miyan Research Institute, International University of Business Agriculture and Technology, Dhaka, Bangladesh; Dept. of Strategic Communication, Gannon University, Pennsylvania, USA; Master's in Business Analytics, Gannon University, Pennsylvania, USA; Dept. of Strategic Communication, Gannon University, Pennsylvania, USA","2026 IEEE 2nd International Conference on Quantum Photonics, Artificial Intelligence & Networking (QPAIN)","11 Jun 2026","2026","","","1","6","Because of their lawful access privileges and intricate behavioural patterns, insider threats represent a serious risk to the company's Management Information System (MIS) networks. Traditional rule-based and single-model learning approaches often fail to adequately capture the temporal dynamics, spatial feature correlations, and severe class imbalance inherent in insider threat data. This paper presents a hybrid Long ShortTerm Memory-Convolutional Neural Network (LSTM-CNN) architecture to develop an explainable deep learning framework for insider threat identification and overcome these issues. The platform uses multi-source enterprise logs from the CERT Insider Threat Detection dataset. Logon, email, web surfing, file access, use of external devices, and psychometric features are all included in these records. To reduce high dimensionality and class imbalance, a thorough preprocessing pipeline that includes behavioural feature engineering, Random Forest-based feature selection, and SPCA-guided GAN data augmentation is used. Long-term temporal dependencies and localised spatial patterns in user activity are well captured by the hybrid LSTM-CNN model. With accuracies of 92.20%, F1-scores of 92.08%, Cohen's Kappa of 0.9012, and MCC of 0.9019, the experimental data show that the proposed method consistently surpasses baseline models. By offering lucid insights on feature contributions, SHAP-based interpretability improves security analysts' trust and explainability.","","979-8-3315-4990-9","10.1109/QPAIN69676.2026.11546076","","https://ieeexplore.ieee.org/stamp/stamp.jsp?arnumber=11546076","Insider Threat Detection;Explainable Artificial Intelligence (XAI);Hybrid LSTM-CNN;Enterprise MIS Security;Behavioral Analytics;Cybersecurity Analytics","Modeling;Long short term memory;Convolutional neural networks;Tagging;Printing;Threat assessment;Equations;Accuracy;Timing;Electronic mail","","","","15","IEEE","11 Jun 2026","16-18 April 2026","16-18 April 2026","IEEE","IEEE Conferences"
"All Weather Radar Image Enhancement and Semantic Segmentation Method for Autonomous Vehicles","T. Thilakanayake; O. D. Silva; T. R. Wanasinghe; G. K. I. Mann; A. Jayasiri","Department of Mechanical and Mechatronics Engineering, Memorial University of Newfoundland, St. John’s, NL, Canada; Department of Mechanical and Mechatronics Engineering, Memorial University of Newfoundland, St. John’s, NL, Canada; Department of Electrical and Computer Engineering, Memorial University of Newfoundland, St. John’s, NL, Canada; Department of Mechanical and Mechatronics Engineering, Memorial University of Newfoundland, St. John’s, NL, Canada; Flight Research Lab, National Research Council of Canada, Ottawa, ON, Canada",IEEE Transactions on Intelligent Transportation Systems,"8 Aug 2025","2025","26","8","12254","12266","This paper introduces a novel method utilizing generative adversarial networks (GANs) for enhancement and semantic segmentation of radar images for autonomous navigation applications. Radar sensors are known for their robustness in adverse weather conditions compared to other perception sensors such as LiDAR and cameras. However, their application in autonomous vehicles (AVs) is often limited due to the low-resolution data they produce. The primary aim of this study is to enhance radar images captured by AVs, enabling these vehicles to rely on radar sensors for object identification and semantic segmentation in all weather conditions. The training of the GAN was performed using ground truth images derived from high-resolution LiDAR point cloud maps and radar images collected in good weather conditions. These ground truth images were generated through a customized LiDAR scan accumulation method, followed by a two-dimensional (2D) projection and cropping process. Additionally, a customized data augmentation method was employed during the training process to improve the performance of the proposed method in adverse weather conditions. During the inference phase, our approach exclusively uses radar images to produce enhanced and semantically segmented versions of the input radar images. The effectiveness of the proposed method is validated through both qualitative and quantitative results, demonstrating its capability to generate enhanced and semantically segmented images from radar images in all weather conditions. The supplementary materials, including the inference code, sample testing data and GAN models, are available in our GitHub repository. https://github.com/thaki94/riess-gan","1558-0016","","10.1109/TITS.2025.3565181","National Research Council of Canada’s Artificial Intelligence for Logistics Program; Natural Sciences and Engineering Research Council of Canada; Memorial University of Newfoundland; ","https://ieeexplore.ieee.org/stamp/stamp.jsp?arnumber=10994359","Radar image enhancement;radar image semantic segmentation;generative adversarial networks;autonomous vehicles","Radar;Radar imaging;Meteorology;Laser radar;Semantic segmentation;Meteorological radar;Sensors;Object detection;Radar detection;Image enhancement","","2","","41","IEEE","8 May 2025","Aug. 2025","","IEEE","IEEE Journals"
"Evaluation of Dental Image Augmentation for the Severity Assessment of Periodontal Disease","Y. Moriyama; C. Lee; S. Date; Y. Kashiwagi; Y. Narukawa; K. Nozaki; S. Murakami","Graduate School of Information Science and Technology, Osaka University, Osaka, Japan; Cybermedia Center, Osaka University, Osaka, Japan; Cybermedia Center, Osaka University, Osaka, Japan; Graduate School of Dentistry, Osaka University, Osaka, Japan; Graduate School of Dentistry, Osaka University, Osaka, Japan; Osaka University Dental Hospital, Osaka, Japan; Graduate School of Dentistry, Osaka University, Osaka, Japan",2019 International Conference on Computational Science and Computational Intelligence (CSCI),"20 Apr 2020","2019","","","924","929","By exploring the feasibility of medical imaging applicable to periodontal disease, we have designed a MapReduce-like deep learning model for the severity assessment by estimating the pocket depth from oral images. However, deep learning typically relies on supervised training with a large annotated dataset, and medical data often faces an insufficiency in quantity and variety. Furthermore, obtaining patient data and annotating such data by experts still remain a challenge. To overcome the insufficiency in the data, we propose random cropping and GAN-based augmentation methods on tooth pocket region images extracted from oral images. We verify that the proposed methods successfully increase the number of training data and its variety, and these synthetic data contribute to improving the estimation accuracy from 78.3% to 84.5%, and sensitivity from 50.4% to 74.0%, with specificity of around 90%, compared to the MapReduce-like model without the augmentation.","","978-1-7281-5584-5","10.1109/CSCI49370.2019.00176","","https://ieeexplore.ieee.org/stamp/stamp.jsp?arnumber=9071307","Periodontal disease, Deep learning, Image augmentation, MapReduce","Teeth;Diseases;Dentistry;Gallium nitride;Estimation;Training data;Sensitivity","","7","","19","IEEE","20 Apr 2020","5-7 Dec. 2019","5-7 Dec. 2019","IEEE","IEEE Conferences"
"Super-Resolution Reconstruction of UAV Images with GANs: Achievements and Challenges","A. Rouhbakhshmeghrazi; B. Li; W. Iqbal; G. Alizadeh","School of Electronics and Information, Northwestern Polytechnical University, Xi’an, China; School of Electronics and Information, Northwestern Polytechnical University, Xi’an, China; School of Electronics and Information, Northwestern Polytechnical University, Xi’an, China; School of Aeronautical Structure Engineering, Northwestern Polytechnical University, Xi’an, China",2024 International Conference on Cyber-Physical Social Intelligence (ICCSI),"18 Dec 2024","2024","","","1","6","Images taken by UAVs are crucial in many applications due to their ability to provide accurate and thorough information. They are used in various sectors such as agriculture, environmental monitoring, and geology. Although UAVs have advantages, their images may still suffer from issues like blurriness and lower resolution caused by hardware constraints, altitude, and distance. Improving the quality and sharpness of images by using image super-resolution reconstruction is a challenging obstacle in the realm of computer vision, as it requires the transformation of low-resolution images into high-resolution ones. After generative adversarial networks (GANs) were introduced, some models showed promising results in improving image clarity. In this study, we introduce a super resolution GAN (SRGAN) model to improve the resolution of UAV images. By using metrics like Peak Signal-to-Noise Ratio (PSNR) and structural similarity index (SSIM), we found that good results in GAN models can be achieved even with a small dataset. The results show an SSIM score of 0.52 and a PSNR score of 30.2 after 8000 epochs. It is recommended to use advanced techniques to enhance SRGAN model performance.","","979-8-3503-7673-9","10.1109/ICCSI62669.2024.10799467","","https://ieeexplore.ieee.org/stamp/stamp.jsp?arnumber=10799467","UAV imagery;Super-resolution;Generative Adversarial Networks (GANs);Image enhancement;Deep learning","Training;Image quality;PSNR;Accuracy;Computational modeling;Superresolution;Autonomous aerial vehicles;Generative adversarial networks;Social intelligence;Image reconstruction","","1","","22","IEEE","18 Dec 2024","8-12 Nov. 2024","8-12 Nov. 2024","IEEE","IEEE Conferences"
"Model Selection of Hybrid Feature Fusion for Coffee Leaf Disease Classification","M. Faisal; J. -S. Leu; J. T. Darmawan","Department of Electronic and Computer Engineering (ECE), National Taiwan University of Science and Technology, Taipei, Taiwan; Department of Electronic and Computer Engineering (ECE), National Taiwan University of Science and Technology, Taipei, Taiwan; Department of Bioinformatics, Indonesia International Institute for Life Sciences, Jakarta, Indonesia",IEEE Access,"23 Jun 2023","2023","11","","62281","62291","Coffee leaf diseases can significantly impact the productivity and quality of the crops. Accurate and timely identification of these diseases is crucial for effective management and control. This paper proposes a hybrid feature fusion approach for identifying coffee leaf disease, including early and late feature fusion. First, we propose several hybrid models to extract the information feature in the input images by combining MobileNetV3, Swin Transformer, and variational autoencoder (VAE). MobileNetV3, acting on the inductive bias of locality, can extract image features that are closer to one another (local features), while the Swin Transformer is able to extract feature interactions that are further apart (high-level features). These differently extracted features contain complementary information that enriches a unified feature map. Second, the extracted images from models are fused in the early fusion network. The early-fusion learner network is deployed to learn the rich information from the extracted feature. The late fusion network is implemented to comprehensively learn the fused feature before a classification network classifies coffee leaf diseases. The proposed hybrid feature fusion approach is evaluated on a challenging, real world Robusta Coffee Leaf (RoCoLe) dataset with various diseases, including red spider mite and leaf rust disease. The results show that our approach, the hybrid feature fusion of MobileNetV3 and Swin Transformer, outperforms the individual models with an accuracy of 84.29%. In conclusion, the hybrid feature fusion approach combining MobileNetV3 and Swin Transformer models is a promising approach for coffee leaf disease identification, providing accurate and timely diagnosis for effective management and control of the diseases in real-world conditions.","2169-3536","","10.1109/ACCESS.2023.3286935","","https://ieeexplore.ieee.org/stamp/stamp.jsp?arnumber=10154257","Coffee leaf disease classification;feature fusion;hybrid model","Feature extraction;Diseases;Transformers;Convolutional neural networks;Deep learning;Computational modeling;Task analysis","","51","","42","CCBYNCND","16 Jun 2023","2023","","IEEE","IEEE Journals"
