id,titulo,autores,anio,doi,url,base,eje,tipo_publicacion,incluido,motivo_exclusion,duplicado_de,referencia_seminal
C0001,A review on machine learning models for drought monitoring and forecasting,Ahmedbahaaaldin Ibrahem Ahmed Osman; Nouar AlDahoul; Kai Lun Chong; Yuk Feng Huang; Jing Lin Ng; Ahmed Elshafie; Mohsen Sherif; Ali Najah Ahmed,2025,10.1016/j.crm.2025.100758,https://doi.org/10.1016/j.crm.2025.100758,scopus,1,artículo de revista,no,no satisface los terminos documentados del eje en titulo/resumen (posible desvio de la ejecucion real respecto del protocolo),,
C0002,A systematic review on the application of UAV-based thermal remote sensing for assessing and monitoring crop water status in crop farming systems,Helen S. Ndlovu; John Odindi; Mbulisi Sibanda; Onisimo Mutanga,2024,10.1080/01431161.2024.2368933,https://doi.org/10.1080/01431161.2024.2368933,scopus,1,artículo de revista,no,no satisface los terminos documentados del eje en titulo/resumen (posible desvio de la ejecucion real respecto del protocolo),,
C0003,Application of machine learning approaches in supporting irrigation decision making: A review,Lisa Umutoni; Vidya Samadi,2024,10.1016/j.agwat.2024.108710,https://doi.org/10.1016/j.agwat.2024.108710,scopus,1,artículo de revista,si,,,
C0004,Assessment for crop water stress with infrared thermal imagery in precision agriculture: A review and future prospects for deep learning applications,Zheng Zhou; Yaqoob Majeed; Geraldine Diverres Naranjo; Elena M.T. Gambacorta,2021,10.1016/j.compag.2021.106019,https://doi.org/10.1016/j.compag.2021.106019,scopus,1,artículo de revista,si,,,
C0005,Classification and Forecasting of Water Stress in Tomato Plants Using Bioristor Data,M. Bettelli; F. Vurro; R. Pecori; M. Janni; N. Coppedè; A. Zappettini; D. Tessera,2023,10.1109/access.2023.3265597,https://doi.org/10.1109/access.2023.3265597,ieee,1,artículo de revista,si,,,
C0006,Deep Learning-Based Vision System for Water Stress Classification of Lettuce in Pot Cultivation,E. J. C. Flores; J. A. Gonzaga; G. L. Augusto; J. A. T. Chua; L. A. Gan Lim,2023,10.1109/hnicem60674.2023.10589156,https://doi.org/10.1109/hnicem60674.2023.10589156,ieee,1,congreso,si,,,
C0007,Deep Learning Models for Predictive Crop Water Stress Management using Real-Time Environmental Data,T. Illakiya; R. Navyashree; A. Aleeswari; G. BhupalRaj; P. Balaji; B. Muni,2025,10.1109/iceamst67459.2025.11335817,https://doi.org/10.1109/iceamst67459.2025.11335817,ieee,1,congreso,si,,,
C0008,"Detection and Mapping of Agricultural Water Stress Using Remote Sensing and Machine Learning: A Case Study of the Ourika Basin, Morocco",I. Ghallabi; A. Aqqal; M. Bardaoui; R. Gourram,2026,10.1109/isivc69944.2026.11574293,https://doi.org/10.1109/isivc69944.2026.11574293,ieee,1,congreso,si,,,
C0009,Evaluation of Machine Learning Models for Water Stress Detection Using Stem Impedance,F. Cum; S. Calvo; A. Sanginario; U. Garlando,2024,10.1109/tafe.2024.3457156,https://doi.org/10.1109/tafe.2024.3457156,ieee,1,artículo de revista,si,,,
C0010,Integrating UAV-based multispectral and thermal infrared imageries with machine learning for predicting water stress in winter wheat,Santosh S. Mali; Michael Scobie; Justine Baillie; Corey Plant; Sayma Shammi; Anup Das,2025,10.1007/s11119-025-10239-z,https://doi.org/10.1007/s11119-025-10239-z,scopus,1,artículo de revista,si,,,
C0011,Integration of machine learning models and remote sensing for estimating the Water Deficit Index,Soroush Sharghi; Amin Zeynolabedin,2025,10.1016/j.agwat.2025.109827,https://doi.org/10.1016/j.agwat.2025.109827,scopus,1,artículo de revista,si,,,
C0012,IoT and Machine Learning for the Forecasting of Physiological Parameters of Crop Leaves,A. Barriga; J. A. Barriga; A. Lozano-Tello; M. J. Moñino; P. J. Clemente,2025,10.1109/access.2025.3615717,https://doi.org/10.1109/access.2025.3615717,ieee,1,artículo de revista,si,,,
C0013,Lettuce Leaf Water Stress Estimation Based on Thermo-Visible Signatures Using Recurrent Neural Network Optimized by Evolutionary Strategy,R. Concepcion II; S. Lauguico; V. J. Almero; E. Dadios; A. Bandala; E. Sybingco,2020,10.1109/r10-htc49770.2020.9356963,https://doi.org/10.1109/r10-htc49770.2020.9356963,ieee,1,congreso,si,,,
C0014,Machine learning approaches for soil moisture prediction: enhancing agricultural water management with integrated data,Aram Ali,2026,10.1007/s40808-025-02607-5,https://doi.org/10.1007/s40808-025-02607-5,scopus,1,artículo de revista,si,,,
C0015,Neural network soil moisture model for irrigation scheduling,Zhe Gu; Tingting Zhu; Xiyun Jiao; Junzeng Xu; Zhiming Qi,2021,10.1016/j.compag.2020.105801,https://doi.org/10.1016/j.compag.2020.105801,scopus,1,artículo de revista,si,,,
C0016,Optimized Hybrid CNN-Random Forest Model for Thermal Imaging-Based Water Stress Detection in Large-Scale Agriculture,M. R; R. P; K. V; K. M; B. S; K. G,2025,10.1109/gitcon65266.2025.11376942,https://doi.org/10.1109/gitcon65266.2025.11376942,ieee,1,congreso,si,,,
C0017,Precision Agriculture: Improving Water Stress Forecasting in Tomato Plants Using Bioristor Data and Advanced ML Techniques,A. N; R. M,2024,10.1109/incowoco64194.2024.10863624,https://doi.org/10.1109/incowoco64194.2024.10863624,ieee;scopus,1;3,congreso,si,,,
C0018,Remote Sensing Using Unmanned Aerial Vehicles for Water Stress Detection: A Review Focusing on Specialty Crops,Harmandeep Sharma; Harjot Sidhu; Arnab Bhowmik,2025,10.3390/drones9040241,https://doi.org/10.3390/drones9040241,scopus,1,artículo de revista,si,,,
C0019,"Soil Moisture Prediction Using Remote Sensing and Machine Learning Algorithms: A Review on Progress, Challenges, and Opportunities",Manoj Lamichhane; Sushant Mehan; Kyle R. Mankin,2025,10.3390/rs17142397,https://doi.org/10.3390/rs17142397,scopus,1,artículo de revista,si,,,
C0020,Thermal Image Analysis for Precision Agriculture,A. S. Novo; O. Postolache; J. G. M. Mendes,2025,10.1109/i4tech64670.2025.11277454,https://doi.org/10.1109/i4tech64670.2025.11277454,ieee,1,congreso,si,,,
C0021,Transferable field-scale daily soil moisture forecasting in cotton with a minimal-input LSTM for irrigation scheduling,Qiong Su; Yun Lin; Glen C. Rains; Javad Mohammadpour Velni,2026,10.1016/j.atech.2026.102178,https://doi.org/10.1016/j.atech.2026.102178,scopus,1,artículo de revista,si,,,
C0022,Utilizing Digital Technology for Accurate Water Footprint Calculation in Agricultural Products,K. Rajagopal; H. Ayyavoo; A. Selvam; M. K,2025,10.1109/icfts62006.2025.11031633,https://doi.org/10.1109/icfts62006.2025.11031633,ieee,1,congreso,no,no satisface los terminos documentados del eje en titulo/resumen (posible desvio de la ejecucion real respecto del protocolo),,
C0023,Water Stress Detection in Pearl Millet Canopy with Selected Wavebands using UAV Based Hyperspectral Imaging and Machine Learning,A. U. G. Sankararao; P. Rajalakshmi; S. Kaliamoorthy; S. Choudhary,2022,10.1109/sas54819.2022.9881337,https://doi.org/10.1109/sas54819.2022.9881337,ieee,1,congreso,si,,,
C0024,A comparative study of anomaly detection approaches in time-series environmental sensor data,L. -H. Phan; C. M. Hieu Nguyen,2025,10.1109/atc67618.2025.11268742,https://doi.org/10.1109/atc67618.2025.11268742,ieee,2,congreso,si,,,
C0025,A Comparative Study of Machine Learning Models for Real-Time IoT- based Soil Moisture Anomaly Detection,Garhazi Abdullah Mohammed Abdullah; Nayef.A.M Alduais; Mohd Rizal Arshad,2026,10.1109/cspa68262.2026.11517729,https://doi.org/10.1109/cspa68262.2026.11517729,scopus,2,congreso,si,,,
C0026,A Machine Learning-Driven HVAC Optimization: Occupancy Prediction and Detection at Scale,J. Vaughan; A. Ameli; T. Akilan,2025,10.1109/ccece64018.2025.11364351,https://doi.org/10.1109/ccece64018.2025.11364351,ieee,2,congreso,no,no satisface los terminos documentados del eje en titulo/resumen (posible desvio de la ejecucion real respecto del protocolo),,
C0027,"A methodological proposal for quality control of the soil moisture variable, measured in Colombian automatic agrometeorological stations",Francisco Javier Hernández Guzmán; José Alejandro Cleves-Leguízamo; Eliecer David Diaz Almanza,2022,10.15446/rfnam.v75n3.99145,https://doi.org/10.15446/rfnam.v75n3.99145,scopus,2,artículo de revista,si,,,
C0028,A novel data healing framework for outlier detection and recovery approach in the internet of agriculture things sensor network,Rashmita Sahu; Priyanka Tripathi,2025,10.1007/s11135-025-02402-5,https://doi.org/10.1007/s11135-025-02402-5,scopus,2,artículo de revista,si,,,
C0029,A task of anomaly detection for a smart satellite Internet of things system,Z. Shao; X. Qu; F. Bu; Y. Hou,2024,10.1109/iccea62105.2024.10604205,https://doi.org/10.1109/iccea62105.2024.10604205,ieee,2,congreso,si,,,
C0030,An Outliers Detection Method for Automatic Soil Moisture Observation Data Based on Characteristic Curve,,2022,10.3969/j.issn.1000-6362.2022.03.006,https://doi.org/10.3969/j.issn.1000-6362.2022.03.006,scopus,2,,si,,,
C0031,Anomaly data detection method for in situ automatic soil moisture observation,,2021,10.12118/j.issn.1000-6060.2021.04.21,https://doi.org/10.12118/j.issn.1000-6060.2021.04.21,scopus,2,,si,,,
C0032,Anomaly Detection for Smart Soil Sensors: A Comparative Analysis of Statistical and Machine Learning Methods,S. Alperen Celtek; A. Ozgur Polat; Seda Kul,2025,10.1109/summa68668.2025.11302370,https://doi.org/10.1109/summa68668.2025.11302370,scopus,2,congreso,si,,,
C0033,Anomaly Detection From Low-Dimensional Latent Manifolds With Home Environmental Sensors,F. M. Melgarejo-Meseguer; A. Lorenzo-Bleda; S. Eduardo-Abbenante; F. -J. Gimeno-Blanes; E. Everss-Villalba; S. Muñoz-Romero; J. -L. Rojo-Álvarez; R. M. Ferriz,2024,10.1109/jiot.2023.3338697,https://doi.org/10.1109/jiot.2023.3338697,ieee,2,artículo de revista,si,,,
C0034,Anomaly detection in smart agriculture systems,C. Catalano; L. Paiano; F. Calabrese; M. Cataldo; L. Mancarella; F. Tommasi,2022,10.1016/j.compind.2022.103750,https://doi.org/10.1016/j.compind.2022.103750,scopus,2,artículo de revista,si,,,
C0035,Clustering-Aided Classification and Anomaly Detection of Smart Office Patterns Using Environmental Sensor Data,N. Najafiragheb; M. A. Jaziri; A. Pandurino; A. Bucciero,2025,10.1109/aiot66900.2025.00106,https://doi.org/10.1109/aiot66900.2025.00106,ieee,2,congreso,si,,,
C0036,Design and Performance Evaluation of an RFID and Machine Learning-Based Intelligent Security System for Smart Buildings,Q. Li; J. Liu,2025,10.1109/icicr65456.2025.00041,https://doi.org/10.1109/icicr65456.2025.00041,ieee,2,congreso,no,cribado semantico (titulo+abstract): no aporta directamente a ninguno de los ejes en los que fue hallado,,
C0037,Design of an IoT based Monitoring System Utilizing Deep Reinforcement Learning and Ensemble Learning for Precision Agriculture,A. Choudhari; D. Bhoyar; W. P. Badole,2024,10.1109/icscss60660.2024.10625266,https://doi.org/10.1109/icscss60660.2024.10625266,ieee,2,congreso,si,,,
C0038,ECCL-AgriNet: Environmental Consistency Contrastive Learning for Smart Agriculture Monitoring Using Image Analytics and IoT Sensors,M. Nallagangulla; S. S. B; S. A. V; T. Saravanan; M. Soni,2026,10.1109/icicacs68679.2026.11578519,https://doi.org/10.1109/icicacs68679.2026.11578519,ieee,2,congreso,si,,,
C0039,Edge-AI Enabled Telemetry System for Real-Time Predictive Maintenance in Commercial Computing Frameworks,D. Ahuja,2025,10.1109/gitcon65266.2025.11376867,https://doi.org/10.1109/gitcon65266.2025.11376867,ieee,2,congreso,no,no satisface los terminos documentados del eje en titulo/resumen (posible desvio de la ejecucion real respecto del protocolo),,
C0040,Fire Early Detection System Based on Artificial Intelligence-Driven Climate Analysis,P. Güneş; M. E. Türksoy; E. Erden; B. Boz,2025,10.1109/ubmk67458.2025.11206994,https://doi.org/10.1109/ubmk67458.2025.11206994,ieee,2,congreso,no,no satisface los terminos documentados del eje en titulo/resumen (posible desvio de la ejecucion real respecto del protocolo),,
C0041,Interactive soil moisture interface of multi-depth change over time,David Gallacher; Guy Roth; Alex McBratney,2023,10.1016/j.compag.2022.107508,https://doi.org/10.1016/j.compag.2022.107508,scopus,2,artículo de revista,no,cribado semantico (titulo+abstract): no aporta directamente a ninguno de los ejes en los que fue hallado,,
C0042,Intrusion Detection and Mitigation System for Smart Inverters Based on Machine Learning and Environmental Sensors,Z. Zhang; S. Rahman,2026,10.35833/mpce.2025.000713,https://doi.org/10.35833/mpce.2025.000713,ieee,2,artículo de revista,no,no satisface los terminos documentados del eje en titulo/resumen (posible desvio de la ejecucion real respecto del protocolo),,
C0043,LGCA-Net: A time-series anomaly detection method for multiple types of agricultural sensors,Zongren Wang; Laixi Zhang; Jianbo Guo; Yuan Huang; Ping Lin; Wengang Zheng; Lili Zhangzhong,2026,10.1016/j.inpa.2026.01.008,https://doi.org/10.1016/j.inpa.2026.01.008,scopus,2,artículo de revista,si,,,
C0044,"Machine Learning-Assisted, Process-Based Quality Control for Detecting Compromised Environmental Sensors",Jacquelyn Q. Schmidt; Branko Kerkez,2023,10.1021/acs.est.3c00360,https://doi.org/10.1021/acs.est.3c00360,scopus,2,artículo de revista,si,,,
C0045,Normal-Only Anomaly Detection in Environmental Sensors in CPS: A Comprehensive Review,Y. Takyiwaa Acquaah; R. Kaushik,2024,10.1109/access.2024.3513714,https://doi.org/10.1109/access.2024.3513714,ieee,2,artículo de revista,si,,,
C0046,Physics-Based Synthetic Data and On-Device SLM Reasoning for Automated IoT Sensor Fault Detection in Offline Edge Environments,S. Marri; A. Sangwan,2026,10.1109/smartnets69662.2026.11604705,https://doi.org/10.1109/smartnets69662.2026.11604705,ieee,2,congreso,no,no satisface los terminos documentados del eje en titulo/resumen (posible desvio de la ejecucion real respecto del protocolo),,
C0047,Research on Anomaly Detection Model for Intelligent Sensor Networks Based on Generative Large Models,G. Duan,2026,10.1109/icetci68937.2026.11610697,https://doi.org/10.1109/icetci68937.2026.11610697,ieee,2,congreso,si,,,
C0048,Sensor Data based Work Area Environment Risk Prediction and Monitoring in the Shipbuilding,J. KIM; Y. W. Cho; B. -T. Jang,2019,10.1109/ictc46691.2019.8939789,https://doi.org/10.1109/ictc46691.2019.8939789,ieee,2,congreso,no,no satisface los terminos documentados del eje en titulo/resumen (posible desvio de la ejecucion real respecto del protocolo),,
C0049,Smart Irrigation and Anomaly Detection using Soil Moisture Sensors,M. Khan; S. Varma; J. Tiwari,2025,10.1109/icih67754.2025.11608676,https://doi.org/10.1109/icih67754.2025.11608676,ieee,2,congreso,si,,,
C0050,System for automated Quality Control (SaQC) to enable traceable and reproducible data streams in environmental science,Lennart Schmidt; David Schäfer; Juliane Geller; Peter Lünenschloss; Bert Palm; Karsten Rinke; Corinna Rebmann; Michael Rode; Jan Bumberger,2023,10.1016/j.envsoft.2023.105809,https://doi.org/10.1016/j.envsoft.2023.105809,scopus,2,artículo de revista,no,no satisface los terminos documentados del eje en titulo/resumen (posible desvio de la ejecucion real respecto del protocolo),,
C0051,Temporal Analysis of Environmental Sensor Data for Agricultural Applications,Ratchanon Kiattrakoon; Surakan Kaewkeeree; Montrakarn Pramong; Kritsana Sureeya; Tanakorn Inthasuth; Siti Zuraidah Ibrahim,2025,10.1109/itc-cscc66376.2025.11137798,https://doi.org/10.1109/itc-cscc66376.2025.11137798,scopus,2,congreso,si,,,
C0052,TimeTector: A Twin-Branch Approach for Unsupervised Anomaly Detection in Livestock Sensor Noisy Data (TT-TBAD),Junaid Khan Kakar; Shahid Hussain; Sang Cheol Kim; Hyongsuk Kim,2024,10.3390/s24082453,https://doi.org/10.3390/s24082453,scopus,2,artículo de revista,si,,,
C0053,1 Safe Data Augmentation using Generative AI to Ensure Sustainable Prediction Accuracy of Marine Data,,2026,,https://ieeexplore.ieee.org/xpl/ebooks/bookPdfWithBanner.jsp?fileName=11614348.pdf&bkn=11614265&pdfType=chapter,ieee,3,congreso,no,"coincidencia de terminos espuria: dominio claramente ajeno a agricultura/cultivos/suelo (ej. imagenologia medica, seguridad de redes) sin anclaje agricola en el titulo",,
C0054,3D Conditional Adversarial Learning for Synthesizing Microscopic Neuron Image Using Skeleton-to-Neuron Translation,Z. Tang; D. Zhang; Y. Song; H. Wang; D. Liu; C. Zhang; S. Liu; H. Peng; W. Cai,2020,10.1109/isbi45749.2020.9098345,https://doi.org/10.1109/isbi45749.2020.9098345,ieee,3,congreso,no,no satisface los terminos documentados del eje en titulo/resumen (posible desvio de la ejecucion real respecto del protocolo),,
C0055,A Comparative Analysis of Few-Shot and Zero-Shot Learning Models with Explainable AI for Crop Disease Recognition Emerging Smart Agriculture,M. R. Uddin; N. Morshed; K. N. Priyanka; M. S. Islam; M. S. Iqbal,2026,10.1109/icecte69292.2026.11429200,https://doi.org/10.1109/icecte69292.2026.11429200,ieee,3,congreso,no,no satisface los terminos documentados del eje en titulo/resumen (posible desvio de la ejecucion real respecto del protocolo),,
C0056,A comparison of graph-based semi-supervised learning for data augmentation,W. D. G. d. Oliveira; O. A. B. Penatti; L. Berton,2020,10.1109/sibgrapi51738.2020.00043,https://doi.org/10.1109/sibgrapi51738.2020.00043,ieee,3,congreso,si,,,
C0057,A Comprehensive Survey on Data Augmentation,Z. Wang; P. Wang; K. Liu; P. Wang; Y. Fu; C. -T. Lu; C. C. Aggarwal; J. Pei; Y. Zhou,2026,10.1109/tkde.2025.3622600,https://doi.org/10.1109/tkde.2025.3622600,ieee,3,artículo de revista,no,no satisface los terminos documentados del eje en titulo/resumen (posible desvio de la ejecucion real respecto del protocolo),,
C0058,A Cyber-Physical Precision Agriculture System for Plant Growth and Yield Prediction,B. W. Rong Ng; J. KiatNg; M. A. Juman; V. R. Sampath Kumar; A. J. Jin Leong,2024,10.1109/agreta61912.2024.10948892,https://doi.org/10.1109/agreta61912.2024.10948892,ieee,3,congreso,no,cribado semantico (titulo+abstract): no aporta directamente a ninguno de los ejes en los que fue hallado,,
C0059,A Data Augmentation Method Based on Generative Adversarial Networks for Grape Leaf Disease Identification,B. Liu; C. Tan; S. Li; J. He; H. Wang,2020,10.1109/access.2020.2998839,https://doi.org/10.1109/access.2020.2998839,ieee,3,artículo de revista,no,no satisface los terminos documentados del eje en titulo/resumen (posible desvio de la ejecucion real respecto del protocolo),,
C0060,A Data-Scarce Digital Twin Framework for Irrigation Decision-Making Using Physics-Constrained Generative AI,S. Mohan; S. Sharma; M. M. Unnithan; S. Lalitha,2026,10.1109/icssas68835.2026.11559311,https://doi.org/10.1109/icssas68835.2026.11559311,ieee,3,congreso,si,,,
C0061,A Deep Hybrid Ensemble of CNN and Vision Transformer for Detecting Breast Cancer from Mammographic Images,J. Choudhary; K. Kaur; A. Kumar,2025,10.1109/medcom67532.2025.11404808,https://doi.org/10.1109/medcom67532.2025.11404808,ieee,3,congreso,no,no satisface los terminos documentados del eje en titulo/resumen (posible desvio de la ejecucion real respecto del protocolo),,
C0062,A Dual GAN-Based Method for Augmenting High-Quality Rice Leaf Disease Images,K. Vijayalakshmi; K. Sreenivasulu; M. Sandhya; G. Khaleelbasha; M. V. Naresh,2024,10.1109/accai61061.2024.10602452,https://doi.org/10.1109/accai61061.2024.10602452,ieee,3,congreso,no,no satisface los terminos documentados del eje en titulo/resumen (posible desvio de la ejecucion real respecto del protocolo),,
C0063,A GAN-Augmented Multi-Scale Feature Fusion Framework for Explainable Crop Disease Detection,G. Sunitha; B. Reddy.A; G. P. Harshitha; M. Likitha; K. U. Rani; M. Dinesh Kumar Reddy,2026,10.1109/icipcn67432.2026.11438678,https://doi.org/10.1109/icipcn67432.2026.11438678,ieee,3,congreso,no,no satisface los terminos documentados del eje en titulo/resumen (posible desvio de la ejecucion real respecto del protocolo),,
C0064,A Generative Adversarial Network Approach to Metastatic Cancer Cell Images,S. Lee; H. Kim; H. Higuchi; M. Ishikawa; R. Natato,2022,10.1109/icaiic54071.2022.9722664,https://doi.org/10.1109/icaiic54071.2022.9722664,ieee,3,congreso,no,no satisface los terminos documentados del eje en titulo/resumen (posible desvio de la ejecucion real respecto del protocolo),,
C0065,A Generative Time-Series Data Augmentation Framework Based on Multisource Remote Sensing for Early Crop Classification,Y. Zhang; X. Huang; W. Kong; Z. Liu; M. Liu; J. Liu; H. Hu; L. Liu,2026,10.1109/jstars.2026.3662757,https://doi.org/10.1109/jstars.2026.3662757,ieee,3,artículo de revista,si,,,
C0066,A High-Quality Rice Leaf Disease Image Data Augmentation Method Based on a Dual GAN,Z. Zhang; Q. Gao; L. Liu; Y. He,2023,10.1109/access.2023.3251098,https://doi.org/10.1109/access.2023.3251098,ieee,3,artículo de revista,si,,,
C0067,A Hybrid Computer Vision enabled GAN Model for Pest and Disease Detection,J. Banerjee; A. K. Das; K. Sabale; A. Alkhayyat,2024,10.1109/icec59683.2024.10837494,https://doi.org/10.1109/icec59683.2024.10837494,ieee,3,congreso,si,,,
C0068,A Hybrid Deep Learning Framework for Robust Detection of Rice Leaf Diseases Using CNN and Transformer-Based Attention,K. Mostafa; F. Imran; M. Anjum; S. I. Siam,2025,10.1109/qpain66474.2025.11171957,https://doi.org/10.1109/qpain66474.2025.11171957,ieee,3,congreso,no,no satisface los terminos documentados del eje en titulo/resumen (posible desvio de la ejecucion real respecto del protocolo),,
C0069,A Hybrid Framework Combining GAN-Based Augmentation and Ensemble Learning for Improved Satellite Image Classification,S. M. Nafis Ahmed; N. Tabassum; H. Jahan,2025,10.1109/ncim65934.2025.11160168,https://doi.org/10.1109/ncim65934.2025.11160168,ieee,3,congreso,no,no satisface los terminos documentados del eje en titulo/resumen (posible desvio de la ejecucion real respecto del protocolo),,
C0070,A Hybrid GAN and GCN Model for Intrusion Detection in Heterogenous IoT Networks,M. Alzahrani; P. Nanda; M. Mohanty; F. El Zegil,2025,10.1109/iccae64891.2025.10980509,https://doi.org/10.1109/iccae64891.2025.10980509,ieee,3,congreso,no,"coincidencia de terminos espuria: dominio claramente ajeno a agricultura/cultivos/suelo (ej. imagenologia medica, seguridad de redes) sin anclaje agricola en el titulo",,
C0071,A Hybrid GAN-CNN Approach for Predicting Tomato Leaf Diseases,K. A; K. S,2025,10.1109/icisc65841.2025.11188346,https://doi.org/10.1109/icisc65841.2025.11188346,ieee,3,congreso,si,,,
C0072,A Labor-Efficient GAN-based Model Generation Scheme for Deep-Learning Defect Inspection among Dense Beans in Coffee Industry,C. -J. Kuo; C. -C. Chen; T. -T. Chen; Z. Tsai; M. -H. Hung; Y. -C. Lin; Y. -C. Chen; D. -C. Wang; G. -J. Homg; W. -T. Su,2019,10.1109/coase.2019.8843259,https://doi.org/10.1109/coase.2019.8843259,ieee,3,congreso,no,no satisface los terminos documentados del eje en titulo/resumen (posible desvio de la ejecucion real respecto del protocolo),,
C0073,A Multi-Stage Community-Based Hybrid Framework for Plant Disease Detection: From Segmentation to Synthetic Augmentation,L. D; K. S. Shankarappa; T. Mani; V. M; D. B. G.; A. Kumari,2026,10.1109/icctac68277.2026.11524562,https://doi.org/10.1109/icctac68277.2026.11524562,ieee,3,congreso,no,no satisface los terminos documentados del eje en titulo/resumen (posible desvio de la ejecucion real respecto del protocolo),,
C0074,A Novel Approach to Grape Leaf Disease Detection using GAN-Enhanced ResNet and EfficientNet,A. Badhan; P. Arora; R. Garg; R. Kaur,2025,10.1109/iccmc65190.2025.11140713,https://doi.org/10.1109/iccmc65190.2025.11140713,ieee,3,congreso,no,no satisface los terminos documentados del eje en titulo/resumen (posible desvio de la ejecucion real respecto del protocolo),,
C0075,A Novel Routing Equipment Fault Diagnosis Scheme Based On Machine Learning In Short Distance Communication Scenario,Z. Zhou; W. Tan; C. Pan; J. Li,2025,10.1109/itoec63606.2025.10968339,https://doi.org/10.1109/itoec63606.2025.10968339,ieee,3,congreso,no,no satisface los terminos documentados del eje en titulo/resumen (posible desvio de la ejecucion real respecto del protocolo),,
C0076,A Novel Transformer Model for Accelerated and Efficient Cotton Leaf Disease Identification,M. M. Rahman; M. S. Hossain; K. Dhakal; R. Poudel; M. M. Islam; M. R. Ahmed; S. Rahman,2025,10.1109/qpain66474.2025.11172151,https://doi.org/10.1109/qpain66474.2025.11172151,ieee,3,congreso,si,,,
C0077,A Residual Recurrent Generative Adversarial Network Approach for Crop Yield Estimation and Fertilizer Optimization,P. Awasthi; S. Mishra; N. Gupta; A. Kumar; M. Derawi,2025,10.1109/access.2025.3646354,https://doi.org/10.1109/access.2025.3646354,ieee,3,artículo de revista,si,,,
C0078,A Robust Deep Learning Approach for the Quantitative Characterization and Clustering of Peach Tree Crowns Based on UAV Images,J. Hu; Y. Zhang; D. Zhao; G. Yang; F. Chen; C. Zhou; W. Chen,2022,10.1109/tgrs.2022.3142288,https://doi.org/10.1109/tgrs.2022.3142288,ieee,3,artículo de revista,si,,,
C0079,A Robust Image Watermarking Approach for Application in AI Generated Images,T. A. Aditto; M. R. Shahariar; H. Imtiaz,2024,10.1109/icece64886.2024.11025115,https://doi.org/10.1109/icece64886.2024.11025115,ieee,3,congreso,no,no satisface los terminos documentados del eje en titulo/resumen (posible desvio de la ejecucion real respecto del protocolo),,
C0080,A Smart Agricultural Analytics and E-Commerce Framework for Daily Commodity Price Prediction Using Hybrid Arima-Lstm With Improved Timegan,M. U. Sarangapani; V. MuraliBhaskaran; S. M.; S. V. H.,2026,10.23919/indiacom70271.2026.11525751,https://doi.org/10.23919/indiacom70271.2026.11525751,ieee,3,congreso,no,no satisface los terminos documentados del eje en titulo/resumen (posible desvio de la ejecucion real respecto del protocolo),,
C0081,A Spatiotemporal Generative AI Framework for Agronomic Forecasting Using Semi-Supervised Learning on Remote Sensing Time-Series,S. Henna; M. Rao Sakhamuri,2025,10.1109/smartcomp65954.2025.00093,https://doi.org/10.1109/smartcomp65954.2025.00093,ieee,3,congreso,si,,,
C0082,A Stacking Ensemble Framework Leveraging Synthetic Data for Accurate and Stable Crop Yield Forecasting,M. Waqar; Y. -W. Kim; Y. -C. Byun,2025,10.1109/access.2025.3591802,https://doi.org/10.1109/access.2025.3591802,ieee,3,artículo de revista,si,,,
C0083,"A Survey of Automated Data Augmentation for Image Classification: Learning to Compose, Mix, and Generate",T. -H. Cheung; D. -Y. Yeung,2024,10.1109/tnnls.2023.3282258,https://doi.org/10.1109/tnnls.2023.3282258,ieee,3,artículo de revista,si,,,
C0084,"A Survey of Generative Adversarial Networks for Satellite Imagery: Applications, Image Types, Tasks, and Challenges",H. S. Altahainah; O. M. Alyasiri; M. H. Mohd Noor,2025,10.1109/access.2025.3623067,https://doi.org/10.1109/access.2025.3623067,ieee,3,artículo de revista,si,,,
C0085,A Time Series Self-Supervised Contrastive Pretraining Method With Data Augmentation Using Discrepancy of Reconstruction Information Loss,Z. Zhang; Y. Han; B. Ma; Z. Geng,2025,10.1109/tim.2025.3548177,https://doi.org/10.1109/tim.2025.3548177,ieee,3,artículo de revista,si,,,
C0086,A two-stage Deep Convolutional Generative Adversarial Network-based data augmentation scheme for agriculture image regression tasks,H. Hammouch; M. El-Yacoubi; H. Qin; A. Berrahou; H. Berbia; M. Chikhaoui,2021,10.1109/iccsi53130.2021.9736230,https://doi.org/10.1109/iccsi53130.2021.9736230,ieee,3,congreso,si,,,
C0087,A Unified Deep Learning Approach for Multi-Mission Spacecraft Anomaly Detection Using Hybrid CNN-LSTM-Transformer Architecture with Multi-Task Learning,R. A. C R; E. A. Devi; S. Lakshmi,2025,10.1109/acoit66109.2025.11436971,https://doi.org/10.1109/acoit66109.2025.11436971,ieee,3,congreso,no,no satisface los terminos documentados del eje en titulo/resumen (posible desvio de la ejecucion real respecto del protocolo),,
C0088,Accuracy Analysis of Various CNN Models with Synthetic and Original Dataset for Cotton leaf,L. Y. N. A; S. S; R. C. B; B. G; S. P. A. S,2024,10.1109/ic-etite58242.2024.10493374,https://doi.org/10.1109/ic-etite58242.2024.10493374,ieee,3,congreso,si,,,
C0089,Adaptive Memory Broad Learning System for Unsupervised Time Series Anomaly Detection,Z. Zhong; Z. Yu; Z. Fan; C. L. Philip Chen; K. Yang,2025,10.1109/tnnls.2024.3415621,https://doi.org/10.1109/tnnls.2024.3415621,ieee,3,artículo de revista,no,cribado semantico (titulo+abstract): no aporta directamente a ninguno de los ejes en los que fue hallado,,
C0090,Addressing Class Imbalance in Crop Disease Classification Through GAN-Based Synthetic Image Augmentation,V. P. Reddy; D. C. V. R. Reddy; D. R. Nuvvusetty,2025,10.1109/icpeev67897.2025.11291466,https://doi.org/10.1109/icpeev67897.2025.11291466,ieee,3,congreso,si,,,
C0091,Advanced Chicken Coccidiosis Detection using Multi-Model Fusion Architecture,H. Sankar; S. Raghavendra; D. C. V,2026,10.1109/icseti67678.2026.11636585,https://doi.org/10.1109/icseti67678.2026.11636585,ieee,3,congreso,si,,,
C0092,Advanced Generative Adversarial Network Based Image Augmentation for Agricultural Applications Using Convolutional Neural Networks,P. Bhaskar; G. Himabindu; N. M. Reddy,2026,10.1109/icsadl67539.2026.11451786,https://doi.org/10.1109/icsadl67539.2026.11451786,ieee,3,congreso,si,,,
C0093,"Advanced Machine Learning Models for Predicting Irrigation Water Quality: A Comparative Study of LSTM, SVM, and XGBoost Algorithms in Rice Cultivation",V. H. Cahaya Putra; A. Rachmat Raharja; G. Kanugrahan; C. Tho; M. Al-Husaini,2025,10.1109/icimtech67074.2025.11265474,https://doi.org/10.1109/icimtech67074.2025.11265474,ieee,3,congreso,si,,,
C0094,Advancements for Improved Plant Disease and Pest Identification: A Survey,T. Feilong; H. T. Yew; F. Wong; R. R. Porle,2024,10.1109/gecost60902.2024.10474674,https://doi.org/10.1109/gecost60902.2024.10474674,ieee,3,congreso,no,no satisface los terminos documentados del eje en titulo/resumen (posible desvio de la ejecucion real respecto del protocolo),,
C0095,Advances in Plant Leaf Disease Diagnostics: A Systematic Review of Transfer Learning and Generative Adversarial Networks,J. P. Prasad; V. C. Jadala; R. U. Rani,2026,10.1109/icmsci67830.2026.11469478,https://doi.org/10.1109/icmsci67830.2026.11469478,ieee,3,congreso,si,,,
C0096,Advancing Plant Health: Leveraging Machine Learning for Precision Leaf Detection in Agriculture,S. Das; P. Das; N. Bhattacharya,2025,10.1109/sisimpact67725.2025.11439525,https://doi.org/10.1109/sisimpact67725.2025.11439525,ieee,3,congreso,no,no satisface los terminos documentados del eje en titulo/resumen (posible desvio de la ejecucion real respecto del protocolo),,
C0097,AGANet: Attention-Guided Generative Adversarial Network for Corn Hyperspectral Images Augmentation,W. Zhang; Z. Li; G. Li; L. Zhou; W. Zhao; X. Pan,2025,10.1109/tce.2024.3470846,https://doi.org/10.1109/tce.2024.3470846,ieee,3,artículo de revista,no,no satisface los terminos documentados del eje en titulo/resumen (posible desvio de la ejecucion real respecto del protocolo),,
C0098,AgriQDL: A Quantum-Driven Deep Learning Model for Climate-Resilient Smart Farming,J. J. Mary; B.Sarvesan; N. M; R. Priyadharsini; H. A. Nurmatovich.; B. Madaminov,2025,10.1109/icacrs67045.2025.11324268,https://doi.org/10.1109/icacrs67045.2025.11324268,ieee,3,congreso,si,,,
C0099,AI-Based Early Detection of Alzheimer's Disease: Enhanced Performance with GAN-Augmented MRI Data and EfficientNetB3,K. R. Ahmed; M. S. Hossen; T. S. Chity; T. Salam; S. I. Nuhash; N. Ameri,2025,10.1109/qpain66474.2025.11172087,https://doi.org/10.1109/qpain66474.2025.11172087,ieee,3,congreso,no,no satisface los terminos documentados del eje en titulo/resumen (posible desvio de la ejecucion real respecto del protocolo),,
C0100,AI Opportunities and Challenges for Crop Type Mapping Using Sentinel-2 and Drone Data,A. Nowakowski; D. Spiller; N. Cremer; R. Bonifacio; M. Marszalek; M. Garcia-Herranz; P. P. Mathieu; D. -H. Kim,2021,10.1109/igarss47720.2021.9553609,https://doi.org/10.1109/igarss47720.2021.9553609,ieee,3,congreso,no,cribado semantico (titulo+abstract): no aporta directamente a ninguno de los ejes en los que fue hallado,,
C0101,All Weather Radar Image Enhancement and Semantic Segmentation Method for Autonomous Vehicles,T. Thilakanayake; O. D. Silva; T. R. Wanasinghe; G. K. I. Mann; A. Jayasiri,2025,10.1109/tits.2025.3565181,https://doi.org/10.1109/tits.2025.3565181,ieee,3,artículo de revista,no,cribado semantico (titulo+abstract): no aporta directamente a ninguno de los ejes en los que fue hallado,,
C0102,An Adaptive Deep Learning Framework for Prediction of Agricultural Yield,K. R. Rao; M. Swapna Kumari; R. Eklarker; P. C. Shaker Reddy; K. Muley; V. K. Burugari,2024,10.1109/icicacs60521.2024.10498465,https://doi.org/10.1109/icicacs60521.2024.10498465,ieee,3,congreso,no,no satisface los terminos documentados del eje en titulo/resumen (posible desvio de la ejecucion real respecto del protocolo),,
C0103,An Approach for Generating Microscopic Images of Scarce Traditional Chinese Medicine Cells,Z. Peng; G. Pang; G. Peng; C. Wei; L. Yang; W. Fu,2025,10.1109/prmvai65741.2025.11108573,https://doi.org/10.1109/prmvai65741.2025.11108573,ieee,3,congreso,no,no satisface los terminos documentados del eje en titulo/resumen (posible desvio de la ejecucion real respecto del protocolo),,
C0104,An Offline Affective Brain-Computer Interface Paradigm with CycleGAN Data Augmentation and Meta-Learning Update Mode,H. Chen; H. He; S. Sun; J. Li; X. Cui; J. Zhu; X. Li; B. Hu,2026,10.1109/taffc.2026.3726689,https://doi.org/10.1109/taffc.2026.3726689,ieee,3,artículo de revista,no,cribado semantico (titulo+abstract): no aporta directamente a ninguno de los ejes en los que fue hallado,,
C0105,An Overview on Timely Detection of Plant Leaf Disorder Using Deep Learning and Machine Learning Models,S. S. Babaladi; A. O. Mulani,2026,10.1109/ccic68129.2026.11486178,https://doi.org/10.1109/ccic68129.2026.11486178,ieee,3,congreso,si,,,
C0106,Analysis of Crop Type Classification by Using Various Deep Learning Models,S. Koratala; V. Ananthi,2025,10.1109/icoiics67115.2025.11390412,https://doi.org/10.1109/icoiics67115.2025.11390412,ieee,3,congreso,no,no satisface los terminos documentados del eje en titulo/resumen (posible desvio de la ejecucion real respecto del protocolo),,
C0107,Anomaly Prediction: A Novel Approach with Explicit Delay and Horizon,J. You; A. Cela; R. Natowicz; J. Ouanounou; P. Siarry,2024,10.1109/iccp63557.2024.10793012,https://doi.org/10.1109/iccp63557.2024.10793012,ieee,3,congreso,no,no satisface los terminos documentados del eje en titulo/resumen (posible desvio de la ejecucion real respecto del protocolo),,
C0108,Application of Artificial Intelligence in Soil Contamination Analysis: Green Sustainable Practices,S. Jabin; S. Abbas; A. Chadha; J. Chawla,2024,10.1109/icaiccit64383.2024.10912319,https://doi.org/10.1109/icaiccit64383.2024.10912319,ieee,3,congreso,si,,,
C0109,Application of GAN-based Data Augmentation in Imbalanced Classification of Industrial Internet of Things,H. Wu; J. Sun; G. Cai,2025,10.1109/ecis65594.2025.11087036,https://doi.org/10.1109/ecis65594.2025.11087036,ieee,3,congreso,no,no satisface los terminos documentados del eje en titulo/resumen (posible desvio de la ejecucion real respecto del protocolo),,
C0110,Applying Federated Learning on Decentralized Smart Farming: A Case Study,I. Siniosoglou; K. Xouveroudis; V. Argyriou; T. Lagkas; D. Margounakis; A. -A. A. Boulogeorgos; P. Sarigiannidis,2023,10.1109/iccworkshops57953.2023.10283681,https://doi.org/10.1109/iccworkshops57953.2023.10283681,ieee,3,congreso,no,cribado semantico (titulo+abstract): no aporta directamente a ninguno de los ejes en los que fue hallado,,
C0111,ASDGM: Agriculture Framework for Crops Data Generation and Recommendation,E. Hossny; A. A. Awad; F. A. Omara,2026,10.1109/3scea68071.2026.11603000,https://doi.org/10.1109/3scea68071.2026.11603000,ieee;scopus,3,congreso,si,,,
C0112,Attention-Based Multi-Input Multi-Output Neural Network for Plant Disease Prediction Using Multisensor System,R. Saini; K. S. Patle; A. Kumar; S. G. Surya; V. S. Palaparthy,2022,10.1109/jsen.2022.3219601,https://doi.org/10.1109/jsen.2022.3219601,ieee,3,artículo de revista,no,cribado semantico (titulo+abstract): no aporta directamente a ninguno de los ejes en los que fue hallado,,
C0113,Augmentation of Vegetation Index Curves Considering the Crop-Specific Phenological Characteristics,P. V. Arun; A. Karnieli,2022,10.1109/jstars.2022.3142395,https://doi.org/10.1109/jstars.2022.3142395,ieee,3,artículo de revista,si,,,
C0114,Augmented Cyclic Consistency Regularization for Unpaired Image-to-Image Translation,T. Ohkawa; N. Inoue; H. Kataoka; N. Inoue,2021,10.1109/icpr48806.2021.9412082,https://doi.org/10.1109/icpr48806.2021.9412082,ieee,3,congreso,no,no satisface los terminos documentados del eje en titulo/resumen (posible desvio de la ejecucion real respecto del protocolo),,
C0115,Augmenting the Proficiencies of GANs Through Modernizing Agriculture and Healthcare,M. Jothi; T. Veeramakali,2025,10.1109/icoei65986.2025.11013056,https://doi.org/10.1109/icoei65986.2025.11013056,ieee,3,congreso,no,no satisface los terminos documentados del eje en titulo/resumen (posible desvio de la ejecucion real respecto del protocolo),,
C0116,Automated Turmeric Leaf Disease Detection using Deep Learning and Ensemble Learning,G. E; S. R; S. S. V; S. M,2026,10.1109/iccnct68477.2026.11590751,https://doi.org/10.1109/iccnct68477.2026.11590751,ieee,3,congreso,no,no satisface los terminos documentados del eje en titulo/resumen (posible desvio de la ejecucion real respecto del protocolo),,
C0117,Automating Fruit Quality Inspection Through Transfer Learning and GANs,P. Nabil; K. Mohamed; A. Atia,2024,10.1109/miucc62295.2024.10783508,https://doi.org/10.1109/miucc62295.2024.10783508,ieee,3,congreso,no,no satisface los terminos documentados del eje en titulo/resumen (posible desvio de la ejecucion real respecto del protocolo),,
C0118,Beyond the Generative Learning Trilemma: Generative Model Assessment in Data Scarcity Domains,M. Salmã; L. Tronchin; R. Sicilia; P. Soda; V. Guarrasi,2026,10.1109/access.2026.3718041,https://doi.org/10.1109/access.2026.3718041,ieee,3,artículo de revista,si,,,
C0119,Biometric Identification using Periocular Images with ViT-DeepSort and YOLOv7-GAN,P. Verma,2024,10.1109/ic3i61595.2024.10829244,https://doi.org/10.1109/ic3i61595.2024.10829244,ieee,3,congreso,no,no satisface los terminos documentados del eje en titulo/resumen (posible desvio de la ejecucion real respecto del protocolo),,
C0120,Biophysical Parameter Estimation Using Earth Observation Data in a Multi-Sensor Data Fusion Approach: CycleGAN,N. Efremova; E. Erten,2021,10.1109/igarss47720.2021.9553561,https://doi.org/10.1109/igarss47720.2021.9553561,ieee,3,congreso,si,,,
C0121,Birds Egg Recognition using Artificial Neural Network,P. Natesan; R. ThamilSelvan; E. Gothai; G. Deepadharshini; T. E. Kavivarrthini; P. NithiShree,2023,10.1109/icscds56580.2023.10104986,https://doi.org/10.1109/icscds56580.2023.10104986,ieee,3,congreso,si,,,
C0122,Can We Grow Data? A Hybrid Pipeline for Synthetic Agricultural Data Generation,N. L. Manjor; R. P. Porfírio; P. A. Santos; R. N. Madeira,2026,10.1109/yef-ece70590.2026.11614611,https://doi.org/10.1109/yef-ece70590.2026.11614611,ieee,3,congreso,si,,,
C0123,Cassava plant disease detection with imbalanced dataset using transfer learning,R. Yadav; M. Pandey; S. K. Sahu,2022,10.1109/aic55036.2022.9848882,https://doi.org/10.1109/aic55036.2022.9848882,ieee,3,congreso,si,,,
C0124,CATS: Contrastive learning for Anomaly detection in Time Series,J. R. Ky; B. Mathieu; A. Lahmadi; R. Boutaba,2024,10.1109/bigdata62323.2024.10825476,https://doi.org/10.1109/bigdata62323.2024.10825476,ieee,3,congreso,no,cribado semantico (titulo+abstract): no aporta directamente a ninguno de los ejes en los que fue hallado,,
C0125,CC-SSL: A Self-Supervised Learning Framework for Crop Classification With Few Labeled Samples,H. Wang; W. Chang; Y. Yao; D. Liu; Y. Zhao; S. Li; Z. Liu; X. Zhang,2022,10.1109/jstars.2022.3211994,https://doi.org/10.1109/jstars.2022.3211994,ieee,3,artículo de revista,si,,,
C0126,Classification and Augmentation of African Fabrics Using Convolutional Neural Network and Generative Adversarial Network Models,O. Adeyokunnu; A. Abayomi-Alli; O. A. Alabi; O. ‘. Arogundade; D. W. Daniel; B. O. Omoyiola,2024,10.1109/nigercon62786.2024.10927147,https://doi.org/10.1109/nigercon62786.2024.10927147,ieee,3,congreso,no,no satisface los terminos documentados del eje en titulo/resumen (posible desvio de la ejecucion real respecto del protocolo),,
C0127,Classification and Detection of Rice Crop Using Deep Learning for Smart Agriculture,Y. Y. S. Elhammamy; G. C. Chung; M. T. Gan; J. J. Tiang; K. V. Teong,2024,10.1109/mecon62796.2024.10776260,https://doi.org/10.1109/mecon62796.2024.10776260,ieee,3,congreso,si,,,
C0128,Classification and Prediction of Pineapple Quality using Deep Learning,Z. Li; Y. -W. Chong; M. N. Ab Wahab; G. -K. Lim; R. Dawood,2023,10.1109/ibdap58581.2023.10271948,https://doi.org/10.1109/ibdap58581.2023.10271948,ieee,3,congreso,no,no satisface los terminos documentados del eje en titulo/resumen (posible desvio de la ejecucion real respecto del protocolo),,
C0129,Classification of Lung Diseases Using Machine Learning Technique,A. Rehman; F. Noor; J. I. Janjua; A. Ihsan; A. Q. Saeed; T. Abbas,2024,10.1109/dasa63652.2024.10836302,https://doi.org/10.1109/dasa63652.2024.10836302,ieee,3,congreso,no,no satisface los terminos documentados del eje en titulo/resumen (posible desvio de la ejecucion real respecto del protocolo),,
C0130,CLCT-GAN: Strong-Weak Contrastive Learning for Reconstructing CT Images from Radiographs,S. Cheng; Y. Hong; Q. Chen; J. Guo; M. Li; Q. Zhang,2024,10.1109/ijcnn60899.2024.10650985,https://doi.org/10.1109/ijcnn60899.2024.10650985,ieee,3,congreso,no,no satisface los terminos documentados del eje en titulo/resumen (posible desvio de la ejecucion real respecto del protocolo),,
C0131,CLECG: A Novel Contrastive Learning Framework for Electrocardiogram Arrhythmia Classification,H. Chen; G. Wang; G. Zhang; P. Zhang; H. Yang,2021,10.1109/lsp.2021.3114119,https://doi.org/10.1109/lsp.2021.3114119,ieee,3,artículo de revista,no,no satisface los terminos documentados del eje en titulo/resumen (posible desvio de la ejecucion real respecto del protocolo),,
C0132,Cloud-Edge Integrated Deep Learning for Medicinal Plant Disease Detection: A Case Study on Tulsi (Basil),M. Parthiban; B. Maram,2025,10.1109/icaiccit68829.2025.11434015,https://doi.org/10.1109/icaiccit68829.2025.11434015,ieee,3,congreso,si,,,
C0133,Cloud Removal in Satellite Images Using a Generative Adversarial Approach,E. Nikolaev; N. Zakharova; V. Zakharov,2025,10.1109/smartindustrycon65166.2025.10986034,https://doi.org/10.1109/smartindustrycon65166.2025.10986034,ieee,3,congreso,no,no satisface los terminos documentados del eje en titulo/resumen (posible desvio de la ejecucion real respecto del protocolo),,
C0134,"CNNs, GANs, and Transformers for Tomato Disease Detection and Classification: A Review",R. Kandadi; D. Nandan,2025,10.1109/icccmla66092.2025.11581264,https://doi.org/10.1109/icccmla66092.2025.11581264,ieee,3,congreso,si,,,
C0135,Comparative Analysis of CNN Models' Accuracy Using Synthetic and Original Datasets for Cotton Leaf Classification,P. S. Bolisetty; L. Y. N A; S. D. Kosuri; P. Sravan; S. V. Sai Karthik; R. C.B,2024,10.1109/aisp61711.2024.10870706,https://doi.org/10.1109/aisp61711.2024.10870706,ieee,3,congreso,no,no satisface los terminos documentados del eje en titulo/resumen (posible desvio de la ejecucion real respecto del protocolo),,
C0136,Comparative Analysis of Data Augmentation Approaches for Blood Pressure Prediction,R. Saraiva; P. Carvalho; J. Henriques; M. Simões,2024,10.1109/embc53108.2024.10781892,https://doi.org/10.1109/embc53108.2024.10781892,ieee,3,congreso,no,cribado semantico (titulo+abstract): no aporta directamente a ninguno de los ejes en los que fue hallado,,
C0137,Comparative Assessment of Deep Learning to Detect the Leaf Diseases of Potato based on Data Augmentation,U. Barman; D. Sahu; G. G. Barman; J. Das,2020,10.1109/compe49325.2020.9200015,https://doi.org/10.1109/compe49325.2020.9200015,ieee,3,congreso,si,,,
C0138,Comparative Performance Analysis of Various Generative Adversarial Network (GANs) for Rice Disease Dataset,B. D. Mazumdar; P. K. Gupta; S. Sharma; G. Singh,2026,10.1109/fet68771.2026.11601481,https://doi.org/10.1109/fet68771.2026.11601481,ieee,3,congreso,si,,,
C0139,Conditional Generative Adversarial Network for Mitigating Skin Diseases Identification Modeling with Limited Data,D. L. Christiono; N. Afny Catur Andryani,2025,10.1109/icoict66265.2025.11192943,https://doi.org/10.1109/icoict66265.2025.11192943,ieee,3,congreso,no,no satisface los terminos documentados del eje en titulo/resumen (posible desvio de la ejecucion real respecto del protocolo),,
C0140,Content‐aware Convolutional VAE for Anime Face Synthesis,L. Kumar; B. Kumar; S. Ahmad; M. A. Ansari; G. Pinheiro,2026,10.1002/9781394403158.ch09,https://doi.org/10.1002/9781394403158.ch09,ieee,3,congreso,no,no satisface los terminos documentados del eje en titulo/resumen (posible desvio de la ejecucion real respecto del protocolo),,
C0141,Cotton Yield Prediction: A Machine Learning Approach With Field and Synthetic Data,A. Mitra; S. Beegum; D. Fleisher; V. R. Reddy; W. Sun; C. Ray; D. Timlin; A. Malakar,2024,10.1109/access.2024.3418139,https://doi.org/10.1109/access.2024.3418139,ieee,3,artículo de revista,si,,,
C0142,Crop Classification in UAV Remote Sensing Images Using Segment Anything Model,G. Xu; Y. Bie; N. Wang; Y. Wang,2025,10.1109/agro-geoinformatics66479.2025.11136613,https://doi.org/10.1109/agro-geoinformatics66479.2025.11136613,ieee,3,congreso,no,no satisface los terminos documentados del eje en titulo/resumen (posible desvio de la ejecucion real respecto del protocolo),,
C0143,Crop Type Classification using Multi-temporal Sentinel-2 Satellite Imagery: A Deep Semantic Segmentation Approach,A. H. Khan; Z. Zafar; M. Shahzad; K. Berns; M. M. Fraz,2023,10.1109/icrai57502.2023.10089586,https://doi.org/10.1109/icrai57502.2023.10089586,ieee,3,congreso,no,cribado semantico (titulo+abstract): no aporta directamente a ninguno de los ejes en los que fue hallado,,
C0144,Crop yield prediction via explainable AI and interpretable machine learning: Dangers of black box models for evaluating climate change impacts on crop yield,Tongxi Hu; Xuesong Zhang; Gil Bohrer; Yanlan Liu; Yuyu Zhou; Jay Martin; Yang Li; Kaiguang Zhao,2023,10.1016/j.agrformet.2023.109458,https://doi.org/10.1016/j.agrformet.2023.109458,scopus,3,artículo de revista,si,,,
C0145,Cross-Attention Based Deep Learning Model for Enhanced Crop Classification Using SAR and Optical Satellite Data Fusion,V. K. Tiwari; R. Chadha; R. Tiwari,2026,10.1109/icisessc68634.2026.11542669,https://doi.org/10.1109/icisessc68634.2026.11542669,ieee,3,congreso,no,cribado semantico (titulo+abstract): no aporta directamente a ninguno de los ejes en los que fue hallado,,
C0146,Cross-Dataset Generalizable Paddy Leaf Disease Detection via ViT–CNN Fusion and Domain-Specific Preprocessing,V. G. V; D. J,2025,10.1109/icerect65215.2025.11375892,https://doi.org/10.1109/icerect65215.2025.11375892,ieee,3,congreso,si,,,
C0147,Cycle-Consistent Generative Adversarial Network Augmented MobileNetV3 for Robust Grape Leaf Disease Classification,S. Aghabalayev; Y. Liu; Y. Tang; R. Ji,2024,10.1109/iccd62811.2024.10843461,https://doi.org/10.1109/iccd62811.2024.10843461,ieee,3,congreso,no,no satisface los terminos documentados del eje en titulo/resumen (posible desvio de la ejecucion real respecto del protocolo),,
C0148,DA-Mamba: A Data Augmentation-Enhanced State Space Model for Fertiliser N2O Prediction in Agricultural IoT Applications,G. Bi; T. Liu; Y. Zhang; Q. Xue; Y. Li; P. Yang,2025,10.1109/indin64977.2025.11279073,https://doi.org/10.1109/indin64977.2025.11279073,ieee,3,congreso,si,,,
C0149,Data Acquisition and Image Augmentation using Adversarial Networks,U. Lathamaheswari; J. Jebathagam,2022,10.1109/icecaa55415.2022.9936265,https://doi.org/10.1109/icecaa55415.2022.9936265,ieee,3,congreso,si,,,
C0150,Data Augmentation for Human Activity Recognition With Generative Adversarial Networks,M. Lupión; F. Cruciani; I. Cleland; C. Nugent; P. M. Ortigosa,2024,10.1109/jbhi.2024.3364910,https://doi.org/10.1109/jbhi.2024.3364910,ieee,3,artículo de revista,si,,,
C0151,Data Augmentation Framework for Improving Image Recognition Using cycleGAN,S. Kim; S. T. Deribe; G. Byun; K. Joo; J. Pyo; T. Kuc; H. Choo,2024,10.1109/imcom60618.2024.10418294,https://doi.org/10.1109/imcom60618.2024.10418294,ieee,3,congreso,no,no satisface los terminos documentados del eje en titulo/resumen (posible desvio de la ejecucion real respecto del protocolo),,
C0152,Data Augmentation on Plant Leaf Disease Image Dataset Using Image Manipulation and Deep Learning Techniques,J. Arun Pandian; G. Geetharamani; B. Annette,2019,10.1109/iacc48062.2019.8971580,https://doi.org/10.1109/iacc48062.2019.8971580,ieee,3,congreso,si,,,
C0153,Data Augmentation Using GANs for Crop/Weed Segmentation in Precision Farming,M. Fawakherji; C. Potena; I. Prevedello; A. Pretto; D. D. Bloisi; D. Nardi,2020,10.1109/ccta41146.2020.9206297,https://doi.org/10.1109/ccta41146.2020.9206297,ieee,3,congreso,si,,,
C0154,Data Augmentation vs. Synthetic Data Generation: An Empirical Evaluation for Enhancing Radiology Image Classification,S. Shetty; A. V.S.; A. Mahale,2023,10.1109/iciis58898.2023.10253599,https://doi.org/10.1109/iciis58898.2023.10253599,ieee,3,congreso,no,"coincidencia de terminos espuria: dominio claramente ajeno a agricultura/cultivos/suelo (ej. imagenologia medica, seguridad de redes) sin anclaje agricola en el titulo",,
C0155,Deep Crash Detection From Vehicular Sensor Data With Multimodal Self-Supervision,L. Kubin; T. Bianconcini; D. C. de Andrade; M. Simoncini; L. Taccari; F. Sambo,2022,10.1109/tits.2021.3114816,https://doi.org/10.1109/tits.2021.3114816,ieee,3,artículo de revista,no,cribado semantico (titulo+abstract): no aporta directamente a ninguno de los ejes en los que fue hallado,,
C0156,Deep Learning Architecture for Land-Cover Satellite Image Classification using Transfer Learning,P. Kulkarni; O. Geet; R. Garg; S. Varma; V. Sawant,2026,10.1109/icnte66387.2026.11437446,https://doi.org/10.1109/icnte66387.2026.11437446,ieee,3,congreso,no,no satisface los terminos documentados del eje en titulo/resumen (posible desvio de la ejecucion real respecto del protocolo),,
C0157,Deep learning classification system for coconut maturity levels based on acoustic signals,J. A. Caladcad; E. Piedad,2024,10.1109/r10-htc59322.2024.10778826,https://doi.org/10.1109/r10-htc59322.2024.10778826,ieee,3,congreso,si,,,
C0158,Deep Learning–Driven Tea Leaf Disease Detection Using Convolutional and Adversarial Networks,N. Bhaskar; S. H. Barshikar; V. K S; K. E. Prakash; A. K P,2026,10.1109/icirca69024.2026.11570371,https://doi.org/10.1109/icirca69024.2026.11570371,ieee,3,congreso,no,no satisface los terminos documentados del eje en titulo/resumen (posible desvio de la ejecucion real respecto del protocolo),,
C0159,Deep Learning for Farmland Assessment and Developing an Automatic Crop Recommendation System Using GCN,A. Srilatha; P. Praveen,2024,10.1109/icicnis64247.2024.10823317,https://doi.org/10.1109/icicnis64247.2024.10823317,ieee,3,congreso,no,no satisface los terminos documentados del eje en titulo/resumen (posible desvio de la ejecucion real respecto del protocolo),,
C0160,Deep Neural Network‐Based Multi‐Class Image Classification for Plant Diseases,A. Negi; K. Kumar; P. Chauhan,2021,10.1002/9781119769231.ch6,https://doi.org/10.1002/9781119769231.ch6,ieee,3,congreso,no,no satisface los terminos documentados del eje en titulo/resumen (posible desvio de la ejecucion real respecto del protocolo),,
C0161,DeepFarm: AI-Driven Management of Farm Production using Explainable Causality,Y. Wang; J. Chandrasekaran; F. Haberkorn; Y. Dong; M. Gopinath; F. A. Batarseh,2022,10.1109/stc55697.2022.00013,https://doi.org/10.1109/stc55697.2022.00013,ieee,3,congreso,no,no satisface los terminos documentados del eje en titulo/resumen (posible desvio de la ejecucion real respecto del protocolo),,
C0162,Deformable Two-Stage Generative Adversarial Network Augmentation for Drosophila Image Recognition in Complex Environments,C. Yin; Y. Li; Y. Jin; X. Gao; Y. Peng,2025,10.1109/mmul.2025.3596592,https://doi.org/10.1109/mmul.2025.3596592,ieee,3,artículo de revista,si,,,
C0163,Detection of Crop Leaf Diseases Using Gl-Cgan Based Data Augmentation,C. Hu; Y. Liu; J. Xiang; Z. Chen,2021,10.1109/icmlc54886.2021.9737251,https://doi.org/10.1109/icmlc54886.2021.9737251,ieee,3,congreso,si,,,
C0164,Detection of Pepper and Tomato leaf diseases using deep learning techniques,B. Tej; F. Nasri; A. Mtibaa,2022,10.1109/ic_aset53395.2022.9765923,https://doi.org/10.1109/ic_aset53395.2022.9765923,ieee,3,congreso,si,,,
C0165,Diffu Vader: Validity-Constrained Discrete Diffusion for Flow-Level NIDS Red Teaming,H. Fard; I. Komarov; G. Wunder,2026,10.1109/cits70307.2026.11637319,https://doi.org/10.1109/cits70307.2026.11637319,ieee,3,congreso,no,no satisface los terminos documentados del eje en titulo/resumen (posible desvio de la ejecucion real respecto del protocolo),,
C0166,DSLS-PET: Unsupervised Deep Generative Simulator for Realistic PET Lesions Synthesis,I. Shiri; A. Sanaat; M. Amini; G. Hajianfar; Z. Mansouri; A. Saberi; Y. Salimi; H. Zaidi,2022,10.1109/nss/mic44845.2022.10399057,https://doi.org/10.1109/nss/mic44845.2022.10399057,ieee,3,congreso,no,"coincidencia de terminos espuria: dominio claramente ajeno a agricultura/cultivos/suelo (ej. imagenologia medica, seguridad de redes) sin anclaje agricola en el titulo",,
C0167,Dynamic Sensor Placement on Graphs Based on Graph Signal Sampling Theory,S. Nomura; J. Hara; H. Higashi; Y. Tanaka,2024,10.1109/apsipaasc63619.2025.10848795,https://doi.org/10.1109/apsipaasc63619.2025.10848795,ieee,3,congreso,no,cribado semantico (titulo+abstract): no aporta directamente a ninguno de los ejes en los que fue hallado,,
C0168,Early Detection of Alzheimer’s Disease Using Deep Learning and MRI: A CNN-Based Approach with Enhanced Data Augmentation,M. A. Ottom; I. M. Alazzam; G. N. Alkufahi; R. Mohawesh; M. Alkhalaileh,2025,10.1109/fllm67465.2025.11390951,https://doi.org/10.1109/fllm67465.2025.11390951,ieee,3,congreso,no,"coincidencia de terminos espuria: dominio claramente ajeno a agricultura/cultivos/suelo (ej. imagenologia medica, seguridad de redes) sin anclaje agricola en el titulo",,
C0169,Early Fusion of Discrete Wavelet Transform Features and Convolutional Neural Networks for Precise Detection of Apple Plant Diseases,G. B. K; D. Nayini; J. Madhavi; M. Sonia; P. Lathar,2025,10.1109/netcrypt65877.2025.11102253,https://doi.org/10.1109/netcrypt65877.2025.11102253,ieee,3,congreso,no,cribado semantico (titulo+abstract): no aporta directamente a ninguno de los ejes en los que fue hallado,,
C0170,Early-Season Crop Classification with Planet Fusion,C. Senaras; P. Holden; T. Davis; A. Wania; A. S. Rana; M. Grady; R. De Jeu,2024,10.1109/igarss53475.2024.10642187,https://doi.org/10.1109/igarss53475.2024.10642187,ieee,3,congreso,no,cribado semantico (titulo+abstract): no aporta directamente a ninguno de los ejes en los que fue hallado,,
C0171,"Effect of Synthetic Data Augmentation on Plant Classification Accuracy Using MobileNetV2, EfficientNet-B0, and ResNet-18",F. B. Pasaribu; L. J. E. Dewi; K. Y. E. Aryanto; P. Varnakovida,2025,10.1109/seai65851.2025.11108883,https://doi.org/10.1109/seai65851.2025.11108883,ieee,3,congreso,si,,,
C0172,Egyart_classify: an approach to classify outpainted Egyptian monuments images using GAN and ResNet,K. Yasser; A. M. Salama; A. Amr; L. E. Yehia; S. Refaat; F. H. Ismail,2022,10.1109/miucc55081.2022.9781780,https://doi.org/10.1109/miucc55081.2022.9781780,ieee,3,congreso,no,no satisface los terminos documentados del eje en titulo/resumen (posible desvio de la ejecucion real respecto del protocolo),,
C0173,EID-GAN: Generative Adversarial Nets for Extremely Imbalanced Data Augmentation,W. Li; J. Chen; J. Cao; C. Ma; J. Wang; X. Cui; P. Chen,2023,10.1109/tii.2022.3182781,https://doi.org/10.1109/tii.2022.3182781,ieee,3,artículo de revista,si,,,
C0174,Enhanced Rice Leaf Diseases Diagnosis Using Deep Learning Model with GAN-Based Synthetic Data Augmentation,S. Jain; R. Kumar; K. Agrawal,2025,10.1109/iccsai64074.2025.11064529,https://doi.org/10.1109/iccsai64074.2025.11064529,ieee,3,congreso,si,,,
C0175,Enhancing Age and Gender Classification through cGAN-based Data Augmentation,C. Tsai; C. H. Lin,2023,10.1109/gcce59613.2023.10315487,https://doi.org/10.1109/gcce59613.2023.10315487,ieee,3,congreso,no,cribado semantico (titulo+abstract): no aporta directamente a ninguno de los ejes en los que fue hallado,,
C0176,Enhancing Brain MRI Images: Using DC GAN And WGAN For Image Augmentation,M. Abdulla; G. T. Reddy; G. M. V. Sai; S. Srihemanth; K. Afnaan; T. Singh; P. Duraisamy,2024,10.1109/icccnt61001.2024.10724924,https://doi.org/10.1109/icccnt61001.2024.10724924,ieee,3,congreso,no,"coincidencia de terminos espuria: dominio claramente ajeno a agricultura/cultivos/suelo (ej. imagenologia medica, seguridad de redes) sin anclaje agricola en el titulo",,
C0177,Enhancing Crop Disease Identification and Management Using Inception V3 Transfer Learning,M. M. Baig; P. Chauhan; R. K. Patel; S. Singh Chouhan; H. Vishwakarma; A. Shukla; D. Kumar,2025,10.1109/rcsm67767.2025.11507538,https://doi.org/10.1109/rcsm67767.2025.11507538,ieee,3,congreso,no,cribado semantico (titulo+abstract): no aporta directamente a ninguno de los ejes en los que fue hallado,,
C0178,Enhancing Disease Severity Classification: Unveiling the Complexity of Sugar Maple Tar Spot with CNN-GAN Framework,Yashu; R. Sharma; M. Kumar; M. Manwal; V. Jain,2024,10.1109/incet61516.2024.10593314,https://doi.org/10.1109/incet61516.2024.10593314,ieee,3,congreso,no,no satisface los terminos documentados del eje en titulo/resumen (posible desvio de la ejecucion real respecto del protocolo),,
C0179,Enhancing Few-Shot Plant Disease Classification with Diffusion Model,J. Huang; Z. Wang; M. Xu; L. Ma; W. Wu; J. Cao,2024,10.1109/cac63892.2024.10864650,https://doi.org/10.1109/cac63892.2024.10864650,ieee,3,congreso,si,,,
C0180,Enhancing Groundnut Leaf Disease and Stress Detection Using GAN-Based Deep Learning Models,P. J; K. Dinakaran,2025,10.1109/iccct63501.2025.11019972,https://doi.org/10.1109/iccct63501.2025.11019972,ieee,3,congreso,no,no satisface los terminos documentados del eje en titulo/resumen (posible desvio de la ejecucion real respecto del protocolo),,
C0181,Enhancing Plant Disease Detection Using Attention-Augmented Residual Networks and Faster Region–Convolutional Networks,K. Sathya; A. Balakrishnan; P. Baskaran; A. Kumar Ramamoorthy,2025,10.1109/access.2025.3551242,https://doi.org/10.1109/access.2025.3551242,ieee,3,artículo de revista,si,,,
C0182,Enhancing Plant Disease Identification through Innovative Image Synthesis: A Study of InstaGAN and Data Augmentation in Agriculture,K. Lee; A. Muhammad; C. Lim; J. Hyeon; D. Han,2023,10.1109/icce-asia59966.2023.10326352,https://doi.org/10.1109/icce-asia59966.2023.10326352,ieee,3,congreso,si,,,
C0183,Enhancing Potato Leaf Disease Detection: A Comparative Study of CNN Architectures with K-means Segmentation and Data Augmentation,R. R. Nair; E. P. M; T. Babu,2024,10.1109/bitcon63716.2024.10985561,https://doi.org/10.1109/bitcon63716.2024.10985561,ieee,3,congreso,si,,,
C0184,Enhancing Strawberry Yield Forecasting With Backcasted IoT Sensor Data and Machine Learning,T. A. Ayall; A. Li; M. Beddows; M. Markovic; G. Leontidis,2026,10.1109/tafe.2026.3702855,https://doi.org/10.1109/tafe.2026.3702855,ieee,3,artículo de revista,si,,,
C0185,Epileptic Seizure Detection from EEG Signals using Autoencoder-based Graph Convolutional Neural Network,F. A. Jibon; F. Hasan Siddiqui,2025,10.1109/ecce64574.2025.11013859,https://doi.org/10.1109/ecce64574.2025.11013859,ieee,3,congreso,no,no satisface los terminos documentados del eje en titulo/resumen (posible desvio de la ejecucion real respecto del protocolo),,
C0186,Evaluating Variational Autoencoders for Synthetic Time Series Data Generation in Agricultural and Energy Applications,A. I. Kafi; A. Sanfilippo; S. A. -H. Shannak,2025,10.1109/isie62713.2025.11124773,https://doi.org/10.1109/isie62713.2025.11124773,ieee,3,congreso,si,,,
C0187,Evaluation of Dental Image Augmentation for the Severity Assessment of Periodontal Disease,Y. Moriyama; C. Lee; S. Date; Y. Kashiwagi; Y. Narukawa; K. Nozaki; S. Murakami,2019,10.1109/csci49370.2019.00176,https://doi.org/10.1109/csci49370.2019.00176,ieee,3,congreso,no,"coincidencia de terminos espuria: dominio claramente ajeno a agricultura/cultivos/suelo (ej. imagenologia medica, seguridad de redes) sin anclaje agricola en el titulo",,
C0188,Explainable Deep Learning Framework for Insider Threat Detection in Enterprise MIS Networks,M. K. Miah; S. Afrin; K. R. Ahmed; A. H. M. M. Ali; K. A. Raihan; N. Sultana,2026,10.1109/qpain69676.2026.11546076,https://doi.org/10.1109/qpain69676.2026.11546076,ieee,3,congreso,no,no satisface los terminos documentados del eje en titulo/resumen (posible desvio de la ejecucion real respecto del protocolo),,
C0189,Exploitation of ARIMA and Annual Variations Model for SAR Interferometry Over Permafrost Scenarios,W. Yu; X. Cheng; M. Jiang,2025,10.1109/jstars.2025.3550748,https://doi.org/10.1109/jstars.2025.3550748,ieee,3,artículo de revista,no,cribado semantico (titulo+abstract): no aporta directamente a ninguno de los ejes en los que fue hallado,,
C0190,Finding the Truth From Uncertain Time Series by Differencing,J. Sun; D. Zhou; B. Jiang,2023,10.1109/ojcs.2023.3326150,https://doi.org/10.1109/ojcs.2023.3326150,ieee,3,artículo de revista,no,cribado semantico (titulo+abstract): no aporta directamente a ninguno de los ejes en los que fue hallado,,
C0191,Finger Vein Spoof GANs: Is Synthesis Using Diffusion or VisionTransformer Superior for Presentation Attack Detector Training?,A. Vorderleitner; A. Uhl,2025,10.1109/dsp65409.2025.11075073,https://doi.org/10.1109/dsp65409.2025.11075073,ieee,3,congreso,no,no satisface los terminos documentados del eje en titulo/resumen (posible desvio de la ejecucion real respecto del protocolo),,
C0192,Forward-Looking Sonar Image Generation and Data Augmentation via Conditionally Controllable Diffusion Model,J. Lin; C. Lan; W. Chen; R. Zhang; Z. Xu,2026,10.1109/oceans66983.2026.11616860,https://doi.org/10.1109/oceans66983.2026.11616860,ieee,3,congreso,no,no satisface los terminos documentados del eje en titulo/resumen (posible desvio de la ejecucion real respecto del protocolo),,
C0193,Fresh Concrete Image Data Set Development Using Data Augmentation Algorithm as Building Concrete Compression Identification Reference,T. Handayani; S. A. Sudiro; R. Andayani; S. Madenda,2022,10.1109/icosnikom56551.2022.10034902,https://doi.org/10.1109/icosnikom56551.2022.10034902,ieee,3,congreso,no,no satisface los terminos documentados del eje en titulo/resumen (posible desvio de la ejecucion real respecto del protocolo),,
C0194,GACNet: Generate Adversarial-Driven Cross-Aware Network for Hyperspectral Wheat Variety Identification,W. Zhang; Z. Li; G. Li; P. Zhuang; G. Hou; Q. Zhang; C. Li,2024,10.1109/tgrs.2023.3347745,https://doi.org/10.1109/tgrs.2023.3347745,ieee,3,artículo de revista,si,,,
C0195,GAN and MobileNet Based Classification of Disease Severity of Septoria Leaf Spot in Tomato Crop,S. Patil; H. Mallika; K. Indira; G. Hegde; S. M R,2024,10.1109/i4c62240.2024.10748520,https://doi.org/10.1109/i4c62240.2024.10748520,ieee,3,congreso,no,no satisface los terminos documentados del eje en titulo/resumen (posible desvio de la ejecucion real respecto del protocolo),,
C0196,GAN based image augmentation for increased CNN performance in Paddy leaf disease classification,S. Lamba; A. Baliyan; V. Kukreja,2022,10.1109/icacite53722.2022.9823799,https://doi.org/10.1109/icacite53722.2022.9823799,ieee,3,congreso,no,no satisface los terminos documentados del eje en titulo/resumen (posible desvio de la ejecucion real respecto del protocolo),,
C0197,GAN-Based Satellite Imaging: A Survey on Techniques and Applications,H. Mansourifar; A. Moskovitz; B. Klingensmith; D. Mintas; S. J. Simske,2022,10.1109/access.2022.3221123,https://doi.org/10.1109/access.2022.3221123,ieee,3,artículo de revista,no,no satisface los terminos documentados del eje en titulo/resumen (posible desvio de la ejecucion real respecto del protocolo),,
C0198,GAN-Enhanced Multiscale Attention Vision Transformer for Robust and Interpretable Cotton Leaf Disease Diagnosis,C. Ooha; S. Thota; M. Jahnavi; K. H. Kowshik,2026,10.1109/ccic68129.2026.11486034,https://doi.org/10.1109/ccic68129.2026.11486034,ieee,3,congreso,no,no satisface los terminos documentados del eje en titulo/resumen (posible desvio de la ejecucion real respecto del protocolo),,
C0199,GAN-Sim-GAN: Generative Data Augmentation for Apple Leaf Disease Classification,S. M. Moosavi; M. Gholipour; Y. Baleghi,2026,10.1109/access.2026.3706432,https://doi.org/10.1109/access.2026.3706432,ieee,3,artículo de revista,si,,,
C0200,GANSet - Generating annnotated datasets using Generative Adversarial Networks,H. Hammouch; S. Mohapatra; M. El-Yacoubi; H. Qin; H. Berbia; P. Mäder; M. Chikhaoui,2022,10.1109/iccsi55536.2022.9970561,https://doi.org/10.1109/iccsi55536.2022.9970561,ieee,3,congreso,no,no satisface los terminos documentados del eje en titulo/resumen (posible desvio de la ejecucion real respecto del protocolo),,
C0201,GANterpolate+: A Unified Framework for Data Reconstruction in Sparse and Heterogeneous Domains,V. Tiwari; K. Agrawal; V. S. Ram Dasari,2026,10.1109/ccwc67433.2026.11393785,https://doi.org/10.1109/ccwc67433.2026.11393785,ieee,3,congreso,no,no satisface los terminos documentados del eje en titulo/resumen (posible desvio de la ejecucion real respecto del protocolo),,
C0202,Gas Source Localization in Outdoor Environment Using Deep Learning and Stationary Sensor Network: Change in the Spacing Between Gas Sensors,G. -J. Zhao; H. Matsukura; H. Ishida,2026,10.1109/isoen68725.2026.11665229,https://doi.org/10.1109/isoen68725.2026.11665229,ieee,3,congreso,no,no satisface los terminos documentados del eje en titulo/resumen (posible desvio de la ejecucion real respecto del protocolo),,
C0203,Gas Source Localization in Outdoor Environment Using Deep Learning: Data Augmentation by Gas Dispersion Simulator,G. -J. Zhao; H. Matsukura; M. Sakaue; T. Haratsu; H. Ishida,2024,10.1109/isoen61239.2024.10556037,https://doi.org/10.1109/isoen61239.2024.10556037,ieee,3,congreso,no,cribado semantico (titulo+abstract): no aporta directamente a ninguno de los ejes en los que fue hallado,,
C0204,GenAI for the Synthesis of Enteric Methane Data,E. Komaclo; T. Gonsalves,2024,10.1109/waie63876.2024.00071,https://doi.org/10.1109/waie63876.2024.00071,ieee,3,congreso,no,no satisface los terminos documentados del eje en titulo/resumen (posible desvio de la ejecucion real respecto del protocolo),,
C0205,Generalize Polyp Segmentation Via Inpainting Across Diverse Backgrounds and Pseudo-Mask Refinement,J. Ma; F. Lu; S. Huang; S. Wu; Z. Li,2024,10.1109/isbi56570.2024.10635889,https://doi.org/10.1109/isbi56570.2024.10635889,ieee,3,congreso,no,no satisface los terminos documentados del eje en titulo/resumen (posible desvio de la ejecucion real respecto del protocolo),,
C0206,Generating synthetic data on agricultural crops with DCGAN,F. B. Pasaribu; L. J. E. Dewi; K. Y. E. Aryanto; K. A. Seputra; P. Varnakovida; N. K. Kertiasih,2024,10.1109/icaicta63815.2024.10763158,https://doi.org/10.1109/icaicta63815.2024.10763158,ieee,3,congreso,si,,,
C0207,Generation of Synthetic Dataset for Electronic Health Record (EHR) and Medical Images,K. V. Arya; S. D,2025,10.1109/iciccs65191.2025.10985621,https://doi.org/10.1109/iciccs65191.2025.10985621,ieee,3,congreso,no,"coincidencia de terminos espuria: dominio claramente ajeno a agricultura/cultivos/suelo (ej. imagenologia medica, seguridad de redes) sin anclaje agricola en el titulo",,
C0208,Generation of Variability in Multivariate Barley Grass Dataset through Latent Space Analysis of Variational Autoencoders,F. W. Wibowo; A. Dahlan; M. Koprawi; Wihayati,2025,10.1109/icsintesa68165.2025.11413796,https://doi.org/10.1109/icsintesa68165.2025.11413796,ieee,3,congreso,si,,,
C0209,Generative Adversarial Network-based Augmented Rice Leaf Disease Detection using Deep Learning,S. T. Y. Ramadan; T. Sakib; M. M. Ul Haque; N. Sharmin; M. M. Rahman,2022,10.1109/iccit57492.2022.10055716,https://doi.org/10.1109/iccit57492.2022.10055716,ieee,3,congreso,si,,,
C0210,Generative Adversarial Networks Based Approach for Data Augmentation in Mango Leaf Disease Detection System,A. Sharma; H. Kaur; D. Prashar,2023,10.1109/csnt57126.2023.10134707,https://doi.org/10.1109/csnt57126.2023.10134707,ieee,3,congreso,si,,,
C0211,Generative Adversarial Networks based Data Augmentation for Paddy Disease Detection using Support Vector Machine,S. Lamba; A. Baliyan; V. Kukreja,2022,10.1109/icrito56286.2022.9964506,https://doi.org/10.1109/icrito56286.2022.9964506,ieee,3,congreso,no,no satisface los terminos documentados del eje en titulo/resumen (posible desvio de la ejecucion real respecto del protocolo),,
C0212,Generative Adversarial Networks for Transaction Anomaly Detection: A Synthetic Data Approach,M. Hasan; K. N. Hasan; F. S. Tamim; M. S. Arefin; A. W. Reza,2025,10.1109/qpain66474.2025.11172003,https://doi.org/10.1109/qpain66474.2025.11172003,ieee,3,congreso,no,no satisface los terminos documentados del eje en titulo/resumen (posible desvio de la ejecucion real respecto del protocolo),,
C0213,Generative Adversarial Networks (GANs) for Crop Simulation and Enhancement: Exploring Synthetic Data for Agricultural Research,K. R. Ahmed; S. I. Chowdhury; S. T. Chowdhury,2026,10.1109/qpain69676.2026.11546197,https://doi.org/10.1109/qpain69676.2026.11546197,ieee,3,congreso,si,,,
C0214,Generative Adversarial Networks (GANs) for Image Augmentation in Farming: A Review,Z. U. Rahman; M. S. M. Asaari; H. Ibrahim; I. S. Z. Abidin; M. K. Ishak,2024,10.1109/access.2024.3505989,https://doi.org/10.1109/access.2024.3505989,ieee,3,artículo de revista,si,,,
C0215,Generative AI Assisted Embedded Vision Framework for Enhanced Grain Quality and Moisture Assessment,R. Sharma; C. Singh; S. Sharma; N. Kaur; P. Kaur,2026,10.1109/evst69093.2026.11660526,https://doi.org/10.1109/evst69093.2026.11660526,ieee,3,congreso,no,no satisface los terminos documentados del eje en titulo/resumen (posible desvio de la ejecucion real respecto del protocolo),,
C0216,Generative and Explainable AI for Sustainable Agriculture and Public Health,R. Suryodai; D. N. Reddy,2025,10.1109/i-smac65734.2025.11597857,https://doi.org/10.1109/i-smac65734.2025.11597857,ieee,3,congreso,si,,,
C0217,Generative Design of Analog Circuits Under Limited Data via cVAE Manifold Modeling,H. Taşkιran; E. Afacan,2026,10.1109/smacd70206.2026.11647841,https://doi.org/10.1109/smacd70206.2026.11647841,ieee,3,congreso,no,no satisface los terminos documentados del eje en titulo/resumen (posible desvio de la ejecucion real respecto del protocolo),,
C0218,Generative Modeling Techniques for Simulating Rare Agricultural Events on Prediction of Wheat Yield Production,Y. Dhumale; G. Bamnote; R. Kale; G. Sawale; A. Chaudhari; R. Karwa,2024,10.1109/idicaiei61867.2024.10842716,https://doi.org/10.1109/idicaiei61867.2024.10842716,ieee,3,congreso,si,,,
C0219,Geospatial Time Machine: A Generative Model to Enhance Spectral–Temporal Data Resolution,F. A. Lopes; V. Sagan; S. Sarkar; A. Stylianou; F. Esposito,2025,10.1109/tgrs.2025.3552629,https://doi.org/10.1109/tgrs.2025.3552629,ieee,3,artículo de revista,si,,,
C0220,GT&I GAN: A Generative Adversarial Network for Data Augmentation in Regression and Segmentation Tasks,H. Hammouch; S. Mohapatra; M. El-Yacoubi; H. Qin; H. Berbia,2024,10.1109/hsi61632.2024.10613542,https://doi.org/10.1109/hsi61632.2024.10613542,ieee,3,congreso,no,no satisface los terminos documentados del eje en titulo/resumen (posible desvio de la ejecucion real respecto del protocolo),,
C0221,Handling of Class Imbalance for Plant Disease Classification with Variants of GANs,B. Talukdar,2020,10.1109/iciis51140.2020.9342728,https://doi.org/10.1109/iciis51140.2020.9342728,ieee,3,congreso,si,,,
C0222,HSTNet: Hybrid Supervision-Driven Two-Stream Collaborative Network for Hyperspectral Wheat Variety Classification,L. Zhou; S. Cui; Q. Zhang; W. Zhao; Z. Liang; W. Zhang,2025,10.1109/tgrs.2025.3642791,https://doi.org/10.1109/tgrs.2025.3642791,ieee,3,artículo de revista,si,,,
C0223,Hybrid GAN-Augmented Machine Learning for Crop Yield Prediction in Smart Agriculture,S. Sriram; D. S. Kumar; P. Kumar,2025,10.1109/icidca66325.2025.11280535,https://doi.org/10.1109/icidca66325.2025.11280535,ieee,3,congreso,si,,,
C0224,Hybrid GAN–Diffusion and Lesion-Aware Generative Models for Crop Disease Classification in Precision Agriculture,P. M. G. Jegathambal; J. Madhavan; K. M. Monica; B. Gayathri; Z. Justin; D. Simon,2025,10.1109/emergin67762.2025.11450654,https://doi.org/10.1109/emergin67762.2025.11450654,ieee,3,congreso,no,no satisface los terminos documentados del eje en titulo/resumen (posible desvio de la ejecucion real respecto del protocolo),,
C0225,Hyperspectral Imaging and Advanced Vision Transformers for Identifying Pure and Pesticide-Coated Apples,A. Shafique; M. Siraj; B. Cheng; S. A. Alsaif; T. Sadad,2025,10.1109/access.2025.3559945,https://doi.org/10.1109/access.2025.3559945,ieee,3,artículo de revista,si,,,
C0226,ICGAN-CRSI: Integrating Conditional Generative Adversarial Networks for Efficient Classification of Remote Sensing Satellite Images,N. E. ElDien; S. M. Youssef; M. A. ElShenawy,2025,10.1109/icmisi65108.2025.11115249,https://doi.org/10.1109/icmisi65108.2025.11115249,ieee,3,congreso,si,,,
C0227,ICIP 2025 COMPETITION ON BEYOND VISIBLE SPECTRUM: AI FOR AGRICULTURE,Liangxiu Han; Wenjiang Huang; Xin Zhang; Yue Shi; Yingying Dong; Tam Sobeih,2025,10.1109/icipw68931.2025.11386379,https://doi.org/10.1109/icipw68931.2025.11386379,scopus,3,congreso,si,,,
C0228,Image augmentation using GAN models in Computer Vision,M. John; S. Santhanalakshmi,2021,10.1109/icosec51865.2021.9591692,https://doi.org/10.1109/icosec51865.2021.9591692,ieee,3,congreso,si,,,
C0229,Image Data Augmentation techniques for Deep Learning -A Mirror Review,D. Saini; R. Malik,2021,10.1109/icrito51393.2021.9596262,https://doi.org/10.1109/icrito51393.2021.9596262,ieee,3,congreso,no,no satisface los terminos documentados del eje en titulo/resumen (posible desvio de la ejecucion real respecto del protocolo),,
C0230,Image-to-image Translation for Enlargement of Aircraft Skin Defect Datasets,A. N. Kasule; M. Ding; Y. Xu; J. Xu,2023,10.1109/iccasit58768.2023.10351722,https://doi.org/10.1109/iccasit58768.2023.10351722,ieee,3,congreso,no,no satisface los terminos documentados del eje en titulo/resumen (posible desvio de la ejecucion real respecto del protocolo),,
C0231,Impact of Forest Disturbance on InSAR Surface Displacement Time Series,P. M. Bürgi; R. B. Lohman,2021,10.1109/tgrs.2020.2992938,https://doi.org/10.1109/tgrs.2020.2992938,ieee,3,artículo de revista,no,cribado semantico (titulo+abstract): no aporta directamente a ninguno de los ejes en los que fue hallado,,
C0232,Implementation of Transfer Learning Model for Improved Performance in Plant Leaf Disease Detection,J. P. Prasad; V. C. Jadala; R. U. Rani,2025,10.1109/icaaic64647.2025.11330344,https://doi.org/10.1109/icaaic64647.2025.11330344,ieee,3,congreso,si,,,
C0233,Improve L2-normalized Softmax with Exponential Moving Average,X. Zhe; L. Ou-Yang; H. Yan,2019,10.1109/ijcnn.2019.8851850,https://doi.org/10.1109/ijcnn.2019.8851850,ieee,3,congreso,no,no satisface los terminos documentados del eje en titulo/resumen (posible desvio de la ejecucion real respecto del protocolo),,
C0234,Improvement of Urinary Stone Segmentation Using GAN-Based Urinary Stones Inpainting Augmentation,W. Preedanan; K. Suzuki; T. Kondo; M. Kobayashi; H. Tanaka; J. Ishioka; Y. Matsuoka; Y. Fujii; I. Kumazawa,2022,10.1109/access.2022.3218444,https://doi.org/10.1109/access.2022.3218444,ieee,3,artículo de revista,no,no satisface los terminos documentados del eje en titulo/resumen (posible desvio de la ejecucion real respecto del protocolo),,
C0235,Improving Deep Learning-based Cardiac Abnormality Detection in 12-Lead ECG with Data Augmentation,J. Qiu; M. P. Oppelt; M. Nissen; L. Anneken; K. Breininger; B. Eskofier,2022,10.1109/embc48229.2022.9871969,https://doi.org/10.1109/embc48229.2022.9871969,ieee,3,congreso,no,cribado semantico (titulo+abstract): no aporta directamente a ninguno de los ejes en los que fue hallado,,
C0236,Improving Financial Security: A Hybrid AI-Based Credit Card Fraud Detection Framework,K. R. Ahmed; A. Rohan; S. A. Mitu; S. Akther; M. Rahaman; U. Chakraborty; M. I. H. Rial,2025,10.1109/conit65521.2025.11167292,https://doi.org/10.1109/conit65521.2025.11167292,ieee,3,congreso,no,no satisface los terminos documentados del eje en titulo/resumen (posible desvio de la ejecucion real respecto del protocolo),,
C0237,Instance-Level Image Translation With a Local Discriminator,M. Xu; J. Lee; A. Fuentes; D. S. Park; J. Yang; S. Yoon,2021,10.1109/access.2021.3102263,https://doi.org/10.1109/access.2021.3102263,ieee,3,artículo de revista,no,no satisface los terminos documentados del eje en titulo/resumen (posible desvio de la ejecucion real respecto del protocolo),,
C0238,"Integrated Data Augmentation for Accelerometer Time Series in Behavior Recognition: Roles of Sampling, Balancing, and Fourier Surrogates",C. Li; L. Minati; K. K. Tokgoz; M. Fukawa; J. Bartels; A. Sihan; K. -I. Takeda; H. Ito,2022,10.1109/jsen.2022.3219594,https://doi.org/10.1109/jsen.2022.3219594,ieee,3,artículo de revista,si,,,
C0239,Integrating Multi-Scenario Preprocessing and Data Augmentation with BiLSTM for Robust Agricultural Weather Forecasting,V. N. Wijayaningrum; V. A. H. Firdaus; M. Hani’Ah; Noprianto; A. N. Pramudhita; R. Wakhidah,2025,10.1109/icaitech66481.2025.11387243,https://doi.org/10.1109/icaitech66481.2025.11387243,ieee,3,congreso,si,,,
C0240,Intelligent Cotton Yield Prediction Using Hybrid Random Forest–LSTM Model with Synthetic Data Augmentation,N. V. S. Natteshan; G. S. Sai; K. V. Krishna,2026,10.1109/wccst67302.2026.11495991,https://doi.org/10.1109/wccst67302.2026.11495991,ieee,3,congreso,si,,,
C0241,Interactive AI Training Agent for Tomato Farmers: A GenAI and LLM driven Approach to Agriculture 4.0,G. S; P. T. C.,2025,10.1109/icecit67774.2025.11451172,https://doi.org/10.1109/icecit67774.2025.11451172,ieee,3,congreso,no,no satisface los terminos documentados del eje en titulo/resumen (posible desvio de la ejecucion real respecto del protocolo),,
C0242,Interactive Translation in Echocardiography Training System With Enhanced Cycle-GAN,L. Teng; Z. Fu; Y. Yao,2020,10.1109/access.2020.3000666,https://doi.org/10.1109/access.2020.3000666,ieee,3,artículo de revista,no,no satisface los terminos documentados del eje en titulo/resumen (posible desvio de la ejecucion real respecto del protocolo),,
C0243,Interpretable Cotton Leaf Diagnosis via GAN-Enhanced MA-ViT,C. Ooha; T. S. Raja Rajeswari; M. Jahnavi; K. H. Kowshik,2026,10.1109/conit69683.2026.11621334,https://doi.org/10.1109/conit69683.2026.11621334,ieee,3,congreso,si,,,
C0244,Joint Learning for Feature Reconstruction and Prediction in Agricultural Semantic Segmentation From Incomplete Satellite Image Time Series,Y. Wang; M. Belgiu; H. Wu; D. Zhong; Y. Cao; H. Li; C. Tao,2026,10.1109/tgrs.2025.3649017,https://doi.org/10.1109/tgrs.2025.3649017,ieee,3,artículo de revista,si,,,
C0245,KrishiAI - An IoT and Machine Learning based Mobile Application for Farmers,S. V. Chavan; D. Manoj Gopalani; R. R. Heda; R. Gopal Israni; R. B. Sethiya,2020,10.1109/iciccs48265.2020.9120952,https://doi.org/10.1109/iciccs48265.2020.9120952,ieee,3,congreso,no,cribado semantico (titulo+abstract): no aporta directamente a ninguno de los ejes en los que fue hallado,,
C0246,Large-Scale Crop Mapping Based on Multisource Remote Sensing Intelligent Interpretation: A Spatiotemporal Data Cubes Approach,J. Sun; X. Yao; S. Yan; Q. Xiong; G. Li; J. Huang,2024,10.1109/jstars.2024.3428627,https://doi.org/10.1109/jstars.2024.3428627,ieee,3,artículo de revista,no,no satisface los terminos documentados del eje en titulo/resumen (posible desvio de la ejecucion real respecto del protocolo),,
C0247,Leaf Blight Disease Detection in Solanaceous Crops Using Generative Adversarial Networks,S. Dutta; S. G. Neogi; V. Chole,2025,10.1109/icrito66076.2025.11241495,https://doi.org/10.1109/icrito66076.2025.11241495,ieee,3,congreso,no,no satisface los terminos documentados del eje en titulo/resumen (posible desvio de la ejecucion real respecto del protocolo),,
C0248,Learning From Paired and Unpaired Data: Alternately Trained CycleGAN for Near Infrared Image Colorization,Z. Yang; Z. Chen,2020,10.1109/vcip49819.2020.9301791,https://doi.org/10.1109/vcip49819.2020.9301791,ieee,3,congreso,no,cribado semantico (titulo+abstract): no aporta directamente a ninguno de los ejes en los que fue hallado,,
C0249,Learning Graphs with Multiple Temporal Resolutions,K. Yamada; Y. Tanaka,2020,,https://ieeexplore.ieee.org/stamp/stamp.jsp?arnumber=9306233,ieee,3,congreso,no,cribado semantico (titulo+abstract): no aporta directamente a ninguno de los ejes en los que fue hallado,,
C0250,Leveraging Generative AI for Accurate Crop Disease Detection,L. Deepak; N. H D; P. K J; S. A; H. S. Jayanna,2025,10.1109/icsses64899.2025.11009749,https://doi.org/10.1109/icsses64899.2025.11009749,ieee,3,congreso,si,,,
C0251,LiquidGAN: Integrating Liquid Neural Networks and Neural ODEs for High-Fidelity Thermal Image Synthesis Under Data Scarcity,S. Sarath; J. J. Nair,2025,10.1109/access.2025.3612038,https://doi.org/10.1109/access.2025.3612038,ieee,3,artículo de revista,no,cribado semantico (titulo+abstract): no aporta directamente a ninguno de los ejes en los que fue hallado,,
C0252,LLM-Enhanced Multimodal Perception Data Fusion and Cascaded Augmentation for Crop Growth Monitoring Based on UAV Remote Sensing,X. Liang; R. Jing; Y. Yong; X. Yuan; G. Feng; L. Zhang; Z. Fu,2026,10.1109/jstars.2026.3697902,https://doi.org/10.1109/jstars.2026.3697902,ieee,3,artículo de revista,no,no satisface los terminos documentados del eje en titulo/resumen (posible desvio de la ejecucion real respecto del protocolo),,
C0253,Machine Learning-Driven Optimization of Plant Growth Through Dynamic Climate Regulation,K. P. Mayuri; S. Kathavate,2025,10.1109/conit65521.2025.11166909,https://doi.org/10.1109/conit65521.2025.11166909,ieee,3,congreso,si,,,
C0254,Maize Growth and Condition Monitoring with Multisensor Remotely Sensed Time Series,G. Ghazaryan; O. Dubovyk; J. Schreier; V. Graw; J. Schellberg,2019,10.1109/igarss.2019.8898224,https://doi.org/10.1109/igarss.2019.8898224,ieee,3,congreso,si,,,
C0255,Mandarin Orange Anomaly Detection with Cycle-GAN,K. Noguchi; Y. Takemura; M. Tominaga; K. Ishii,2024,10.1109/sii58957.2024.10417370,https://doi.org/10.1109/sii58957.2024.10417370,ieee,3,congreso,no,no satisface los terminos documentados del eje en titulo/resumen (posible desvio de la ejecucion real respecto del protocolo),,
C0256,Max Fusing Gated Recurrent Units and Ensemble Classifier for Intelligent Acoustic Classification,C. S. Chin; S. See,2022,10.1109/icis54925.2022.9882508,https://doi.org/10.1109/icis54925.2022.9882508,ieee,3,congreso,no,no satisface los terminos documentados del eje en titulo/resumen (posible desvio de la ejecucion real respecto del protocolo),,
C0257,Medical Image Generation Techniques for Data Augmentation: Disc-VAE versus GAN,K. Rais; M. Amroune; M. Y. Haouam,2024,10.1109/pais62114.2024.10541221,https://doi.org/10.1109/pais62114.2024.10541221,ieee,3,congreso,no,"coincidencia de terminos espuria: dominio claramente ajeno a agricultura/cultivos/suelo (ej. imagenologia medica, seguridad de redes) sin anclaje agricola en el titulo",,
C0258,Minimization of Food Waste in Retail Sector using Time-Series Analysis and Object Detection Algorithm,H. Agarwal; B. Ahir; P. Bide; S. Jain; H. Barot,2020,10.1109/incet49848.2020.9154156,https://doi.org/10.1109/incet49848.2020.9154156,ieee,3,congreso,no,no satisface los terminos documentados del eje en titulo/resumen (posible desvio de la ejecucion real respecto del protocolo),,
C0259,Model Selection of Hybrid Feature Fusion for Coffee Leaf Disease Classification,M. Faisal; J. -S. Leu; J. T. Darmawan,2023,10.1109/access.2023.3286935,https://doi.org/10.1109/access.2023.3286935,ieee,3,artículo de revista,no,no satisface los terminos documentados del eje en titulo/resumen (posible desvio de la ejecucion real respecto del protocolo),,
C0260,"Monitoring of Banana Ripening Process and Identification of Banana type using FRCNN, LSTM, And Color Segmentation",R. D. C. Magno; P. J. S. Bersamen; L. D. Valiente,2022,10.1109/hnicem57413.2022.10109517,https://doi.org/10.1109/hnicem57413.2022.10109517,ieee,3,congreso,no,no satisface los terminos documentados del eje en titulo/resumen (posible desvio de la ejecucion real respecto del protocolo),,
C0261,MORL: A Multi-Objective Representation Learning Modeling for Time Series Forecasting,J. Zhai; Z. Kan,2025,10.1109/icsp65755.2025.11086755,https://doi.org/10.1109/icsp65755.2025.11086755,ieee,3,congreso,no,cribado semantico (titulo+abstract): no aporta directamente a ninguno de los ejes en los que fue hallado,,
C0262,MPFormer: Multipatch Transformer for Multivariate Time-Series Anomaly Detection With Contrastive Learning,S. Ma; J. Nie; S. Guan; Z. He; M. Gao,2024,10.1109/jiot.2024.3443910,https://doi.org/10.1109/jiot.2024.3443910,ieee,3,artículo de revista,no,cribado semantico (titulo+abstract): no aporta directamente a ninguno de los ejes en los que fue hallado,,
C0263,Multi-Patch Blending improves lung cancer growth pattern segmentation in whole-slide images,Z. Swiderska-Chadaj; E. Stoelinga; A. Gertych; F. Ciompi,2020,10.1109/cpee50798.2020.9238710,https://doi.org/10.1109/cpee50798.2020.9238710,ieee,3,congreso,no,"coincidencia de terminos espuria: dominio claramente ajeno a agricultura/cultivos/suelo (ej. imagenologia medica, seguridad de redes) sin anclaje agricola en el titulo",,
C0264,Multiview Graph Contrastive Learning for Multivariate Time-Series Anomaly Detection in IoT,S. Qin; L. Chen; Y. Luo; G. Tao,2023,10.1109/jiot.2023.3303946,https://doi.org/10.1109/jiot.2023.3303946,ieee,3,artículo de revista,no,cribado semantico (titulo+abstract): no aporta directamente a ninguno de los ejes en los que fue hallado,,
C0265,On Crop Growth and InSAR Closure Phases,Y. Yuan; M. Kleinherenbrink; P. López-Dekker,2024,10.1109/tgrs.2024.3432396,https://doi.org/10.1109/tgrs.2024.3432396,ieee,3,artículo de revista,no,cribado semantico (titulo+abstract): no aporta directamente a ninguno de los ejes en los que fue hallado,,
C0266,Online Estimation of Table-Top Grown Strawberry Mass in Field Conditions with Occlusions,J. Zhen; Y. Ge; T. Zhu; H. Zhao; Y. Xiong,2025,10.1109/iros60139.2025.11247282,https://doi.org/10.1109/iros60139.2025.11247282,ieee,3,congreso,no,no satisface los terminos documentados del eje en titulo/resumen (posible desvio de la ejecucion real respecto del protocolo),,
C0267,Partitioning Image Representation in Contrastive Learning,H. Lee; H. Choi,2022,10.1109/icpr56361.2022.9956173,https://doi.org/10.1109/icpr56361.2022.9956173,ieee,3,congreso,no,no satisface los terminos documentados del eje en titulo/resumen (posible desvio de la ejecucion real respecto del protocolo),,
C0268,Patch-Based Time-Series Anomaly Detection with Cross-Variable Attention,J. Son; S. Song; J. -G. Baek,2024,10.1109/icaiic60209.2024.10463377,https://doi.org/10.1109/icaiic60209.2024.10463377,ieee,3,congreso,no,no satisface los terminos documentados del eje en titulo/resumen (posible desvio de la ejecucion real respecto del protocolo),,
C0269,Pearl Millet Disease Detection with Transfer Learning and cGAN-Driven Data Augmentation,M. A S; X. A. Mary; K. Raimond; I. Johnson,2025,10.1109/icpcsn65854.2025.11034839,https://doi.org/10.1109/icpcsn65854.2025.11034839,ieee,3,congreso,no,no satisface los terminos documentados del eje en titulo/resumen (posible desvio de la ejecucion real respecto del protocolo),,
C0270,"Performance Analysis of Deep Learning Models - CNN, Alexnet, GAN and Transformer with Optimizers for Plant Disease Classification",M. Kavitha; Y. K. Sharma; S. Shevkari; S. A. Londhe; A. Aggarwal; H. Garlapati,2026,10.23919/indiacom70271.2026.11525433,https://doi.org/10.23919/indiacom70271.2026.11525433,ieee,3,congreso,no,no satisface los terminos documentados del eje en titulo/resumen (posible desvio de la ejecucion real respecto del protocolo),,
C0271,Perspective and Attribute-Based Self-Supervised Conditional GAN for Few-Shot Bolt Defect Image Generation and Classification,K. Zhang; Y. Xiao; J. Wang; X. Sheng; Z. Zheng; C. Shi; Z. Zhao,2026,10.1109/tpwrd.2025.3625169,https://doi.org/10.1109/tpwrd.2025.3625169,ieee,3,artículo de revista,no,no satisface los terminos documentados del eje en titulo/resumen (posible desvio de la ejecucion real respecto del protocolo),,
C0272,PhytoSynth: Leveraging Multi-modal Generative Models for Crop Disease Data Generation with Novel Benchmarking and Prompt Engineering Approach,N. Rai; A. W. Schumann; N. Boyd,2025,10.1109/cvprw67362.2025.00534,https://doi.org/10.1109/cvprw67362.2025.00534,ieee,3,congreso,si,,,
C0273,Pixel Perfection: Enhancing Super-Resolution of Satellite Images using Generative Adversarial Networks,S. Marwaha,2026,10.23919/indiacom70271.2026.11525817,https://doi.org/10.23919/indiacom70271.2026.11525817,ieee,3,congreso,si,,,
C0274,Plant Disease Detection using Image Processing and Generative Adversarial Network,Y. Teresha; N. J. Shaji; M. Jarial; V. V. Mirjankar; S. Patil,2025,10.1109/csnt64827.2025.10968449,https://doi.org/10.1109/csnt64827.2025.10968449,ieee,3,congreso,no,no satisface los terminos documentados del eje en titulo/resumen (posible desvio de la ejecucion real respecto del protocolo),,
C0275,PLANTED: A Dataset for Planted Forest Identification from Multi-Satellite Time Series,L. M. Pazos-Outón; C. N. Vasconcelos; A. Raichuk; A. Arnab; D. Morris; M. Neumann,2024,10.1109/igarss53475.2024.10641578,https://doi.org/10.1109/igarss53475.2024.10641578,ieee,3,congreso,si,,,
C0276,PlantPlotGAN: A Physics-Informed Generative Adversarial Network for Plant Disease Prediction,F. A. Lopes; V. Sagan; F. Esposito,2024,10.1109/wacv57701.2024.00691,https://doi.org/10.1109/wacv57701.2024.00691,ieee,3,congreso,no,no satisface los terminos documentados del eje en titulo/resumen (posible desvio de la ejecucion real respecto del protocolo),,
C0277,"PotatoGANs: Utilizing Generative Adversarial Networks, Instance Segmentation, and Explainable AI for Enhanced Potato Disease Identification and Classification",F. T. J. Faria; M. B. Moin; M. S. Alam; A. A. Wase; M. R. Sani; K. M. Hasib,2025,10.1109/i-coste68047.2025.11467375,https://doi.org/10.1109/i-coste68047.2025.11467375,ieee,3,congreso,si,,,
C0278,Practical Self-Supervised Contrastive Driver Maneuver Interaction Learning via Augmenting Inertial Measurement Unit Signals,Y. Deng; S. He; H. Wang,2024,10.1109/swc62898.2024.00154,https://doi.org/10.1109/swc62898.2024.00154,ieee,3,congreso,no,cribado semantico (titulo+abstract): no aporta directamente a ninguno de los ejes en los que fue hallado,,
C0279,Prediction Analysis of Greeting Gestures based on Data Augmentation and LSTM,A. W. Wibow; E. Sato-Shimokawara; Kurnianingsih,2024,10.1109/icmlc63072.2024.10935279,https://doi.org/10.1109/icmlc63072.2024.10935279,ieee,3,congreso,no,cribado semantico (titulo+abstract): no aporta directamente a ninguno de los ejes en los que fue hallado,,
C0280,Predictive Analytics for Enhancing Crop Yield using Generative Adversarial Networks and its Challenges,U. Bharambe; C. Kakade; C. Narvekar,2024,10.1109/ingarss61818.2024.10984042,https://doi.org/10.1109/ingarss61818.2024.10984042,ieee,3,congreso,si,,,
C0281,Preliminary Results on the Generation of Artificial Handwriting Data Using a Decomposition-Recombination Strategy,J. F. Adrán Otero; O. Soláns Caballer; P. Marti-Puig; Z. Sun; T. Tanaka; J. Solé-Casals,2022,10.1109/icassp43922.2022.9747658,https://doi.org/10.1109/icassp43922.2022.9747658,ieee,3,congreso,no,cribado semantico (titulo+abstract): no aporta directamente a ninguno de los ejes en los que fue hallado,,
C0282,Prithvi-EO-2.0: A Versatile Multitemporal Foundation Model for Earth Observation Applications,D. Szwarcman; S. Roy; P. Fraccaro; Þ. E. Gíslason; B. Blumenstiel; R. Ghosal; P. H. de Oliveira; J. L. de Sousa Almeida; R. Sedona; Y. Kang; S. Chakraborty; S. Wang; C. Gomes; A. Kumar; V. Gaur; M. Truong; D. Godwin; S. Khallaghi; H. Lee; C. -Y. Hsu; A. A. Asanjan; B. Mujeci; D. Shidham; R. O. Balogun; V. Kolluru; T. Keenan; P. Arevalo; W. Li; H. Alemohammad; P. Olofsson; T. Mayer; C. Hain; R. Kennedy; B. Zadrozny; D. Bell; G. Cavallaro; C. Watson; M. Maskey; R. Ramachandran; J. B. Moreno,2026,10.1109/tgrs.2025.3642610,https://doi.org/10.1109/tgrs.2025.3642610,ieee,3,artículo de revista,no,no satisface los terminos documentados del eje en titulo/resumen (posible desvio de la ejecucion real respecto del protocolo),,
C0283,Privacy-Preserving Data Sharing in Agriculture: Enforcing Policy Rules for Secure and Confidential Data Synthesis,A. Kotal; L. Elluri; D. Gupta; V. Mandalapu; A. Joshi,2023,10.1109/bigdata59044.2023.10386276,https://doi.org/10.1109/bigdata59044.2023.10386276,ieee,3,congreso,si,,,
C0284,Prototype Augmentation with Dummy Samples,H. Yu; F. Li,2022,10.1109/icpr56361.2022.9956566,https://doi.org/10.1109/icpr56361.2022.9956566,ieee,3,congreso,no,cribado semantico (titulo+abstract): no aporta directamente a ninguno de los ejes en los que fue hallado,,
C0285,"RacPixGAN: An Enhanced Sketch-to-Face Synthesis GAN Based on Residual modules, Multi-Head Self-Attention Mechanisms, and CLIP Loss",Y. Wang; Y. Xie; X. Ji; Z. Liu; X. Liu,2023,10.1109/icecai58670.2023.10176715,https://doi.org/10.1109/icecai58670.2023.10176715,ieee,3,congreso,no,no satisface los terminos documentados del eje en titulo/resumen (posible desvio de la ejecucion real respecto del protocolo),,
C0286,Random Pixel Selection through Image Cropping for Data Augmentation and Classification,B. Nouara; M. Bilal,2022,10.1109/isnib57382.2022.10076253,https://doi.org/10.1109/isnib57382.2022.10076253,ieee,3,congreso,no,cribado semantico (titulo+abstract): no aporta directamente a ninguno de los ejes en los que fue hallado,,
C0287,Real-Time Plant Disease Identification: Fusion of Vision Transformer and Conditional Convolutional Network With C3GAN-Based Data Augmentation,P. S. Thakur; S. Chaturvedi; P. Khanna; T. Sheorey; A. Ojha,2024,10.1109/tafe.2024.3447792,https://doi.org/10.1109/tafe.2024.3447792,ieee,3,artículo de revista,si,,,
C0288,Real vs Synthetic: Evaluating Dcgan Augmentation for Rice Leaf Disease Classification,F. Umaiza; G. N. D; D. BV; A. S. Omeez; C. Vasavi; S. K. S,2025,10.1109/iconscept66142.2025.11436563,https://doi.org/10.1109/iconscept66142.2025.11436563,ieee,3,congreso,si,,,
C0289,Reconstruction of Airborne Radargrams Using a Generative Adversarial Network Trained on Synthetic Data,M. Li; G. P. Redding; P. Delmas; M. Fukuoka; S. T. McColl; S. L. Moan; D. Parker,2025,10.1109/iwagpr65621.2025.11108996,https://doi.org/10.1109/iwagpr65621.2025.11108996,ieee,3,congreso,no,no satisface los terminos documentados del eje en titulo/resumen (posible desvio de la ejecucion real respecto del protocolo),,
C0290,Recurrent Neural Networks for Forecasting Rice Sheath Blight Incidence from Meteorological Data,S. V. K; R. Satheesh Kumar,2026,10.1109/icpcsn68523.2026.11543657,https://doi.org/10.1109/icpcsn68523.2026.11543657,ieee,3,congreso,si,,,
C0291,Redefining Disease Assessment in Raspberries: A Hybrid GAN-SVM Model for Detailed Intensity Measurement,D. Arora; D. Sharma; A. Sharma; P. Goyal,2024,10.1109/icuis64676.2024.10866347,https://doi.org/10.1109/icuis64676.2024.10866347,ieee,3,congreso,si,,,
C0292,Remote Sensing Image Synthesis via Semantic Embedding Generative Adversarial Networks,C. Wang; B. Chen; Z. Zou; Z. Shi,2023,10.1109/tgrs.2023.3279663,https://doi.org/10.1109/tgrs.2023.3279663,ieee,3,artículo de revista,no,no satisface los terminos documentados del eje en titulo/resumen (posible desvio de la ejecucion real respecto del protocolo),,
C0293,Research on High-Fidelity Industrial Defect Sample Generation Method Based on Crop-Integrate Generative Adversarial Network,K. Chen; Y. Dou; Y. Zhang,2026,10.1109/icpege67691.2026.11451533,https://doi.org/10.1109/icpege67691.2026.11451533,ieee,3,congreso,no,cribado semantico (titulo+abstract): no aporta directamente a ninguno de los ejes en los que fue hallado,,
C0294,Research on Training Methods for Mixing Satellite Down-View Images with Augmented Images,Y. Gong; X. Xie; Z. Wang; D. Guo,2024,10.1109/icipca61593.2024.10709324,https://doi.org/10.1109/icipca61593.2024.10709324,ieee,3,congreso,no,cribado semantico (titulo+abstract): no aporta directamente a ninguno de los ejes en los que fue hallado,,
C0295,ResNet Fusion with GAN Augmentation: A Dual-Powered Model for Grape Leaf Diagnostics,S. R. C; N. P; M. J. Naidu; J. R; R. T,2025,10.1109/iceccc65144.2025.11063838,https://doi.org/10.1109/iceccc65144.2025.11063838,ieee,3,congreso,si,,,
C0296,Review of Using Various Deep Learning Techniques and Cycle-GANs with Transformer for Disease Detection and Classification in Plant Leaves,S. P. Dwivedi; S. Jain; P. Agrawal,2024,10.1109/icic3s61846.2024.10603311,https://doi.org/10.1109/icic3s61846.2024.10603311,ieee,3,congreso,si,,,
C0297,Reviving Legacy Seismic Data via Machine Learning Technique—Part 2: Estimating 3-D Seismic Volumes From 2-D Seismic Lines With VQ-VAE,J. -W. Lee; M. Je Lee; D. -J. Min; Y. Cho,2025,10.1109/tgrs.2025.3567596,https://doi.org/10.1109/tgrs.2025.3567596,ieee,3,artículo de revista,no,no satisface los terminos documentados del eje en titulo/resumen (posible desvio de la ejecucion real respecto del protocolo),,
C0298,Revolutionizing Precision Agriculture with GANBased Data Augmentation and Attention-Enhanced Convolutional Neural Networks (CNN-AM),D. Olaniyan; J. Olaniyan; O. P. Bernard; A. O. John; C. Umezuruike; E. B. Michael,2025,10.1109/ctus-emea68989.2025.11592199,https://doi.org/10.1109/ctus-emea68989.2025.11592199,ieee,3,congreso,si,,,
C0299,Robust Battery Data Augmentation Techniques for Reliable State-of-Charge Estimation using Contrastive Learning,V. Maiya; V. R. Urs; J. Channegowda; C. Lingaraj,2023,10.1109/conecct57959.2023.10234789,https://doi.org/10.1109/conecct57959.2023.10234789,ieee,3,congreso,no,no satisface los terminos documentados del eje en titulo/resumen (posible desvio de la ejecucion real respecto del protocolo),,
C0300,Robust EV Scheduling in Charging Stations Under Uncertain Demands and Deadlines,S. P. Sone; J. J. Lehtomäki; Z. Khan; K. Umebayashi; K. S. Kim,2024,10.1109/tits.2024.3466514,https://doi.org/10.1109/tits.2024.3466514,ieee,3,artículo de revista,no,no satisface los terminos documentados del eje en titulo/resumen (posible desvio de la ejecucion real respecto del protocolo),,
C0301,SAC-GAN: Structure-Aware Image Composition,H. Zhou; R. Ma; L. -X. Zhang; L. Gao; A. Mahdavi-Amiri; H. Zhang,2024,10.1109/tvcg.2022.3226689,https://doi.org/10.1109/tvcg.2022.3226689,ieee,3,artículo de revista,no,no satisface los terminos documentados del eje en titulo/resumen (posible desvio de la ejecucion real respecto del protocolo),,
C0302,Satellite Image Segmentation via Image Quality Enhancement and Modified Unet Architecture,A. Pathak; M. Kamani; R. Priyanka,2024,10.1109/incacct61598.2024.10551252,https://doi.org/10.1109/incacct61598.2024.10551252,ieee,3,congreso,no,cribado semantico (titulo+abstract): no aporta directamente a ninguno de los ejes en los que fue hallado,,
C0303,Segmentation of Diseased Regions in Pigeon Pea Leaves Using DeepLabV3+ with High-Order Pooling and Optimized Classification,A. Patil; Virupakshappa,2025,10.1109/apcit65661.2025.11411077,https://doi.org/10.1109/apcit65661.2025.11411077,ieee,3,congreso,si,,,
C0304,Self-Supervised Contrastive Learning for Radar-Based Human Activity Recognition,M. M. Rahman; S. Z. Gurbuz,2023,10.1109/radarconf2351548.2023.10149770,https://doi.org/10.1109/radarconf2351548.2023.10149770,ieee,3,congreso,no,no satisface los terminos documentados del eje en titulo/resumen (posible desvio de la ejecucion real respecto del protocolo),,
C0305,Semantic Segmentation Based on Temporal Features: Learning of Temporal–Spatial Information From Time-Series SAR Images for Paddy Rice Mapping,L. Yang; R. Huang; J. Huang; T. Lin; L. Wang; R. Mijiti; P. Wei; C. Tang; J. Shao; Q. Li; X. Du,2022,10.1109/tgrs.2021.3099522,https://doi.org/10.1109/tgrs.2021.3099522,ieee,3,artículo de revista,si,,,
C0306,Semi-Supervised Context-Aware Emotion Classification for Noisy Bangla Text Using Advanced Learning Strategies,A. A. Shafi; S. R. Suma,2025,10.1109/wiecon-ece69386.2025.11525915,https://doi.org/10.1109/wiecon-ece69386.2025.11525915,ieee,3,congreso,no,no satisface los terminos documentados del eje en titulo/resumen (posible desvio de la ejecucion real respecto del protocolo),,
C0307,Simulation-Based Data Augmentation for Apple Leaf Disease Using Statistical Moments and HSV Color Features,S. M. Moosavi; M. Gholipour; Y. Baleghi,2025,10.1109/iccke68588.2025.11273855,https://doi.org/10.1109/iccke68588.2025.11273855,ieee,3,congreso,si,,,
C0308,SITS-BERT ++: Enhancing Satellite Image Time Series Analysis with Novel Architectural and Methodological Innovations,G. S. Shravan; S. K. S; A. R. S; V. G. R; B. V; K. T. Rajamani; S. Srisailam,2024,10.1109/cict64037.2024.10899708,https://doi.org/10.1109/cict64037.2024.10899708,ieee,3,congreso,si,,,
C0309,SketchFashion: Image Translation from Fashion Sketch Based on GAN,J. Wang; R. Chen; Y. Shi; J. Gao,2022,10.1109/iceitsa57468.2022.00041,https://doi.org/10.1109/iceitsa57468.2022.00041,ieee,3,congreso,no,no satisface los terminos documentados del eje en titulo/resumen (posible desvio de la ejecucion real respecto del protocolo),,
C0310,Sleep Stage Classification Via Multi-View Based Self-Supervised Contrastive Learning of EEG,C. Zhao; W. Wu; H. Zhang; R. Zhang; X. Zheng; X. Kong,2024,10.1109/jbhi.2024.3432633,https://doi.org/10.1109/jbhi.2024.3432633,ieee,3,artículo de revista,no,no satisface los terminos documentados del eje en titulo/resumen (posible desvio de la ejecucion real respecto del protocolo),,
C0311,Soil Moisture Prediction Model Based on Variable Attention Data-Augmented Transformer,G. Yin; X. Huang; Y. Guo; Z. Ren; W. Ding,2025,10.1109/imcec66174.2025.11331787,https://doi.org/10.1109/imcec66174.2025.11331787,ieee,3,congreso,si,,,
C0312,Spatio-Temporal Consistency for Multivariate Time-Series Representation Learning,S. Lee; W. Kim; Y. Son,2024,10.1109/access.2024.3369679,https://doi.org/10.1109/access.2024.3369679,ieee,3,artículo de revista,no,no satisface los terminos documentados del eje en titulo/resumen (posible desvio de la ejecucion real respecto del protocolo),,
C0313,Style Feature Extraction Using Contrastive Conditioned Variational Autoencoders With Mutual Information Constraints,S. Yasutomi; T. Tanaka,2025,10.1109/tkde.2025.3543383,https://doi.org/10.1109/tkde.2025.3543383,ieee,3,artículo de revista,no,no satisface los terminos documentados del eje en titulo/resumen (posible desvio de la ejecucion real respecto del protocolo),,
C0314,Summary of Semantic Segmentation in Small Samples,Z. Yixin; C. Wenyu; Z. Yuting,2024,10.1109/iccwamtip64812.2024.10873735,https://doi.org/10.1109/iccwamtip64812.2024.10873735,ieee,3,congreso,no,no satisface los terminos documentados del eje en titulo/resumen (posible desvio de la ejecucion real respecto del protocolo),,
C0315,Super-Resolution Reconstruction of UAV Images with GANs: Achievements and Challenges,A. Rouhbakhshmeghrazi; B. Li; W. Iqbal; G. Alizadeh,2024,10.1109/iccsi62669.2024.10799467,https://doi.org/10.1109/iccsi62669.2024.10799467,ieee,3,congreso,no,no satisface los terminos documentados del eje en titulo/resumen (posible desvio de la ejecucion real respecto del protocolo),,
C0316,Supervisory Configuration of Deep Learning Networks for Plant Stress Detection and Synthetic Dataset Generation,J. Renán Velázquez-González; M. Pérez-Patricio; J. A. de Jesús Osuna-Coutiño; J. Luis Camas-Anzueto; A. Aguilar-González; N. A. Morales-Navarro; C. A. Hernández-Gutiérrez,2024,10.1109/access.2024.3509814,https://doi.org/10.1109/access.2024.3509814,ieee,3,artículo de revista,si,,,
C0317,Synthetic Agricultural Load Data Generation Using TimeGANs,Moaz Zia; Scott Frazier; Hamidreza Nazaripouya,2023,10.1109/naps58826.2023.10318596,https://doi.org/10.1109/naps58826.2023.10318596,scopus,3,congreso,si,,,
C0318,Synthetic Climate Data Generation Using Generative Adversarial Networks for Drought Modelling in Southern Africa,J. Katambo; L. Ribbe; V. Kongo,2025,10.1109/etncc66224.2025.11299720,https://doi.org/10.1109/etncc66224.2025.11299720,ieee,3,congreso,si,,,
C0319,Tea Disease Recognition Based on Image Segmentation and Data Augmentation,J. Li; C. Liao,2025,10.1109/access.2025.3534024,https://doi.org/10.1109/access.2025.3534024,ieee,3,artículo de revista,no,no satisface los terminos documentados del eje en titulo/resumen (posible desvio de la ejecucion real respecto del protocolo),,
C0320,Temporal Multiresolution Graph Learning,K. Yamada; Y. Tanaka,2021,10.1109/access.2021.3120994,https://doi.org/10.1109/access.2021.3120994,ieee,3,artículo de revista,no,no satisface los terminos documentados del eje en titulo/resumen (posible desvio de la ejecucion real respecto del protocolo),,
C0321,The Impact of Data Augmentation on Tactile-Based Object Classification Using Deep Learning Approach,P. Maus; J. Kim; O. Nocentini; M. Z. Bashir; F. Cavallo,2022,10.1109/jsen.2022.3175153,https://doi.org/10.1109/jsen.2022.3175153,ieee,3,artículo de revista,no,cribado semantico (titulo+abstract): no aporta directamente a ninguno de los ejes en los que fue hallado,,
C0322,The research on the recognition method of foreign fibers in cotton based on improved lightweight YOLOv8,W. Long; L. Cao,2025,10.1109/cisat66811.2025.11181941,https://doi.org/10.1109/cisat66811.2025.11181941,ieee,3,congreso,no,no satisface los terminos documentados del eje en titulo/resumen (posible desvio de la ejecucion real respecto del protocolo),,
C0323,Time-series Initialization and Conditioning for Video-agnostic Stabilization of Video Super-Resolution using Recurrent Networks,H. Mori; N. Ukita,2024,10.1109/ijcnn60899.2024.10651401,https://doi.org/10.1109/ijcnn60899.2024.10651401,ieee,3,congreso,no,no satisface los terminos documentados del eje en titulo/resumen (posible desvio de la ejecucion real respecto del protocolo),,
C0324,Time Series Mixup for Crop Segmentation in Domain Adaptation,B. Andrei; A. -A. Dinescu; S. -C. Cândea; C. Florea,2025,10.1109/migars67156.2025.11232009,https://doi.org/10.1109/migars67156.2025.11232009,ieee,3,congreso,si,,,
C0325,TimeDRL: Disentangled Representation Learning for Multivariate Time-Series,C. Chang; C. -T. Chan; W. -Y. Wang; W. -C. Peng; T. -F. Chen,2024,10.1109/icde60146.2024.00054,https://doi.org/10.1109/icde60146.2024.00054,ieee,3,congreso,no,no satisface los terminos documentados del eje en titulo/resumen (posible desvio de la ejecucion real respecto del protocolo),,
C0326,To Analyse Synthetic Pomegranate Disease Images Using Dual GAN-Diffusion Based Learning for Efficient Disease Detection,R. S. Magar; D. V. Patil; S. Sharma,2025,10.1109/punecon67554.2025.11379810,https://doi.org/10.1109/punecon67554.2025.11379810,ieee,3,congreso,si,,,
C0327,Tomato Leaf Disease Detection Using Conditional GAN-Augmented EfficientNet with Grad-CAM-Based Visual Explainability,K. Vaishnavi; P. P. Reddy; P. A. Sai; M. Ravula; M. A. Jabbar,2026,10.1109/ccge67142.2026.11581672,https://doi.org/10.1109/ccge67142.2026.11581672,ieee,3,congreso,si,,,
C0328,Tomato Leaf Disease Detection Using Conditional Generative Adversarial Network,N. G. S; M. Al-Farouni; P. Sakthivel; E. Suganya; Ambrayya,2024,10.1109/icdcot61034.2024.10515893,https://doi.org/10.1109/icdcot61034.2024.10515893,ieee,3,congreso,no,no satisface los terminos documentados del eje en titulo/resumen (posible desvio de la ejecucion real respecto del protocolo),,
C0329,Tomato Leaf Disease Identification and Growth Dataset Augmentation Based on UAE-GAN,X. Li; F. Li; X. Luo,2025,10.1109/icicip64458.2025.10898134,https://doi.org/10.1109/icicip64458.2025.10898134,ieee,3,congreso,si,,,
C0330,Tomato Leaves Disease Detection Using Gray Level Co-Occurrence Matrix (GLCM) and Image Processing Techniques,N. Arikaran; G. Prabu; A. Ejoumalai; A. Bhuvanesh; S. Kamalesh; R. Sathishkumar,2024,10.1109/icscan62807.2024.10894394,https://doi.org/10.1109/icscan62807.2024.10894394,ieee,3,congreso,si,,,
C0331,Towards Fine-grained Image Classification with Generative Adversarial Networks and Facial Landmark Detection,M. Darvish; M. Pouramini; H. Bahador,2022,10.1109/mvip53647.2022.9738759,https://doi.org/10.1109/mvip53647.2022.9738759,ieee,3,congreso,no,cribado semantico (titulo+abstract): no aporta directamente a ninguno de los ejes en los que fue hallado,,
C0332,Unified Model for Crop Optimization: Leveraging Deep Learning and XGBoost for Optimized Crop Management,S. Bonthu; V. Vinuthna; R. V. MahaLakshmi; J. Dasari; M. R. V V R; R. R. Kurada,2025,10.1109/iceccc65144.2025.11064279,https://doi.org/10.1109/iceccc65144.2025.11064279,ieee,3,congreso,no,no satisface los terminos documentados del eje en titulo/resumen (posible desvio de la ejecucion real respecto del protocolo),,
C0333,Using GEE to estimate soil moisture with data augmentation and SVR,,2020,,https://www.scopus.com/record/display.uri?eid=2-s2.0-85105829697&origin=inward,scopus,3,,si,,,
C0334,V-FARM: Virtualized Farming Analytics for Smart Decision-Making,H. Mahmoud; M. Bell; N. Anderson; E. Cutter; C. Edwards; A. Aneiba; U. Daraz; D. Mi,2025,10.1109/bigdatasecurity66063.2025.00034,https://doi.org/10.1109/bigdatasecurity66063.2025.00034,ieee,3,congreso,no,no satisface los terminos documentados del eje en titulo/resumen (posible desvio de la ejecucion real respecto del protocolo),,
C0335,Vehicle Driving Behavior Recognition Based on Multi-View Convolutional Neural Network With Joint Data Augmentation,Y. Zhang; J. Li; Y. Guo; C. Xu; J. Bao; Y. Song,2019,10.1109/tvt.2019.2903110,https://doi.org/10.1109/tvt.2019.2903110,ieee,3,artículo de revista,no,cribado semantico (titulo+abstract): no aporta directamente a ninguno de los ejes en los que fue hallado,,
C0336,Vision Transformer-Based Wheat Health Mapping Using Geospatial Data for Precision Agriculture,J. M. A; K. K; M. S,2026,10.1109/idciot67589.2026.11455797,https://doi.org/10.1109/idciot67589.2026.11455797,ieee,3,congreso,no,no satisface los terminos documentados del eje en titulo/resumen (posible desvio de la ejecucion real respecto del protocolo),,
C0337,VR Digital Twin-based Dynamic Dataset Synthesis for Learning Channel Disaster Detection Network,Y. Liu; Z. Yan; Y. Zhao; Y. Wang; Y. Dong; J. Zhang; Z. Li; S. Hu,2025,10.1109/icvr66534.2025.11172387,https://doi.org/10.1109/icvr66534.2025.11172387,ieee,3,congreso,si,,,
C0338,Wind Power Modeling based on Data Augmentation and Stacking Integrated Learning,W. Zha; Y. Jin; Z. Li; Y. Li,2022,10.23919/ccc55666.2022.9902347,https://doi.org/10.23919/ccc55666.2022.9902347,ieee,3,congreso,no,no satisface los terminos documentados del eje en titulo/resumen (posible desvio de la ejecucion real respecto del protocolo),,
C0339,XEAD-AgriSec: An Explainable Edge Anomaly Detection Framework for Cybersecurity in AI-Powered Agricultural IoT Systems,Y. Boukhal; S. -A. Dragusin; N. Bizon; M. N. Kabbaj; M. Benbrahim,2026,10.1109/access.2026.3729843,https://doi.org/10.1109/access.2026.3729843,ieee,3,artículo de revista,no,cribado semantico (titulo+abstract): no aporta directamente a ninguno de los ejes en los que fue hallado,,
C0340,YOLO8-GAN Fusion for Precision Weed Detection: A Novel Approach in Agriculture,C. Dhavale; T. Pawar; A. Singh; S. Pole; K. Sabat,2024,10.1109/icspcre62303.2024.10675088,https://doi.org/10.1109/icspcre62303.2024.10675088,ieee,3,congreso,si,,,
C0341,Zero-Shot Transfer Learning Framework for Plant Leaf Disease Classification,R. Satya Rajendra Singh; R. K. Sanodiya,2023,10.1109/access.2023.3343759,https://doi.org/10.1109/access.2023.3343759,ieee,3,artículo de revista,si,,,
C0342,A Hybrid of Interactive Learning and Predictive Modeling for Occupancy Estimation in Smart Buildings,Jiaxun Guo; Manar Amayri; Nizar Bouguila; Wentao Fan,2021,10.1109/tce.2021.3131943,https://doi.org/10.1109/tce.2021.3131943,scopus,4,artículo de revista,si,,,
C0343,A Review of Intelligent Perception Technologies and Their Applications in Agricultural AGVs for Agricultural 5.0,Junzhe Pan; Wenbo Wang,2026,10.3390/agronomy16141310,https://doi.org/10.3390/agronomy16141310,scopus,4,artículo de revista,no,no satisface los terminos documentados del eje en titulo/resumen (posible desvio de la ejecucion real respecto del protocolo),,
C0344,"Advancing Machine Learning-Based Streamflow Prediction Through Event Greedy Selection, Asymmetric Loss Function, and Rainfall Forecasting Uncertainty",Soheyla Tofighi; Faruk Gurbuz; Ricardo Mantilla; Shaoping Xiao,2025,10.3390/app152111656,https://doi.org/10.3390/app152111656,scopus,4,artículo de revista,si,,,
C0345,AgriField-Manipur: A human-in-the-loop knowledge-based expert system for farm-level decision support under data scarcity,Elangbam Bony Kumar Singh; Takhellambam Sonamani Singh,2026,10.1016/j.eswa.2026.132522,https://doi.org/10.1016/j.eswa.2026.132522,scopus,4,artículo de revista,si,,,
C0346,"AI-enabled predictive pipelines for early warning of agricultural pests, plant diseases, and drought",Md Nazirul Islam Sarker,2026,10.1016/j.atech.2026.101968,https://doi.org/10.1016/j.atech.2026.101968,scopus,4,artículo de revista,si,,,
C0347,AI-powered wearable sensors for health monitoring and clinical decision making,Shovito Barua Soumma; Abdullah Mamun; Hassan Ghasemzadeh,2025,10.1016/j.cobme.2025.100628,https://doi.org/10.1016/j.cobme.2025.100628,scopus,4,artículo de revista,no,cribado semantico (titulo+abstract): no aporta directamente a ninguno de los ejes en los que fue hallado,,
C0348,An intelligent data-driven framework for real-time crop health monitoring using knowledge distillation,Imen Boudali; Edris Hadj Khlil,2026,10.1016/j.iot.2026.102041,https://doi.org/10.1016/j.iot.2026.102041,scopus,4,artículo de revista,no,no satisface los terminos documentados del eje en titulo/resumen (posible desvio de la ejecucion real respecto del protocolo),,
C0349,An interactive web-based framework for scenario-driven dust storm simulation and mitigation analysis,Wenqiang Cui; Shehzad Afzal; Sohaib Ghani; Rama Krishna Karumuri; Ibrahim Hoteit,2026,10.1016/j.envsoft.2026.106983,https://doi.org/10.1016/j.envsoft.2026.106983,scopus,4,artículo de revista,no,no satisface los terminos documentados del eje en titulo/resumen (posible desvio de la ejecucion real respecto del protocolo),,
C0350,Anomaly Detection-Aided Active Learning,G. Nigmatulin; K. Pavlov,2023,10.1109/globecom54140.2023.10437856,https://doi.org/10.1109/globecom54140.2023.10437856,ieee,4,congreso,no,no satisface los terminos documentados del eje en titulo/resumen (posible desvio de la ejecucion real respecto del protocolo),,
C0351,Artificial intelligence in environmental monitoring: in-depth analysis,Emran Alotaibi; Nadia Nassif,2024,10.1007/s44163-024-00198-1,https://doi.org/10.1007/s44163-024-00198-1,scopus,4,artículo de revista,no,cribado semantico (titulo+abstract): no aporta directamente a ninguno de los ejes en los que fue hallado,,
C0352,Augmented intelligent distributed sensing system model for precision agriculture,Sergio Silva; Diogo Duarte; Antonio Valente; Salviano Soares; Justino Soares; Filipe Cabral Pinto,2021,10.1109/conftele50222.2021.9435498,https://doi.org/10.1109/conftele50222.2021.9435498,scopus,4,congreso,no,no satisface los terminos documentados del eje en titulo/resumen (posible desvio de la ejecucion real respecto del protocolo),,
C0353,Collaborative Human in the Loop Robotics Framework for Precision Agriculture and Crop Monitoring,Dr.R. Chithra; Dr.M. Raja,2025,10.71086/iajse/v12i4/iajse1287,https://doi.org/10.71086/iajse/v12i4/iajse1287,scopus,4,artículo de revista,si,,,
C0354,Cross-domain digital twin architecture for predictive maintenance via machine learning and Large Language Models,John Williams; Gerald Jones; Tom Berg; Luke Birt; Ashley Stowe; Xueping Li,2026,10.1016/j.cie.2026.111914,https://doi.org/10.1016/j.cie.2026.111914,scopus,4,artículo de revista,no,cribado semantico (titulo+abstract): no aporta directamente a ninguno de los ejes en los que fue hallado,,
C0355,Data Augmentation On-the-fly and Active Learning in Data Stream Classification,Kleanthis Malialis; Dimitris Papatheodoulou; Stylianos Filippou; Christos G. Panayiotou; Marios M. Polycarpou,2022,10.1109/ssci51031.2022.10022133,https://doi.org/10.1109/ssci51031.2022.10022133,scopus,4,congreso,si,,,
C0356,Deep learning-driven IoT solution for smart tomato farming,Akshit Saxena; Aayushi Agarwal; Bhavya Nagrath; Carmel Sanjana Jayavanth; Shamita Thulasidoss; S. Maheswari; P. Sasikumar,2025,10.1038/s41598-025-15615-3,https://doi.org/10.1038/s41598-025-15615-3,scopus,4,artículo de revista,no,no satisface los terminos documentados del eje en titulo/resumen (posible desvio de la ejecucion real respecto del protocolo),,
C0357,Dynamic characterization of explanations during human–machine collaboration in cyber-physical systems,Oscar Peña-Cáceres; Antoni Mestre; Manoli Albert; Vicente Pelechano; Miriam Gil,2026,10.1007/s00607-026-01617-0,https://doi.org/10.1007/s00607-026-01617-0,scopus,4,artículo de revista,no,no satisface los terminos documentados del eje en titulo/resumen (posible desvio de la ejecucion real respecto del protocolo),,
C0358,Exploring an occupant-involved closed-loop wearable sensing system and online tuning for individualized thermal preference,Yanxiao Feng; Julian Wang; Neda Ghaeili; Ying-Ling Jao; Esther Adhiambo Obonyo; Gregory Pavlak,2026,10.1016/j.enbenv.2025.02.001,https://doi.org/10.1016/j.enbenv.2025.02.001,scopus,4,artículo de revista,si,,,
C0359,Extended AI Architectures for Wearable-Driven and Remote Healthcare Systems,A. Mishra; U. Tiwari; V. Dhote; A. Malhotra; K. Adilakshmi; V. Roy,2026,10.1109/otcon69332.2026.11629839,https://doi.org/10.1109/otcon69332.2026.11629839,ieee,4,congreso,no,no satisface los terminos documentados del eje en titulo/resumen (posible desvio de la ejecucion real respecto del protocolo),,
C0360,From IoT to AIoT: Evolving Agricultural Systems Through Intelligent Connectivity in Low-Income Countries,Selain K. Kasereka; Alidor M. Mbayandjambe; Ibsen G. Bazie; Heriol F. Zeufack; Okurwoth V. Ocama; Esteve Hassan; Kyandoghere Kyamakya; Tasho Tashev,2026,10.3390/fi18020082,https://doi.org/10.3390/fi18020082,scopus,4,artículo de revista,no,no satisface los terminos documentados del eje en titulo/resumen (posible desvio de la ejecucion real respecto del protocolo),,
C0361,Generative AI-Powered Digital Twins in Aviation: A Framework for Intelligent Simulation and Decision Making,A. Dubey,2025,10.1109/isemv67326.2025.00034,https://doi.org/10.1109/isemv67326.2025.00034,ieee,4,congreso,no,cribado semantico (titulo+abstract): no aporta directamente a ninguno de los ejes en los que fue hallado,,
C0362,Human-Centered AI in Smart Farming: Toward Agriculture 5.0,Andreas Holzinger; Iztok Fister; Iztok Fister; Hans-Peter Kaul; Senthold Asseng,2024,10.1109/access.2024.3395532,https://doi.org/10.1109/access.2024.3395532,scopus,4,artículo de revista,si,,,
C0363,Human-in-the-Loop Hybrid Neuro-Symbolic AI Model for Reliable Data Engineering in High-Stakes Industrial Systems,M. Krishnan; A. R. Aitha; K. Amistapuram; B. P. Nandan; P. K. Kaulwar; J. Singireddy,2025,10.1109/gcwcn66157.2025.11448516,https://doi.org/10.1109/gcwcn66157.2025.11448516,ieee,4,congreso,si,,,
C0364,Human-In-The-Loop: Role in Cyber Physical Agricultural Systems,Maitreya Sreeram; Shimon Y. Nof,2021,10.15837/ijccc.2021.2.4166,https://doi.org/10.15837/ijccc.2021.2.4166,scopus,4,artículo de revista,si,,,
C0365,iMESc – an interactive machine learning app for environmental sciences,Danilo Cândido Vieira; Fabiana S. Paula; Luciana Erika Yaginuma; Gustavo Fonseca,2025,10.3389/fenvs.2025.1533292,https://doi.org/10.3389/fenvs.2025.1533292,scopus,4,artículo de revista,no,no satisface los terminos documentados del eje en titulo/resumen (posible desvio de la ejecucion real respecto del protocolo),,
C0366,"Integrated digital twins for agricultural machinery and robotics: A systematic review of architectures, quantified impacts, and deployment gaps",Navya Tejaswini Lokavarapu; Xin Sun,2026,10.1016/j.jafr.2026.103051,https://doi.org/10.1016/j.jafr.2026.103051,scopus,4,artículo de revista,no,no satisface los terminos documentados del eje en titulo/resumen (posible desvio de la ejecucion real respecto del protocolo),,
C0367,"Integrated Modeling Approaches for Agricultural Digital twins: the role of Process Based Models, Agent Based Models, Machine Learning, and Model Coupling",Sathyanarayan Rao; Seyed Hamid Ahmadi; Daniel Leitner; Murilo Vianna; Felix Maximilian Bauer; Sabine Julia Seidel; Andrea Schnepf,2026,10.1093/insilicoplants/diag002,https://doi.org/10.1093/insilicoplants/diag002,scopus,4,artículo de revista,si,,,
C0368,Learning to Assist Different Wearers in Multitasks: Efficient and Individualized Human-in-the-Loop Adaptation Framework for Lower-Limb Exoskeleton,Y. Chen; S. Miao; G. Chen; J. Ye; C. Fu; B. Liang; S. Song; X. Li,2024,10.1109/tro.2024.3468768,https://doi.org/10.1109/tro.2024.3468768,ieee,4,artículo de revista,si,,,
C0369,Livestock Monitoring Based on Microclimate and Behavior Tracking Sensors: A Systematic Review,Iuliana Marin; Diana-Alexandra Ciungan; Roxana Elena Vasiliu; Dănuţ-Nicolae Enea,2025,10.1109/access.2025.3625600,https://doi.org/10.1109/access.2025.3625600,scopus,4,artículo de revista,no,cribado semantico (titulo+abstract): no aporta directamente a ninguno de los ejes en los que fue hallado,,
C0370,Memory-Bounded A/RED: Scalable Active Detection of Rare Relevant Events in Indefinite Length Streams,R. Loveland; N. Clark; J. Gentile; C. Ritter,2026,10.1109/aixdke67294.2026.00017,https://doi.org/10.1109/aixdke67294.2026.00017,ieee,4,congreso,si,,,
C0371,MetaCortex Architecture: Cognitive Detection and Adaptation in Intelligent Control Systems,P. A. Panilov; T. Y. Tsibizova,2025,10.1109/uralcon67204.2025.11206657,https://doi.org/10.1109/uralcon67204.2025.11206657,ieee,4,congreso,no,cribado semantico (titulo+abstract): no aporta directamente a ninguno de los ejes en los que fue hallado,,
C0372,Online Unsupervised Anomaly Detection with Model Explainability and Human-in-the-Loop Feedback,A. Oacheşu; I. K. J. Lundh; K. S. Adewole; J. A. Persson; F. Karlsson,2026,10.1109/ficloud70576.2026.00013,https://doi.org/10.1109/ficloud70576.2026.00013,ieee,4,congreso,si,,,
C0373,Real-Time Automated Body Condition Scoring of Dairy Cows in a Commercial Rotary Milking Parlor Using RGB-D Two-Stream Deep Learning,Alexey Ruchay; Vladimir Kolpakov; Vitaly Ryazanov; Hao Guo; Andrea Pezzuolo,2026,10.1016/j.compag.2026.112252,https://doi.org/10.1016/j.compag.2026.112252,scopus,4,artículo de revista,no,no satisface los terminos documentados del eje en titulo/resumen (posible desvio de la ejecucion real respecto del protocolo),,
C0374,An IoT and sensor-based intelligent framework for data-driven precision agriculture and sustainable resource management,Shaik Salma Asiya Begum; Spandana Mande; Shaik Jameer; Duggineni Veeraiah; Md Amanatulla; Poluru Eswaraiah,2026,10.1016/j.fraope.2026.100726,https://doi.org/10.1016/j.fraope.2026.100726,scopus,4,artículo de revista,no,cribado semantico (titulo+abstract): no aporta directamente a ninguno de los ejes en los que fue hallado,,
C0375,SMART-IC: Smart Monitoring and Production Optimization for Zero-waste Semiconductor Manufacturing,K. S. Sidahmed Alamin; Y. Chen; S. Gaiardelli; S. Spellini; A. Calimera; A. Beghi; A. Susto; F. Fummi; E. Macii; S. Vinco,2022,10.1109/lats57337.2022.9937011,https://doi.org/10.1109/lats57337.2022.9937011,ieee,4,congreso,si,,,
C0376,Smooth Human–Robot Shared Control for Autonomous Orchard Monitoring With UGVs,Cheikh Melainine El Bou; Michele Focchi; Michael R. Chang; Marco Camurri; Karl D. von Ellenrieder,2025,10.1109/tase.2025.3554368,https://doi.org/10.1109/tase.2025.3554368,scopus,4,artículo de revista,no,no satisface los terminos documentados del eje en titulo/resumen (posible desvio de la ejecucion real respecto del protocolo),,
C0377,Special report: The AgAID AI institute for transforming workforce and decision support in agriculture,Ananth Kalyanaraman; Margaret Burnett; Alan Fern; Lav Khot; Joshua Viers,2022,10.1016/j.compag.2022.106944,https://doi.org/10.1016/j.compag.2022.106944,scopus,4,artículo de revista,no,no satisface los terminos documentados del eje en titulo/resumen (posible desvio de la ejecucion real respecto del protocolo),,
C0378,Towards digital twin-enabled greenhouse management: Enhancing climate resilience and sustainability through machine learning-driven controlled environmental agriculture,Efstathios Gerampinis; Fotini Kalafati; Nikolaos F. Matsatsinis; George Arampatzis,2026,10.1016/j.suscom.2026.101343,https://doi.org/10.1016/j.suscom.2026.101343,scopus,4,artículo de revista,no,cribado semantico (titulo+abstract): no aporta directamente a ninguno de los ejes en los que fue hallado,,
C0379,Irrigation Management using Machine Learning Regressors of Aggregated Soil Moisture Data,Keith Bellingham,2025,10.5194/egusphere-egu24-6626,https://doi.org/10.5194/egusphere-egu24-6626,crossref,1,preprint,si,,,
C0380,Remote sensing and machine learning models to assess and predict turfgrass performance and soil water stress under deficit irrigation for creeping bentgrass,Haoguang Yang; Devan Gladden; Stephanie Rossi; Bingru Huang,2026,10.1002/csc2.70265,https://doi.org/10.1002/csc2.70265,crossref,1,artículo de revista,si,,,
C0381,Model ensemble techniques of machine learning algorithms for soil moisture constants in the semi‐arid climate conditions,Pelin Alaboz,2024,10.1002/ird.3037,https://doi.org/10.1002/ird.3037,crossref,1,artículo de revista,si,,,
C0382,"Sustainable Water Management of Drip‐Irrigated Green Beans: Evaluation of Yield, Irrigation Water Productivity, Soil Moisture and Salinity Dynamics in the Soil by the SALTMED Model Under Organic Soil Mulching and Water Stress",Amal E. Awad; Mohamed E. Abuarab; R. E. Abdelraouf; Gomaa A. Bakeer; Mohamed Abdel‐Hady; Mohamed A. El‐Shawadfy,2025,10.1002/ird.70007,https://doi.org/10.1002/ird.70007,crossref,1,artículo de revista,si,,,
C0383,Use of a crop model and soil moisture sensors for estimating soil moisture and irrigation applications in a production soybean field,Blade Hodges; Mary Love Tagert; Joel O. Paz,2022,10.1007/s00271-022-00802-1,https://doi.org/10.1007/s00271-022-00802-1,crossref,1,artículo de revista,si,,,
C0384,"<scp>SWIB</scp>
                    —An Online Model to Estimate Daily Crop Water Stress, Irrigation Needs, and Soil Water Budget",Serban Danielescu,2022,10.1111/gwat.13278,https://doi.org/10.1111/gwat.13278,crossref,1,artículo de revista,si,,,
C0385,Irrigation and crop water requirement estimation for oil palms using soil moisture balance model in Peninsular Malaysia,,2020,10.37865/jafe.2020.0018,https://doi.org/10.37865/jafe.2020.0018,crossref,1,artículo de revista,si,,,
C0386,Water stress diagnosis in maize crop using enhanced extreme learning machine model for precision irrigation systems,Subeesh A.; Naveen Chauhan; Narendra Chandel; Yogesh Rajwade,2025,10.30765/er.2561,https://doi.org/10.30765/er.2561,crossref,1,artículo de revista,si,,,
C0387,Predictive Analytics using LoRAWAN Communication and Machine Learning for Real Time Soil Moisture Forecasting and Irrigation Optimization,Thamilselvi S S; Yashika S; Yogesh P,2026,10.1109/icears67481.2026.11416627,https://doi.org/10.1109/icears67481.2026.11416627,crossref,1,congreso,si,,,
C0388,Profiling Crop Water Stress Using Modular Neural Network Classifier for an IoT‐Enabled Crop Irrigation System,Jeyapandian Munisamy; Durga Karthik,2026,10.1002/9781394347070.ch2,https://doi.org/10.1002/9781394347070.ch2,crossref,1,capítulo de libro,si,,,
C0389,Towards Smart Irrigation in High-Density Apple Orchards: Dynamic Estimation of Water Requirements through Soil Moisture Sensing and Machine Learning,Mahdi Selahvarzi; Seyed Mohammadreza Naghedifar; Hossein Ansari; Ali  Naghi Ziaei; Zahra Heravi,2026,10.2139/ssrn.6234073,https://doi.org/10.2139/ssrn.6234073,crossref,1,preprint,si,,,
C0390,Using Soil Moisture Sensors for Automated Irrigation Scheduling in a Plum Crop,Sandra Millán; Jaume Casadesús; Carlos Campillo; María José Moñino; Maria Henar Prieto,2019,10.3390/w11102061,https://doi.org/10.3390/w11102061,crossref,1,artículo de revista,si,,,
C0391,A Predictive Model for Crop Irrigation Schedulling Using Machine Learning and IoT-Generated Environmental Data,Rizki Agam Syahputra; Dewi Andriani,2025,10.30871/jaic.v9i5.10193,https://doi.org/10.30871/jaic.v9i5.10193,crossref,1,artículo de revista,si,,,
C0392,Soil Moisture Anomaly Standardized Index (SMASI): A multi-sensor drought index from soil moisture anomalies,Nirajan Luintel; Maud Formanek; Emanuel Bueechi; Dávid Kovács; Wolfgang Preimesberger; Colin Moldenhauer; Wouter Dorigo,2026,10.5194/egusphere-egu26-22288,https://doi.org/10.5194/egusphere-egu26-22288,crossref,2,preprint,si,,,
C0393,Anomaly Detection for Sensor Manipulation in Matter Enabled-IoT Devices with Faulty Data Injection,Jahnvi Patel; Kapil Sharma,2025,10.1109/icpct64145.2025.10940262,https://doi.org/10.1109/icpct64145.2025.10940262,crossref,2,congreso,si,,,
C0394,Precision of Soil Moisture in Agriculture Land Using Wireless Sensor Networks,Dr.K. Karuppasamy; T.N. Prabhu; B. Mohankumar,2019,10.5373/jardcs/v11sp10/20192837,https://doi.org/10.5373/jardcs/v11sp10/20192837,crossref,2;3,artículo de revista,si,,,
C0395,Anomaly detection frameworks for outlier and pattern anomaly of time series in wireless sensor networks,Cong Gao; Yanping Chen; Zhongmin Wang; Hong Xia; Ning Lv,2020,10.1109/nana51271.2020.00046,https://doi.org/10.1109/nana51271.2020.00046,crossref,2,congreso,si,,,
C0396,Calibration and Validation of a Low-Cost Capacitive Moisture Sensor to Integrate the Automated Soil Moisture Monitoring System,Ekanayaka Achchillage Ayesha Dilrukshi Nagahage; Isura Sumeda Priyadarshana Nagahage; Takeshi Fujino,2019,10.3390/agriculture9070141,https://doi.org/10.3390/agriculture9070141,crossref,2;3,artículo de revista,no,cribado semantico (titulo+abstract): no aporta directamente a ninguno de los ejes en los que fue hallado,,
C0397,Use of Soil Moisture Sensor for Efficient Irrigation in Smart Agriculture,Subhas Adak,2025,10.9734/jeai/2025/v47i63511,https://doi.org/10.9734/jeai/2025/v47i63511,crossref,2;3,artículo de revista,no,cribado semantico (titulo+abstract): no aporta directamente a ninguno de los ejes en los que fue hallado,,
C0398,"Anomaly Detection of Outlier Features from Spatio-temporal Databases of Landsat-8 Sensor, using Cloud Computing Platform",C. Rajabhushanam,2021,10.9734/bpi/ctmcs/v2/3616d,https://doi.org/10.9734/bpi/ctmcs/v2/3616d,crossref,2,capítulo de libro,si,,,
C0399,Wireless soil moisture sensor networks for agriculture,Sanjaya Gurung; Siddharth Thakur; Breana Smithers; Miguel Acevedo,2020,10.1109/werc49736.2020.9146500,https://doi.org/10.1109/werc49736.2020.9146500,crossref,2;3,congreso,si,,,
C0400,Using a gamma-ray spectrometer for soil moisture monitoring: development of the the gamma Soil Moisture Sensor (gSMS),Steven van der Veeke; Ronald Koomans; Han Limburg,2020,10.1109/metroagrifor50201.2020.9277560,https://doi.org/10.1109/metroagrifor50201.2020.9277560,crossref,2;3,congreso,si,,,
C0401,Real-time soil moisture mapping using scalable RF sensor networks,Hongjun Yu; Erik Muller; Alex Mcbratney; Salah Sukkarieh,2025,10.1016/j.compag.2025.110979,https://doi.org/10.1016/j.compag.2025.110979,crossref,2;3,artículo de revista,si,,,
C0402,Tabular Diffusion Models for Soil Data Augmentation: Overcoming Data Scarcity and Privacy Constraints in Precision Agriculture,Gilberto Bojorquez Delgado; Jesús Bojorquez Delgado; Manuel Alfredo Flores Rosales,2026,10.2139/ssrn.6096828,https://doi.org/10.2139/ssrn.6096828,crossref,3,preprint,si,,,
C0403,Robust soil moisture content detection based on data augmentation under different testing conditions,YANG LI; CHENGHAO LIU; JING NIE; JINGBIN LI,2026,10.55730/1300-011x.3478,https://doi.org/10.55730/1300-011x.3478,crossref,3,artículo de revista,si,,,
C0404,Soil Compaction Prediction in Precision Agriculture Using Cultivator Shank Vibration and Soil Moisture Data,Shaghayegh Janbazialamdari; Daniel Flippo; Evan Ridder; Edwin Brokesh,2025,10.3390/agriculture15171896,https://doi.org/10.3390/agriculture15171896,crossref,3,artículo de revista,no,cribado semantico (titulo+abstract): no aporta directamente a ninguno de los ejes en los que fue hallado,,
C0405,Overcoming data scarcity: A transfer learning framework with fine-tuned neural networks and multi-sensor satellite image fusion for soil moisture estimation,Abhilash Singh; M. Niranjannaik; Kumar Gaurav,2025,10.1016/j.engappai.2025.111636,https://doi.org/10.1016/j.engappai.2025.111636,crossref,3,artículo de revista,si,,,
C0406,Validating Data Interpolation Empirical Orthogonal Functions (DINEOF+) Interpolated Soil Moisture Data in the Contiguous United States,Haipeng Zhao; Haoteng Zhao; Chen Zhang,2025,10.3390/agriculture15111212,https://doi.org/10.3390/agriculture15111212,crossref,3,artículo de revista,si,,,
C0407,Smart Water Management: Addressing California's Water Scarcity through a Soil Moisture Detection Based Irrigation System,Simran Karkhanis,2024,10.36227/techrxiv.170792699.98751933/v1,https://doi.org/10.36227/techrxiv.170792699.98751933/v1,crossref,3,preprint,no,cribado semantico (titulo+abstract): no aporta directamente a ninguno de los ejes en los que fue hallado,,
C0408,"Sensor-Driven Precision Agriculture: Yield Estimation Using Soil Moisture, pH and Temperature Data",Govindaraj M; V. Asha; Nikitha P; Poorvi R; Prajwal B,2026,10.1109/iciccs67901.2026.11502948,https://doi.org/10.1109/iciccs67901.2026.11502948,crossref,3,congreso,si,,,
C0409,Generative AI for Synthetic Data Creation: Solving Data Scarcity in Machine Learning,Hardial Singh,2025,10.2139/ssrn.5267914,https://doi.org/10.2139/ssrn.5267914,crossref,3,preprint,si,,,
C0410,Soliciting Human-in-the-Loop User Feedback for Interactive Machine Learning Reduces User Trust and Impressions of Model Accuracy,Donald Honeycutt; Mahsan Nourani; Eric Ragan,2020,10.1609/hcomp.v8i1.7464,https://doi.org/10.1609/hcomp.v8i1.7464,crossref,4,artículo de revista,si,,,
C0411,Human in the Loop: Accelerating Pharmaceutical SLS 3D Printing Through Active Machine Learning,Stephanie Cheung; Moe Elbadawi; Atheer Awad; Youssef Abdalla; Simon Gaisford; Abdul Basit,2023,10.2139/ssrn.4570617,https://doi.org/10.2139/ssrn.4570617,crossref,4,preprint,si,,,
C0412,Machine Learning Applications for Precision Agriculture: A Comprehensive Review,Abhinav Sharma; Arpit Jain; Prateek Gupta; Vinay Chowdary,2020,10.1109/access.2020.3048415,https://doi.org/10.1109/access.2020.3048415,openalex,1,artículo de revista,si,,,
C0413,Machine Learning in Agriculture: A Comprehensive Updated Review,Lefteris Benos; Aristotelis C. Tagarakis; Georgios Dolias; Remigio Berruto; Dimitrios Katerıs; Dionysis Bochtis,2021,10.3390/s21113758,https://doi.org/10.3390/s21113758,openalex,1,artículo de revista,si,,,
C0414,Global critical soil moisture thresholds of plant water stress,Zheng Fu; Philippe Ciais; Jean‐Pierre Wigneron; Pierre Gentine; Andrew F. Feldman; David Makowski; Nicolas Viovy; Armen R. Kemanian; Daniel S. Goll; Paul C. Stoy; I. Colin Prentice; Dan Yakir; Liyang Liu; Hongliang Ma; Xiaojun Li; Yuanyuan Huang; Kailiang Yu; Peng Zhu; Xing Li; Zaichun Zhu; Jinghui Lian; William K. Smith,2024,10.1038/s41467-024-49244-7,https://doi.org/10.1038/s41467-024-49244-7,openalex,1,artículo de revista,si,,,
C0415,Precision Irrigation Management Using Machine Learning and Digital Farming Solutions,Abiodun Emmanuel Abioye; Oliver Hensel; Travis J. Esau; Olakunle Elijah; Mohamad Shukri Zainal Abidin; Ajibade Sylvester Ayobami; Omosun Yerima; Abozar Nasirahmadi,2022,10.3390/agriengineering4010006,https://doi.org/10.3390/agriengineering4010006,openalex,1,artículo de revista,si,,,
C0416,Precision agriculture using IoT data analytics and machine learning,Ravesa Akhter; Shabir Ahmad Sofi,2021,10.1016/j.jksuci.2021.05.013,https://doi.org/10.1016/j.jksuci.2021.05.013,openalex,1,artículo de revista,si,,,
C0417,Evaluation of artificial intelligence algorithms with sensor data assimilation in estimating crop evapotranspiration and crop water stress index for irrigation water management,Abia Katimbo; Daran R. Rudnick; Jingwen Zhang; Yufeng Ge; Kendall C. DeJonge; Trenton E. Franz; Yeyin Shi; Wei-zhen Liang; Xin Qiao; Derek M. Heeren; Isa Kabenge; Hope Njuki Nakabuye; Jiaming Duan,2023,10.1016/j.atech.2023.100176,https://doi.org/10.1016/j.atech.2023.100176,openalex,1,artículo de revista,si,,,
C0418,Soil Moisture Measuring Techniques and Factors Affecting the Moisture Dynamics: A Comprehensive Review,Muhammad Waseem Rasheed; Jialiang Tang; Abid Sarwar; Suraj Shah; Naeem Saddique; Muhammad Usman Khan; Muhammad Imran Khan; Shah Nawaz; Redmond R. Shamshiri; Marjan Aziz; Muhammad Sultan,2022,10.3390/su141811538,https://doi.org/10.3390/su141811538,openalex,1,artículo de revista,si,,,
C0419,Root zone soil moisture estimation with Random Forest,Coleen Carranza; Corjan Nolet; Michiel Pezij; Martine van der Ploeg,2020,10.1016/j.jhydrol.2020.125840,https://doi.org/10.1016/j.jhydrol.2020.125840,openalex,1,artículo de revista,si,,,
C0420,Crop Yield Prediction Using Machine Learning Models: Case of Irish Potato and Maize,Martin Kuradusenge; Eric Hitimana; Damien Hanyurwimfura; Placide Rukundo; Kambombo Mtonga; Angelique Mukasine; Claudette Uwitonze; Jackson Ngabonziza; Angelique Uwamahoro,2023,10.3390/agriculture13010225,https://doi.org/10.3390/agriculture13010225,openalex,1,artículo de revista,no,cribado semantico (titulo+abstract): no aporta directamente a ninguno de los ejes en los que fue hallado,,
C0421,A Comprehensive Review of Crop Yield Prediction Using Machine Learning Approaches With Special Emphasis on Palm Oil Yield Prediction,Mamunur Rashid; Bifta Sama Bari; Yusri Yusup; Mohamad Anuar Kamaruddin; Nuzhat Khan,2021,10.1109/access.2021.3075159,https://doi.org/10.1109/access.2021.3075159,openalex,1,artículo de revista,no,cribado semantico (titulo+abstract): no aporta directamente a ninguno de los ejes en los que fue hallado,,
C0422,"Predicting spatial and temporal variability in crop yields: an inter-comparison of machine learning, regression and process-based models",Guoyong Leng; Jim W. Hall,2020,10.1088/1748-9326/ab7b24,https://doi.org/10.1088/1748-9326/ab7b24,openalex,1,artículo de revista,no,cribado semantico (titulo+abstract): no aporta directamente a ninguno de los ejes en los que fue hallado,,
C0423,Current Status and Prospects of Research on Sensor Fault Diagnosis of Agricultural Internet of Things,Xiuguo Zou; Wenchao Liu; Zhiqiang Huo; Sunyuan Wang; Zhilong Chen; Chengrui Xin; Yungang Bai; Zhenyu Liang; Yan Gong; Yan Qian; Lei Shu,2023,10.3390/s23052528,https://doi.org/10.3390/s23052528,openalex,2,artículo de revista,si,,,
C0424,Digital Transformation in Smart Farm and Forest Operations Needs Human-Centered AI: Challenges and Future Directions,Andreas Holzinger; Anna Saranti; Alessa Angerschmid; Carl Orge Retzlaff; Andreas Gronauer; Vladimir Pejaković; Francisco Medel-Jiménez; Theresa Krexner; Christoph Gollob; Karl Stampfer,2022,10.3390/s22083043,https://doi.org/10.3390/s22083043,openalex,2,artículo de revista,si,,,
C0425,"Precision Farming with Smart Sensors: Current State, Challenges and Future Outlook",Bonface O. Manono; Boniface Mwami; Sylvester Mutavi; Faith Mwende Nzilu,2026,10.3390/s26030882,https://doi.org/10.3390/s26030882,openalex,2,artículo de revista,si,,,
C0426,Internet of Things-Based Automated Solutions Utilizing Machine Learning for Smart and Real-Time Irrigation Management: A Review,Bryan Nsoh; Abia Katimbo; Hongzhi Guo; Derek M. Heeren; Hope Njuki Nakabuye; Xin Qiao; Yufeng Ge; Daran R. Rudnick; Joshua Wanyama; Erion Bwambale; Shafik Kiraga,2024,10.3390/s24237480,https://doi.org/10.3390/s24237480,openalex,2,artículo de revista,no,cribado semantico (titulo+abstract): no aporta directamente a ninguno de los ejes en los que fue hallado,,
C0427,Analyzing Particularities of Sensor Datasets for Supporting Data Understanding and Preparation,F. Javier Nieto; Unai Aguilera; Diego López–de–Ipiña,2021,10.3390/s21186063,https://doi.org/10.3390/s21186063,openalex,2,artículo de revista,si,,,
C0428,Predictive crop protection using machine learning: A scalable framework for U.S. Agriculture,Oluwabukola Emi-Johnson; Oluwafunmibi Fasanya; Ayodele Adeniyi,2024,10.30574/ijsra.2024.12.2.1536,https://doi.org/10.30574/ijsra.2024.12.2.1536,openalex,2,artículo de revista,no,cribado semantico (titulo+abstract): no aporta directamente a ninguno de los ejes en los que fue hallado,,
C0429,Cyber-physical system integration for autonomous decision-making in sensor-rich indoor cultivation environments,Adeoluwa Abraham Olasehinde; Anthony Osi Blessing; Joy Chizorba Obodozie; Somadina Obiora Chukwuemeka,2023,10.30574/wjarr.2023.20.2.2160,https://doi.org/10.30574/wjarr.2023.20.2.2160,openalex,2;4,artículo de revista,no,cribado semantico (titulo+abstract): no aporta directamente a ninguno de los ejes en los que fue hallado,,
C0430,A review of graph-powered data quality applications for IoT monitoring sensor networks,Pau Ferrer-Cid; José M. Barceló-Ordinas; Jorge Garcı́a-Vidal,2025,10.1016/j.jnca.2025.104116,https://doi.org/10.1016/j.jnca.2025.104116,openalex,2,artículo de revista,si,,,
C0431,A Status Quo of Machine Learning Algorithms in Smart Agricultural Systems Employing IoT‐Based WSN,Abhishek Bhola; Suraj Srivastava; Ajit Noonia; Bhisham Sharma; Sushil Kumar Narang,2023,10.1002/9781119865513.ch8,https://doi.org/10.1002/9781119865513.ch8,openalex,2,capítulo de libro,si,,,
C0432,Cyberthreats and Security Measures in Drone-Assisted Agriculture,Kyriaki A. Tychola; Konstantinos Rantos,2025,10.3390/electronics14010149,https://doi.org/10.3390/electronics14010149,openalex,2,artículo de revista,no,cribado semantico (titulo+abstract): no aporta directamente a ninguno de los ejes en los que fue hallado,,
C0433,A high‐performance IoT solution to reduce frost damages in stone fruits,Miguel A. Guillén‐Navarro; Raquel Martínez‐España; Belén López Ayuso; José M. Cecilia,2019,10.1002/cpe.5299,https://doi.org/10.1002/cpe.5299,openalex,2,artículo de revista,si,,,
C0434,Implementation of artificial intelligence in agriculture for optimisation of irrigation and application of pesticides and herbicides,Tanha Talaviya; Dhara Shah; Nivedita Patel; Hiteshri Yagnik; Manan Shah,2020,10.1016/j.aiia.2020.04.002,https://doi.org/10.1016/j.aiia.2020.04.002,openalex,3,artículo de revista,no,cribado semantico (titulo+abstract): no aporta directamente a ninguno de los ejes en los que fue hallado,,
C0435,"Revolutionizing agriculture with artificial intelligence: plant disease detection methods, applications, and their limitations",Abbas Jafar; Nabila Bibi; Rizwan Ali Naqvi; Abolghasem Sadeghi‐Niaraki; Daesik Jeong,2024,10.3389/fpls.2024.1356260,https://doi.org/10.3389/fpls.2024.1356260,openalex,3,artículo de revista,si,,,
C0436,Deep Learning-Based Framework for Soil Moisture Content Retrieval of Bare Soil from Satellite Data,Mohammed Dabboor; Ghada Atteia; Souham Meshoul; Walaa Alayed,2023,10.3390/rs15071916,https://doi.org/10.3390/rs15071916,openalex,3,artículo de revista,si,,,
C0437,"A comprehensive review of remote sensing platforms, sensors, and applications in nut crops",Hamid Jafarbiglu; Alireza Pourreza,2022,10.1016/j.compag.2022.106844,https://doi.org/10.1016/j.compag.2022.106844,openalex,3,artículo de revista,no,cribado semantico (titulo+abstract): no aporta directamente a ninguno de los ejes en los que fue hallado,,
C0438,Data Augmentation Techniques for Machine Learning Applied to Optical Spectroscopy Datasets in Agrifood Applications: A Comprehensive Review,Ander Gracia Moisés; Ignacio Vitoria; J. J. Imas; Carlos R. Zamarreño,2023,10.3390/s23208562,https://doi.org/10.3390/s23208562,openalex,3,artículo de revista,si,,,
C0439,"Ag-IoT for crop and environment monitoring: Past, present, and future",Nipuna Chamara; Md. Didarul Islam; Geng Bai; Yeyin Shi; Yufeng Ge,2022,10.1016/j.agsy.2022.103497,https://doi.org/10.1016/j.agsy.2022.103497,openalex,3,artículo de revista,no,cribado semantico (titulo+abstract): no aporta directamente a ninguno de los ejes en los que fue hallado,,
C0440,"Predicting wetland soil properties using machine learning, geophysics, and soil measurement data",Dejene Legesse Driba; Efemena D. Emmanuel; Kennedy O. Doro,2024,10.1007/s11368-024-03801-1,https://doi.org/10.1007/s11368-024-03801-1,openalex,3,artículo de revista,si,,,
C0441,A Review of the Challenges of Using Deep Learning Algorithms to Support Decision-Making in Agricultural Activities,Khadijeh Alibabaei; Pedro Dinis Gaspar; Tânia M. Lima; Rebeca M. Campos; Inês Girão; Jorge B. Monteiro; Carlos M. Lopes,2022,10.3390/rs14030638,https://doi.org/10.3390/rs14030638,openalex,3,artículo de revista,si,,,
C0442,A Decision Support System for Urban Agriculture Using Digital Twin: A Case Study With Aquaponics,Adam Ghandar; Ayyaz Ahmed; Shahid Zulfiqar; Zhengchang Hua; Masatoshi Hanai; Georgios Theodoropoulos,2021,10.1109/access.2021.3061722,https://doi.org/10.1109/access.2021.3061722,openalex,4,artículo de revista,si,,,
C0443,Trends of Soil and Solution Nutrient Sensing for Open Field and Hydroponic Cultivation in Facilitated Smart Agriculture,Md Nasim Reza; Kyu‐Ho Lee; Md Rejaul Karim; Md Asrakul Haque; Emmanuel Bicamumakuba; Pabel Kanti Dey; Young Yoon Jang; Sun‐Ok Chung,2025,10.3390/s25020453,https://doi.org/10.3390/s25020453,openalex,4,artículo de revista,no,cribado semantico (titulo+abstract): no aporta directamente a ninguno de los ejes en los que fue hallado,,
C0444,Review—Machine Learning-Driven Advances in Electrochemical Sensing: A Horizon Scan,K. Bala Murugan; K. Gopalakrishnan; Sakthivel Kogularasu; Subramanian Sakthinathan; I-Cheng Li; Yen‐Yi Lee; Te‐Wei Chiu; Guo‐Ping Chang‐Chien,2024,10.1149/1945-7111/ad6b4a,https://doi.org/10.1149/1945-7111/ad6b4a,openalex,4,artículo de revista,no,cribado semantico (titulo+abstract): no aporta directamente a ninguno de los ejes en los que fue hallado,,
C0445,A Review and Comparative Analysis of Solar Tracking Systems,Reza Sadeghi; Mattia Parenti; Samuele Memme; Marco Fossa; Stefano Morchio,2025,10.3390/en18102553,https://doi.org/10.3390/en18102553,openalex,4,artículo de revista,no,cribado semantico (titulo+abstract): no aporta directamente a ninguno de los ejes en los que fue hallado,,
C0446,From point sensing to intelligent systems: a comprehensive review on advanced sensor technologies for soil health monitoring,Umalaxmi Thingujam; D. M. Mary Synthia Regis Prabha; Animesh Ghosh Bag; Victor Thingujam; N. P. Darshan; Suman Dutta; Subrata Gorain,2025,10.1007/s44397-025-00028-8,https://doi.org/10.1007/s44397-025-00028-8,openalex,4,artículo de revista,no,cribado semantico (titulo+abstract): no aporta directamente a ninguno de los ejes en los que fue hallado,,
C0447,Detecting Water Stress in Winter Wheat Based on Multifeature Fusion from UAV Remote Sensing and Stacking Ensemble Learning Method,He Zhao; Jingjing Wang; Jiali Guo; Xin Hui; Yunling Wang; Dongyu Cai; Haijun Yan,2024,10.3390/rs16214100,https://doi.org/10.3390/rs16214100,doaj,1,artículo de revista,si,,,
C0448,Estimating stomatal conductance of citrus orchard based on UAV multi-modal information in Southwest China,Quanshan Liu; Zongjun Wu; Ningbo Cui; Shunsheng Zheng; Shouzheng Jiang; Zhihui Wang; Daozhi Gong; Yaosheng Wang; Lu Zhao; Renjuan Wei,2025,10.1016/j.agwat.2024.109253,https://doi.org/10.1016/j.agwat.2024.109253,doaj,1,artículo de revista,si,,,
C0449,Predicting plant stress using SAM-L: novel self-adaptive-meta learner with XAI based on soil moisture and chlorophyll analysis,Tawfeeq Alsanoosy; Javaid Ahmad Malik,2025,10.1038/s41598-025-26184-w,https://doi.org/10.1038/s41598-025-26184-w,doaj,1,artículo de revista,si,,,
C0450,Water status diagnosis in greenhouse drip-irrigated tomato and celery using leaf turgor dynamics and machine learning,Quanyue Xu; Quanyue Xu; Ruixia Chen; Ruixia Chen; Xufeng Li; Xufeng Li; Hongxiang Wu; Hongxiang Wu; Juanjuan Ma; Juanjuan Ma; Lijian Zheng; Lijian Zheng,2026,10.3389/fpls.2025.1743809,https://doi.org/10.3389/fpls.2025.1743809,doaj,1,artículo de revista,si,,,
